datetime,wse,wse_u,estacion_id,target_name,continent,country,type,longitude,latitude
2018-12-16 14:23:45,111.031,0.048,17630,"Orinoco, River",South America,Venezuela,River,-65.5217,3.1276
2019-01-12 14:23:47,110.419,0.006,17630,"Orinoco, River",South America,Venezuela,River,-65.5217,3.1276
2019-02-08 14:23:47,110.673,0.002,17630,"Orinoco, River",South America,Venezuela,River,-65.5217,3.1276
2019-03-07 14:23:51,109.957,0.003,17630,"Orinoco, River",South America,Venezuela,River,-65.5217,3.1276
2019-04-03 14:23:54,110.171,0.015,17630,"Orinoco, River",South America,Venezuela,River,-65.5217,3.1276
2019-04-30 14:23:53,111.446,0.004,17630,"Orinoco, River",South America,Venezuela,River,-65.5217,3.1276
2019-05-27 14:23:49,113.936,0.001,17630,"Orinoco, River",South America,Venezuela,River,-65.5217,3.1276
2019-06-23 14:23:46,113.901,0.002,17630,"Orinoco, River",South America,Venezuela,River,-65.5217,3.1276
2019-07-20 14:23:49,113.67,0.001,17630,"Orinoco, River",South America,Venezuela,River,-65.5217,3.1276
2019-08-16 14:23:49,114.028,0.001,17630,"Orinoco, River",South America,Venezuela,River,-65.5217,3.1276
2019-09-12 14:23:49,112.843,0.0,17630,"Orinoco, River",South America,Venezuela,River,-65.5217,3.1276
2019-10-09 14:23:46,111.972,0.002,17630,"Orinoco, River",South America,Venezuela,River,-65.5217,3.1276
2019-11-05 14:23:48,111.836,0.01,17630,"Orinoco, River",South America,Venezuela,River,-65.5217,3.1276
2019-12-02 14:23:50,111.4,0.002,17630,"Orinoco, River",South America,Venezuela,River,-65.5217,3.1276
2019-12-29 14:23:49,111.602,0.002,17630,"Orinoco, River",South America,Venezuela,River,-65.5217,3.1276
2020-01-25 14:23:47,110.592,0.004,17630,"Orinoco, River",South America,Venezuela,River,-65.5217,3.1276
2020-02-21 14:23:48,110.233,0.006,17630,"Orinoco, River",South America,Venezuela,River,-65.5217,3.1276
2020-03-19 14:23:50,110.339,0.003,17630,"Orinoco, River",South America,Venezuela,River,-65.5217,3.1276
2020-04-15 14:23:51,110.651,0.002,17630,"Orinoco, River",South America,Venezuela,River,-65.5217,3.1276
2020-05-12 14:23:55,112.178,0.002,17630,"Orinoco, River",South America,Venezuela,River,-65.5217,3.1276
2020-06-08 14:23:58,112.982,0.005,17630,"Orinoco, River",South America,Venezuela,River,-65.5217,3.1276
2020-07-05 14:24:00,114.376,0.016,17630,"Orinoco, River",South America,Venezuela,River,-65.5217,3.1276
2020-08-01 14:24:00,113.832,0.003,17630,"Orinoco, River",South America,Venezuela,River,-65.5217,3.1276
2020-08-28 14:24:00,113.271,0.007,17630,"Orinoco, River",South America,Venezuela,River,-65.5217,3.1276
2020-09-24 14:23:58,112.754,0.005,17630,"Orinoco, River",South America,Venezuela,River,-65.5217,3.1276
2020-10-21 14:23:59,111.681,0.003,17630,"Orinoco, River",South America,Venezuela,River,-65.5217,3.1276
2020-11-17 14:24:02,112.521,0.009,17630,"Orinoco, River",South America,Venezuela,River,-65.5217,3.1276
2020-12-14 14:24:00,112.152,0.004,17630,"Orinoco, River",South America,Venezuela,River,-65.5217,3.1276
2021-01-10 14:24:01,112.605,0.006,17630,"Orinoco, River",South America,Venezuela,River,-65.5217,3.1276
2021-02-06 14:23:57,111.368,0.001,17630,"Orinoco, River",South America,Venezuela,River,-65.5217,3.1276
2021-03-05 14:24:00,110.734,0.003,17630,"Orinoco, River",South America,Venezuela,River,-65.5217,3.1276
2021-04-01 14:23:59,111.928,0.006,17630,"Orinoco, River",South America,Venezuela,River,-65.5217,3.1276
2021-04-28 14:24:01,112.296,0.001,17630,"Orinoco, River",South America,Venezuela,River,-65.5217,3.1276
2021-05-25 14:24:04,113.842,0.003,17630,"Orinoco, River",South America,Venezuela,River,-65.5217,3.1276
2021-06-21 14:24:09,115.12,0.002,17630,"Orinoco, River",South America,Venezuela,River,-65.5217,3.1276
2021-07-18 14:24:10,114.777,0.001,17630,"Orinoco, River",South America,Venezuela,River,-65.5217,3.1276
2021-08-14 14:24:12,114.918,0.001,17630,"Orinoco, River",South America,Venezuela,River,-65.5217,3.1276
2021-09-10 14:24:11,114.138,0.002,17630,"Orinoco, River",South America,Venezuela,River,-65.5217,3.1276
2021-10-07 14:24:07,112.982,0.021,17630,"Orinoco, River",South America,Venezuela,River,-65.5217,3.1276
2021-11-03 14:24:07,113.668,0.005,17630,"Orinoco, River",South America,Venezuela,River,-65.5217,3.1276
2021-11-30 14:24:07,112.632,0.003,17630,"Orinoco, River",South America,Venezuela,River,-65.5217,3.1276
2021-12-27 14:24:08,112.952,0.011,17630,"Orinoco, River",South America,Venezuela,River,-65.5217,3.1276
2022-01-23 14:24:04,111.474,0.009,17630,"Orinoco, River",South America,Venezuela,River,-65.5217,3.1276
2022-02-19 14:24:06,111.292,0.0,17630,"Orinoco, River",South America,Venezuela,River,-65.5217,3.1276
2022-03-18 14:24:06,113.002,0.008,17630,"Orinoco, River",South America,Venezuela,River,-65.5217,3.1276
2022-04-14 14:24:08,112.679,0.008,17630,"Orinoco, River",South America,Venezuela,River,-65.5217,3.1276
2022-05-11 14:24:13,113.937,0.006,17630,"Orinoco, River",South America,Venezuela,River,-65.5217,3.1276
2022-06-07 14:24:17,115.118,0.003,17630,"Orinoco, River",South America,Venezuela,River,-65.5217,3.1276
2022-07-04 14:24:18,115.39,0.003,17630,"Orinoco, River",South America,Venezuela,River,-65.5217,3.1276
2022-07-31 14:24:20,115.048,0.005,17630,"Orinoco, River",South America,Venezuela,River,-65.5217,3.1276
2022-08-27 14:24:20,113.57,0.007,17630,"Orinoco, River",South America,Venezuela,River,-65.5217,3.1276
2022-09-23 14:24:17,113.205,0.002,17630,"Orinoco, River",South America,Venezuela,River,-65.5217,3.1276
2022-10-20 14:24:17,112.869,0.005,17630,"Orinoco, River",South America,Venezuela,River,-65.5217,3.1276
2022-11-16 14:24:20,113.231,0.002,17630,"Orinoco, River",South America,Venezuela,River,-65.5217,3.1276
2022-12-13 14:24:20,113.243,0.002,17630,"Orinoco, River",South America,Venezuela,River,-65.5217,3.1276
2023-01-09 14:24:17,112.507,0.016,17630,"Orinoco, River",South America,Venezuela,River,-65.5217,3.1276
2023-02-05 14:24:19,111.342,0.002,17630,"Orinoco, River",South America,Venezuela,River,-65.5217,3.1276
2023-03-04 14:24:19,111.787,0.0,17630,"Orinoco, River",South America,Venezuela,River,-65.5217,3.1276
2023-03-31 14:24:18,111.642,0.003,17630,"Orinoco, River",South America,Venezuela,River,-65.5217,3.1276
2023-04-27 14:24:21,112.362,0.005,17630,"Orinoco, River",South America,Venezuela,River,-65.5217,3.1276
2023-05-24 14:24:25,113.834,0.002,17630,"Orinoco, River",South America,Venezuela,River,-65.5217,3.1276
2023-06-20 14:24:27,113.649,0.004,17630,"Orinoco, River",South America,Venezuela,River,-65.5217,3.1276
2023-07-17 14:24:29,114.084,0.001,17630,"Orinoco, River",South America,Venezuela,River,-65.5217,3.1276
2023-08-13 14:24:30,113.164,0.011,17630,"Orinoco, River",South America,Venezuela,River,-65.5217,3.1276
2023-09-09 14:24:27,111.519,0.005,17630,"Orinoco, River",South America,Venezuela,River,-65.5217,3.1276
2023-10-06 14:24:28,111.067,0.005,17630,"Orinoco, River",South America,Venezuela,River,-65.5217,3.1276
2023-11-02 14:24:31,110.821,0.001,17630,"Orinoco, River",South America,Venezuela,River,-65.5217,3.1276
2023-11-29 14:24:31,111.366,0.001,17630,"Orinoco, River",South America,Venezuela,River,-65.5217,3.1276
2023-12-26 14:24:29,110.744,0.011,17630,"Orinoco, River",South America,Venezuela,River,-65.5217,3.1276
2024-01-22 14:24:26,110.599,0.006,17630,"Orinoco, River",South America,Venezuela,River,-65.5217,3.1276
2024-02-18 14:24:30,109.914,0.001,17630,"Orinoco, River",South America,Venezuela,River,-65.5217,3.1276
2024-03-16 14:24:29,109.841,0.008,17630,"Orinoco, River",South America,Venezuela,River,-65.5217,3.1276
2024-04-12 14:24:31,110.639,0.008,17630,"Orinoco, River",South America,Venezuela,River,-65.5217,3.1276
2024-05-09 14:24:37,111.781,0.008,17630,"Orinoco, River",South America,Venezuela,River,-65.5217,3.1276
2024-06-05 14:24:41,115.729,0.008,17630,"Orinoco, River",South America,Venezuela,River,-65.5217,3.1276
2024-07-02 14:24:42,113.966,0.006,17630,"Orinoco, River",South America,Venezuela,River,-65.5217,3.1276
2024-07-29 14:24:43,114.956,0.013,17630,"Orinoco, River",South America,Venezuela,River,-65.5217,3.1276
2024-08-25 14:24:43,113.131,0.001,17630,"Orinoco, River",South America,Venezuela,River,-65.5217,3.1276
2024-09-21 14:24:40,112.325,0.003,17630,"Orinoco, River",South America,Venezuela,River,-65.5217,3.1276
2024-10-18 14:24:40,111.693,0.002,17630,"Orinoco, River",South America,Venezuela,River,-65.5217,3.1276
2024-11-14 14:24:41,111.641,0.007,17630,"Orinoco, River",South America,Venezuela,River,-65.5217,3.1276
2024-12-11 14:24:42,111.282,0.0,17630,"Orinoco, River",South America,Venezuela,River,-65.5217,3.1276
2025-01-07 14:24:39,112.15,0.018,17630,"Orinoco, River",South America,Venezuela,River,-65.5217,3.1276
2025-02-03 14:24:38,111.335,0.012,17630,"Orinoco, River",South America,Venezuela,River,-65.5217,3.1276
2025-03-02 14:24:42,111.336,0.0,17630,"Orinoco, River",South America,Venezuela,River,-65.5217,3.1276
2025-03-29 14:24:41,111.48,0.001,17630,"Orinoco, River",South America,Venezuela,River,-65.5217,3.1276
2025-04-25 14:24:41,113.257,0.008,17630,"Orinoco, River",South America,Venezuela,River,-65.5217,3.1276
2025-05-22 14:24:48,114.283,0.008,17630,"Orinoco, River",South America,Venezuela,River,-65.5217,3.1276
2025-06-18 14:24:52,114.361,0.002,17630,"Orinoco, River",South America,Venezuela,River,-65.5217,3.1276
2025-07-15 14:24:55,114.766,0.005,17630,"Orinoco, River",South America,Venezuela,River,-65.5217,3.1276
2025-08-11 14:24:55,113.82,0.005,17630,"Orinoco, River",South America,Venezuela,River,-65.5217,3.1276
2025-09-07 14:24:55,113.651,0.017,17630,"Orinoco, River",South America,Venezuela,River,-65.5217,3.1276
2025-10-04 14:24:51,112.847,0.011,17630,"Orinoco, River",South America,Venezuela,River,-65.5217,3.1276
2025-10-31 14:24:56,112.576,0.002,17630,"Orinoco, River",South America,Venezuela,River,-65.5217,3.1276
2025-11-27 14:24:58,112.978,0.003,17630,"Orinoco, River",South America,Venezuela,River,-65.5217,3.1276
2002-07-15 02:14:40,26.647,0.105,1122,"Orinoco, River",South America,Venezuela,River,-64.7917,7.6705
2002-08-19 02:14:39,28.243,0.034,1122,"Orinoco, River",South America,Venezuela,River,-64.7917,7.6705
2002-09-23 02:14:37,25.542,0.388,1122,"Orinoco, River",South America,Venezuela,River,-64.7917,7.6705
2002-12-02 02:14:37,20.181,0.058,1122,"Orinoco, River",South America,Venezuela,River,-64.7917,7.6705
2003-01-06 02:14:37,15.249,0.359,1122,"Orinoco, River",South America,Venezuela,River,-64.7917,7.6705
2003-04-21 02:14:41,13.805,0.209,1122,"Orinoco, River",South America,Venezuela,River,-64.7917,7.6705
2003-05-26 02:14:36,20.099,0.211,1122,"Orinoco, River",South America,Venezuela,River,-64.7917,7.6705
2003-06-30 02:14:43,21.465,0.022,1122,"Orinoco, River",South America,Venezuela,River,-64.7917,7.6705
2003-09-08 02:14:50,26.143,0.147,1122,"Orinoco, River",South America,Venezuela,River,-64.7917,7.6705
2003-10-13 02:14:46,23.271,0.837,1122,"Orinoco, River",South America,Venezuela,River,-64.7917,7.6705
2003-11-17 02:14:43,22.662,0.222,1122,"Orinoco, River",South America,Venezuela,River,-64.7917,7.6705
2003-12-22 02:14:46,18.043,0.158,1122,"Orinoco, River",South America,Venezuela,River,-64.7917,7.6705
2004-01-26 02:14:43,19.05,0.089,1122,"Orinoco, River",South America,Venezuela,River,-64.7917,7.6705
2004-04-05 02:14:44,15.045,0.279,1122,"Orinoco, River",South America,Venezuela,River,-64.7917,7.6705
2004-08-23 02:14:46,27.292,0.294,1122,"Orinoco, River",South America,Venezuela,River,-64.7917,7.6705
2004-11-01 02:14:48,21.034,0.417,1122,"Orinoco, River",South America,Venezuela,River,-64.7917,7.6705
2004-12-06 02:14:45,20.656,0.283,1122,"Orinoco, River",South America,Venezuela,River,-64.7917,7.6705
2005-02-14 02:14:43,15.233,0.22,1122,"Orinoco, River",South America,Venezuela,River,-64.7917,7.6705
2005-03-21 02:14:42,14.609,0.266,1122,"Orinoco, River",South America,Venezuela,River,-64.7917,7.6705
2005-05-30 02:14:49,21.569,0.015,1122,"Orinoco, River",South America,Venezuela,River,-64.7917,7.6705
2005-07-04 02:14:51,17.311,0.645,1122,"Orinoco, River",South America,Venezuela,River,-64.7917,7.6705
2005-09-12 02:14:45,18.72,0.697,1122,"Orinoco, River",South America,Venezuela,River,-64.7917,7.6705
2005-10-17 02:14:47,20.289,0.473,1122,"Orinoco, River",South America,Venezuela,River,-64.7917,7.6705
2006-04-10 02:14:36,15.465,0.402,1122,"Orinoco, River",South America,Venezuela,River,-64.7917,7.6705
2006-05-15 02:14:41,18.563,0.19,1122,"Orinoco, River",South America,Venezuela,River,-64.7917,7.6705
2006-06-19 02:14:44,22.372,0.772,1122,"Orinoco, River",South America,Venezuela,River,-64.7917,7.6705
2006-07-24 02:14:47,26.058,0.857,1122,"Orinoco, River",South America,Venezuela,River,-64.7917,7.6705
2006-08-28 02:14:43,27.38,0.017,1122,"Orinoco, River",South America,Venezuela,River,-64.7917,7.6705
2006-11-06 02:14:44,22.354,0.37,1122,"Orinoco, River",South America,Venezuela,River,-64.7917,7.6705
2007-01-15 02:14:38,17.502,0.074,1122,"Orinoco, River",South America,Venezuela,River,-64.7917,7.6705
2007-04-30 02:14:40,16.195,0.409,1122,"Orinoco, River",South America,Venezuela,River,-64.7917,7.6705
2007-06-04 02:14:42,19.327,0.402,1122,"Orinoco, River",South America,Venezuela,River,-64.7917,7.6705
2007-08-13 02:14:42,26.819,0.275,1122,"Orinoco, River",South America,Venezuela,River,-64.7917,7.6705
2007-09-17 02:14:38,21.86,0.067,1122,"Orinoco, River",South America,Venezuela,River,-64.7917,7.6705
2007-10-22 02:14:37,24.605,0.087,1122,"Orinoco, River",South America,Venezuela,River,-64.7917,7.6705
2007-11-26 02:14:34,21.321,0.026,1122,"Orinoco, River",South America,Venezuela,River,-64.7917,7.6705
2008-04-14 02:14:35,18.891,0.592,1122,"Orinoco, River",South America,Venezuela,River,-64.7917,7.6705
2008-06-23 02:14:37,22.104,0.196,1122,"Orinoco, River",South America,Venezuela,River,-64.7917,7.6705
2008-09-01 02:14:33,26.744,0.364,1122,"Orinoco, River",South America,Venezuela,River,-64.7917,7.6705
2008-11-10 02:14:32,19.499,0.798,1122,"Orinoco, River",South America,Venezuela,River,-64.7917,7.6705
2009-03-30 02:14:32,16.275,0.039,1122,"Orinoco, River",South America,Venezuela,River,-64.7917,7.6705
2009-06-08 02:14:36,18.439,0.676,1122,"Orinoco, River",South America,Venezuela,River,-64.7917,7.6705
2009-07-13 02:14:35,22.003,0.263,1122,"Orinoco, River",South America,Venezuela,River,-64.7917,7.6705
2009-08-17 02:14:34,23.703,0.457,1122,"Orinoco, River",South America,Venezuela,River,-64.7917,7.6705
2009-09-21 02:14:30,23.061,0.044,1122,"Orinoco, River",South America,Venezuela,River,-64.7917,7.6705
2010-01-04 02:14:29,17.581,0.418,1122,"Orinoco, River",South America,Venezuela,River,-64.7917,7.6705
2010-06-28 02:14:25,24.495,0.069,1122,"Orinoco, River",South America,Venezuela,River,-64.7917,7.6705
2010-08-02 02:14:27,28.662,0.654,1122,"Orinoco, River",South America,Venezuela,River,-64.7917,7.6705
2010-09-06 02:14:26,27.822,0.025,1122,"Orinoco, River",South America,Venezuela,River,-64.7917,7.6705
2018-11-30 02:04:40,4.676,0.112,16058,"Orinoco, River",South America,Venezuela,River,-62.5116,8.5087
2018-12-27 02:04:41,3.228,0.135,16058,"Orinoco, River",South America,Venezuela,River,-62.5116,8.5087
2019-01-23 02:04:42,1.612,0.067,16058,"Orinoco, River",South America,Venezuela,River,-62.5116,8.5087
2019-02-19 02:04:43,1.664,0.013,16058,"Orinoco, River",South America,Venezuela,River,-62.5116,8.5087
2019-03-18 02:04:47,1.598,0.166,16058,"Orinoco, River",South America,Venezuela,River,-62.5116,8.5087
2019-04-14 02:04:49,1.411,0.328,16058,"Orinoco, River",South America,Venezuela,River,-62.5116,8.5087
2019-05-11 02:04:47,2.336,0.043,16058,"Orinoco, River",South America,Venezuela,River,-62.5116,8.5087
2019-06-07 02:04:42,4.834,0.054,16058,"Orinoco, River",South America,Venezuela,River,-62.5116,8.5087
2019-07-04 02:04:43,7.522,0.008,16058,"Orinoco, River",South America,Venezuela,River,-62.5116,8.5087
2019-07-31 02:04:44,9.2,0.017,16058,"Orinoco, River",South America,Venezuela,River,-62.5116,8.5087
2019-08-27 02:04:43,10.31,0.008,16058,"Orinoco, River",South America,Venezuela,River,-62.5116,8.5087
2019-09-23 02:04:42,9.509,0.049,16058,"Orinoco, River",South America,Venezuela,River,-62.5116,8.5087
2019-10-20 02:04:39,6.646,0.097,16058,"Orinoco, River",South America,Venezuela,River,-62.5116,8.5087
2019-11-16 02:04:44,5.661,0.02,16058,"Orinoco, River",South America,Venezuela,River,-62.5116,8.5087
2019-12-13 02:04:44,4.045,0.006,16058,"Orinoco, River",South America,Venezuela,River,-62.5116,8.5087
2020-01-09 02:04:43,3.051,0.008,16058,"Orinoco, River",South America,Venezuela,River,-62.5116,8.5087
2020-02-05 02:04:40,1.613,0.004,16058,"Orinoco, River",South America,Venezuela,River,-62.5116,8.5087
2020-04-26 02:04:48,1.432,0.381,16058,"Orinoco, River",South America,Venezuela,River,-62.5116,8.5087
2020-05-23 02:04:51,2.867,0.024,16058,"Orinoco, River",South America,Venezuela,River,-62.5116,8.5087
2020-06-19 02:04:54,5.07,0.005,16058,"Orinoco, River",South America,Venezuela,River,-62.5116,8.5087
2020-08-12 02:04:55,9.061,0.006,16058,"Orinoco, River",South America,Venezuela,River,-62.5116,8.5087
2020-09-08 02:04:54,8.256,0.013,16058,"Orinoco, River",South America,Venezuela,River,-62.5116,8.5087
2020-10-05 02:04:50,5.994,0.129,16058,"Orinoco, River",South America,Venezuela,River,-62.5116,8.5087
2020-11-01 02:04:55,5.447,0.009,16058,"Orinoco, River",South America,Venezuela,River,-62.5116,8.5087
2020-11-28 02:04:57,6.402,0.047,16058,"Orinoco, River",South America,Venezuela,River,-62.5116,8.5087
2020-12-25 02:04:55,4.767,0.0,16058,"Orinoco, River",South America,Venezuela,River,-62.5116,8.5087
2021-01-21 02:04:54,3.336,0.074,16058,"Orinoco, River",South America,Venezuela,River,-62.5116,8.5087
2021-02-17 02:04:53,1.893,0.097,16058,"Orinoco, River",South America,Venezuela,River,-62.5116,8.5087
2021-03-16 02:04:55,1.516,0.044,16058,"Orinoco, River",South America,Venezuela,River,-62.5116,8.5087
2021-04-12 02:04:53,2.546,0.018,16058,"Orinoco, River",South America,Venezuela,River,-62.5116,8.5087
2021-05-09 02:04:57,5.458,0.003,16058,"Orinoco, River",South America,Venezuela,River,-62.5116,8.5087
2021-06-05 02:05:01,7.767,0.054,16058,"Orinoco, River",South America,Venezuela,River,-62.5116,8.5087
2021-07-02 02:05:04,9.135,0.005,16058,"Orinoco, River",South America,Venezuela,River,-62.5116,8.5087
2021-07-29 02:05:05,9.736,0.006,16058,"Orinoco, River",South America,Venezuela,River,-62.5116,8.5087
2021-08-25 02:05:07,11.062,0.013,16058,"Orinoco, River",South America,Venezuela,River,-62.5116,8.5087
2021-09-21 02:05:04,9.388,0.06,16058,"Orinoco, River",South America,Venezuela,River,-62.5116,8.5087
2021-11-14 02:05:02,6.399,0.037,16058,"Orinoco, River",South America,Venezuela,River,-62.5116,8.5087
2021-12-11 02:05:02,4.035,0.073,16058,"Orinoco, River",South America,Venezuela,River,-62.5116,8.5087
2022-01-07 02:05:01,3.244,0.05,16058,"Orinoco, River",South America,Venezuela,River,-62.5116,8.5087
2022-02-03 02:04:57,1.649,0.005,16058,"Orinoco, River",South America,Venezuela,River,-62.5116,8.5087
2022-03-02 02:05:01,1.621,0.065,16058,"Orinoco, River",South America,Venezuela,River,-62.5116,8.5087
2022-03-29 02:05:01,3.039,0.09,16058,"Orinoco, River",South America,Venezuela,River,-62.5116,8.5087
2022-04-25 02:05:04,2.725,0.014,16058,"Orinoco, River",South America,Venezuela,River,-62.5116,8.5087
2022-05-22 02:05:09,5.697,0.079,16058,"Orinoco, River",South America,Venezuela,River,-62.5116,8.5087
2022-06-18 02:05:13,7.992,0.021,16058,"Orinoco, River",South America,Venezuela,River,-62.5116,8.5087
2022-07-15 02:05:15,9.418,0.041,16058,"Orinoco, River",South America,Venezuela,River,-62.5116,8.5087
2022-09-07 02:05:15,10.385,0.224,16058,"Orinoco, River",South America,Venezuela,River,-62.5116,8.5087
2022-10-04 02:05:11,9.003,0.132,16058,"Orinoco, River",South America,Venezuela,River,-62.5116,8.5087
2022-10-31 02:05:15,6.92,0.003,16058,"Orinoco, River",South America,Venezuela,River,-62.5116,8.5087
2022-11-27 02:05:15,7.273,0.163,16058,"Orinoco, River",South America,Venezuela,River,-62.5116,8.5087
2022-12-24 02:05:14,4.149,0.013,16058,"Orinoco, River",South America,Venezuela,River,-62.5116,8.5087
2023-01-20 02:05:10,2.992,0.013,16058,"Orinoco, River",South America,Venezuela,River,-62.5116,8.5087
2023-02-16 02:05:13,1.735,0.013,16058,"Orinoco, River",South America,Venezuela,River,-62.5116,8.5087
2023-03-15 02:05:14,2.398,0.306,16058,"Orinoco, River",South America,Venezuela,River,-62.5116,8.5087
2023-04-11 02:05:13,1.536,0.008,16058,"Orinoco, River",South America,Venezuela,River,-62.5116,8.5087
2023-05-08 02:05:17,2.888,0.083,16058,"Orinoco, River",South America,Venezuela,River,-62.5116,8.5087
2023-06-04 02:05:19,5.076,0.01,16058,"Orinoco, River",South America,Venezuela,River,-62.5116,8.5087
2023-07-01 02:05:22,7.834,0.06,16058,"Orinoco, River",South America,Venezuela,River,-62.5116,8.5087
2023-07-28 02:05:23,8.995,0.039,16058,"Orinoco, River",South America,Venezuela,River,-62.5116,8.5087
2023-08-24 02:05:24,9.223,0.007,16058,"Orinoco, River",South America,Venezuela,River,-62.5116,8.5087
2023-09-20 02:05:19,6.999,0.026,16058,"Orinoco, River",South America,Venezuela,River,-62.5116,8.5087
2023-10-17 02:05:24,4.367,0.006,16058,"Orinoco, River",South America,Venezuela,River,-62.5116,8.5087
2023-11-13 02:05:25,3.845,0.052,16058,"Orinoco, River",South America,Venezuela,River,-62.5116,8.5087
2023-12-10 02:05:24,3.132,0.038,16058,"Orinoco, River",South America,Venezuela,River,-62.5116,8.5087
2024-01-06 02:05:20,2.197,0.098,16058,"Orinoco, River",South America,Venezuela,River,-62.5116,8.5087
2024-02-02 02:05:22,2.328,0.462,16058,"Orinoco, River",South America,Venezuela,River,-62.5116,8.5087
2024-02-29 02:05:25,1.457,0.102,16058,"Orinoco, River",South America,Venezuela,River,-62.5116,8.5087
2024-03-27 02:05:21,2.899,0.218,16058,"Orinoco, River",South America,Venezuela,River,-62.5116,8.5087
2024-04-23 02:05:27,2.326,0.024,16058,"Orinoco, River",South America,Venezuela,River,-62.5116,8.5087
2024-05-20 02:05:31,4.499,0.044,16058,"Orinoco, River",South America,Venezuela,River,-62.5116,8.5087
2024-06-16 02:05:35,7.357,0.004,16058,"Orinoco, River",South America,Venezuela,River,-62.5116,8.5087
2024-07-13 02:05:37,9.185,0.046,16058,"Orinoco, River",South America,Venezuela,River,-62.5116,8.5087
2024-08-09 02:05:38,10.519,0.046,16058,"Orinoco, River",South America,Venezuela,River,-62.5116,8.5087
2024-09-05 02:05:37,9.721,0.004,16058,"Orinoco, River",South America,Venezuela,River,-62.5116,8.5087
2024-10-02 02:05:32,7.105,0.001,16058,"Orinoco, River",South America,Venezuela,River,-62.5116,8.5087
2024-10-29 02:05:36,4.891,0.032,16058,"Orinoco, River",South America,Venezuela,River,-62.5116,8.5087
2024-11-25 02:05:39,4.014,0.004,16058,"Orinoco, River",South America,Venezuela,River,-62.5116,8.5087
2024-12-22 02:05:36,3.667,0.025,16058,"Orinoco, River",South America,Venezuela,River,-62.5116,8.5087
2025-01-18 02:05:34,3.382,0.003,16058,"Orinoco, River",South America,Venezuela,River,-62.5116,8.5087
2025-02-14 02:05:37,2.325,0.005,16058,"Orinoco, River",South America,Venezuela,River,-62.5116,8.5087
2025-03-13 02:05:37,2.131,0.02,16058,"Orinoco, River",South America,Venezuela,River,-62.5116,8.5087
2025-04-09 02:05:36,2.741,0.003,16058,"Orinoco, River",South America,Venezuela,River,-62.5116,8.5087
2025-05-06 02:05:39,4.27,0.008,16058,"Orinoco, River",South America,Venezuela,River,-62.5116,8.5087
2025-06-02 02:05:43,6.724,0.003,16058,"Orinoco, River",South America,Venezuela,River,-62.5116,8.5087
2025-06-29 02:05:48,9.135,0.011,16058,"Orinoco, River",South America,Venezuela,River,-62.5116,8.5087
2025-07-26 02:05:49,10.133,0.035,16058,"Orinoco, River",South America,Venezuela,River,-62.5116,8.5087
2025-08-22 02:05:51,11.351,0.02,16058,"Orinoco, River",South America,Venezuela,River,-62.5116,8.5087
2025-09-18 02:05:49,10.952,0.056,16058,"Orinoco, River",South America,Venezuela,River,-62.5116,8.5087
2025-10-15 02:05:47,9.358,0.011,16058,"Orinoco, River",South America,Venezuela,River,-62.5116,8.5087
2025-11-11 02:05:51,6.633,0.002,16058,"Orinoco, River",South America,Venezuela,River,-62.5116,8.5087
2018-11-23 14:18:33,11.759,0.01,15436,"Orinoco, River",South America,Venezuela,River,-63.4575,8.1683
2018-12-20 14:18:35,6.622,0.025,15436,"Orinoco, River",South America,Venezuela,River,-63.4575,8.1683
2019-01-16 14:18:38,4.193,0.041,15436,"Orinoco, River",South America,Venezuela,River,-63.4575,8.1683
2019-02-12 14:18:37,3.642,0.016,15436,"Orinoco, River",South America,Venezuela,River,-63.4575,8.1683
2019-03-11 14:18:42,3.039,0.006,15436,"Orinoco, River",South America,Venezuela,River,-63.4575,8.1683
2019-04-07 14:18:44,3.207,0.013,15436,"Orinoco, River",South America,Venezuela,River,-63.4575,8.1683
2019-05-04 14:18:43,5.153,0.01,15436,"Orinoco, River",South America,Venezuela,River,-63.4575,8.1683
2019-05-31 14:18:39,8.995,0.019,15436,"Orinoco, River",South America,Venezuela,River,-63.4575,8.1683
2019-06-27 14:18:37,12.15,0.036,15436,"Orinoco, River",South America,Venezuela,River,-63.4575,8.1683
2019-07-24 14:18:40,14.48,0.015,15436,"Orinoco, River",South America,Venezuela,River,-63.4575,8.1683
2019-08-20 14:18:39,16.028,0.001,15436,"Orinoco, River",South America,Venezuela,River,-63.4575,8.1683
2019-09-16 14:18:38,15.529,0.008,15436,"Orinoco, River",South America,Venezuela,River,-63.4575,8.1683
2019-10-13 14:18:35,12.679,0.018,15436,"Orinoco, River",South America,Venezuela,River,-63.4575,8.1683
2019-11-09 14:18:39,10.934,0.01,15436,"Orinoco, River",South America,Venezuela,River,-63.4575,8.1683
2019-12-06 14:18:40,8.743,0.025,15436,"Orinoco, River",South America,Venezuela,River,-63.4575,8.1683
2020-01-02 14:18:39,7.116,0.008,15436,"Orinoco, River",South America,Venezuela,River,-63.4575,8.1683
2020-01-29 14:18:37,4.561,0.036,15436,"Orinoco, River",South America,Venezuela,River,-63.4575,8.1683
2020-02-25 14:18:39,3.081,0.018,15436,"Orinoco, River",South America,Venezuela,River,-63.4575,8.1683
2020-04-19 14:18:43,3.149,0.037,15436,"Orinoco, River",South America,Venezuela,River,-63.4575,8.1683
2020-05-16 14:18:46,4.87,0.013,15436,"Orinoco, River",South America,Venezuela,River,-63.4575,8.1683
2020-06-12 14:18:49,9.076,0.015,15436,"Orinoco, River",South America,Venezuela,River,-63.4575,8.1683
2020-07-09 14:18:51,11.457,0.065,15436,"Orinoco, River",South America,Venezuela,River,-63.4575,8.1683
2020-08-05 14:18:51,13.653,0.016,15436,"Orinoco, River",South America,Venezuela,River,-63.4575,8.1683
2020-09-01 14:18:50,13.698,0.028,15436,"Orinoco, River",South America,Venezuela,River,-63.4575,8.1683
2020-09-28 14:18:47,11.268,0.023,15436,"Orinoco, River",South America,Venezuela,River,-63.4575,8.1683
2020-10-25 14:18:50,10.514,0.011,15436,"Orinoco, River",South America,Venezuela,River,-63.4575,8.1683
2020-11-21 14:18:52,10.585,0.029,15436,"Orinoco, River",South America,Venezuela,River,-63.4575,8.1683
2020-12-18 14:18:51,9.965,0.012,15436,"Orinoco, River",South America,Venezuela,River,-63.4575,8.1683
2021-01-14 14:18:51,7.812,0.044,15436,"Orinoco, River",South America,Venezuela,River,-63.4575,8.1683
2021-02-10 14:18:48,5.027,0.0,15436,"Orinoco, River",South America,Venezuela,River,-63.4575,8.1683
2021-03-09 14:18:51,3.795,0.023,15436,"Orinoco, River",South America,Venezuela,River,-63.4575,8.1683
2021-04-05 14:18:49,5.029,0.002,15436,"Orinoco, River",South America,Venezuela,River,-63.4575,8.1683
2021-05-02 14:18:52,8.302,0.003,15436,"Orinoco, River",South America,Venezuela,River,-63.4575,8.1683
2021-05-29 14:18:56,11.667,0.004,15436,"Orinoco, River",South America,Venezuela,River,-63.4575,8.1683
2021-06-25 14:19:00,14.288,0.01,15436,"Orinoco, River",South America,Venezuela,River,-63.4575,8.1683
2021-07-22 14:19:00,15.164,0.002,15436,"Orinoco, River",South America,Venezuela,River,-63.4575,8.1683
2021-08-18 14:19:02,16.624,0.007,15436,"Orinoco, River",South America,Venezuela,River,-63.4575,8.1683
2021-09-14 14:19:01,15.663,0.005,15436,"Orinoco, River",South America,Venezuela,River,-63.4575,8.1683
2021-10-11 14:18:56,14.04,0.0,15436,"Orinoco, River",South America,Venezuela,River,-63.4575,8.1683
2021-11-07 14:18:57,11.953,0.011,15436,"Orinoco, River",South America,Venezuela,River,-63.4575,8.1683
2021-12-04 14:18:57,8.626,0.004,15436,"Orinoco, River",South America,Venezuela,River,-63.4575,8.1683
2021-12-31 14:18:58,7.076,0.058,15436,"Orinoco, River",South America,Venezuela,River,-63.4575,8.1683
2022-01-27 14:18:54,4.187,0.004,15436,"Orinoco, River",South America,Venezuela,River,-63.4575,8.1683
2022-02-23 14:18:57,3.286,0.008,15436,"Orinoco, River",South America,Venezuela,River,-63.4575,8.1683
2022-03-22 14:18:56,5.325,0.016,15436,"Orinoco, River",South America,Venezuela,River,-63.4575,8.1683
2022-04-18 14:18:59,5.819,0.005,15436,"Orinoco, River",South America,Venezuela,River,-63.4575,8.1683
2022-05-15 14:19:04,9.149,0.022,15436,"Orinoco, River",South America,Venezuela,River,-63.4575,8.1683
2022-06-11 14:19:08,12.142,0.016,15436,"Orinoco, River",South America,Venezuela,River,-63.4575,8.1683
2022-07-08 14:19:10,15.013,0.02,15436,"Orinoco, River",South America,Venezuela,River,-63.4575,8.1683
2022-08-04 14:19:10,16.079,0.008,15436,"Orinoco, River",South America,Venezuela,River,-63.4575,8.1683
2022-08-31 14:19:11,16.227,0.006,15436,"Orinoco, River",South America,Venezuela,River,-63.4575,8.1683
2022-09-27 14:19:07,15.132,0.035,15436,"Orinoco, River",South America,Venezuela,River,-63.4575,8.1683
2022-10-24 14:19:08,12.257,0.022,15436,"Orinoco, River",South America,Venezuela,River,-63.4575,8.1683
2022-11-20 14:19:10,11.941,0.083,15436,"Orinoco, River",South America,Venezuela,River,-63.4575,8.1683
2022-12-17 14:19:10,9.939,0.087,15436,"Orinoco, River",South America,Venezuela,River,-63.4575,8.1683
2023-01-13 14:19:06,6.09,0.044,15436,"Orinoco, River",South America,Venezuela,River,-63.4575,8.1683
2023-02-09 14:19:10,4.878,0.006,15436,"Orinoco, River",South America,Venezuela,River,-63.4575,8.1683
2023-03-08 14:19:08,3.722,0.003,15436,"Orinoco, River",South America,Venezuela,River,-63.4575,8.1683
2023-04-04 14:19:07,4.252,0.029,15436,"Orinoco, River",South America,Venezuela,River,-63.4575,8.1683
2023-05-01 14:19:12,5.785,0.016,15436,"Orinoco, River",South America,Venezuela,River,-63.4575,8.1683
2023-05-28 14:19:16,8.327,0.043,15436,"Orinoco, River",South America,Venezuela,River,-63.4575,8.1683
2023-06-24 14:19:17,12.676,0.027,15436,"Orinoco, River",South America,Venezuela,River,-63.4575,8.1683
2023-07-21 14:19:20,14.308,0.006,15436,"Orinoco, River",South America,Venezuela,River,-63.4575,8.1683
2023-08-17 14:19:21,15.168,0.002,15436,"Orinoco, River",South America,Venezuela,River,-63.4575,8.1683
2023-09-13 14:19:17,13.546,0.012,15436,"Orinoco, River",South America,Venezuela,River,-63.4575,8.1683
2023-10-10 14:19:18,9.527,0.013,15436,"Orinoco, River",South America,Venezuela,River,-63.4575,8.1683
2023-11-06 14:19:22,7.929,0.008,15436,"Orinoco, River",South America,Venezuela,River,-63.4575,8.1683
2023-12-03 14:19:21,7.354,0.045,15436,"Orinoco, River",South America,Venezuela,River,-63.4575,8.1683
2023-12-30 14:19:18,5.258,0.006,15436,"Orinoco, River",South America,Venezuela,River,-63.4575,8.1683
2024-01-26 14:19:17,4.288,0.003,15436,"Orinoco, River",South America,Venezuela,River,-63.4575,8.1683
2024-02-22 14:19:20,3.591,0.003,15436,"Orinoco, River",South America,Venezuela,River,-63.4575,8.1683
2024-04-16 14:19:22,3.764,0.004,15436,"Orinoco, River",South America,Venezuela,River,-63.4575,8.1683
2024-05-13 14:19:27,6.612,0.011,15436,"Orinoco, River",South America,Venezuela,River,-63.4575,8.1683
2024-06-09 14:19:32,11.813,0.003,15436,"Orinoco, River",South America,Venezuela,River,-63.4575,8.1683
2024-07-06 14:19:33,14.49,0.021,15436,"Orinoco, River",South America,Venezuela,River,-63.4575,8.1683
2024-08-02 14:19:34,16.805,0.035,15436,"Orinoco, River",South America,Venezuela,River,-63.4575,8.1683
2024-08-29 14:19:34,15.897,0.002,15436,"Orinoco, River",South America,Venezuela,River,-63.4575,8.1683
2024-09-25 14:19:30,13.113,0.015,15436,"Orinoco, River",South America,Venezuela,River,-63.4575,8.1683
2024-10-22 14:19:30,9.775,0.001,15436,"Orinoco, River",South America,Venezuela,River,-63.4575,8.1683
2024-11-18 14:19:33,8.115,0.01,15436,"Orinoco, River",South America,Venezuela,River,-63.4575,8.1683
2024-12-15 14:19:32,7.651,0.003,15436,"Orinoco, River",South America,Venezuela,River,-63.4575,8.1683
2025-01-11 14:19:29,7.173,0.005,15436,"Orinoco, River",South America,Venezuela,River,-63.4575,8.1683
2025-02-07 14:19:29,4.896,0.002,15436,"Orinoco, River",South America,Venezuela,River,-63.4575,8.1683
2025-03-06 14:19:33,4.482,0.018,15436,"Orinoco, River",South America,Venezuela,River,-63.4575,8.1683
2025-04-02 14:19:31,5.512,0.009,15436,"Orinoco, River",South America,Venezuela,River,-63.4575,8.1683
2025-04-29 14:19:32,7.989,0.005,15436,"Orinoco, River",South America,Venezuela,River,-63.4575,8.1683
2025-05-26 14:19:39,10.894,0.029,15436,"Orinoco, River",South America,Venezuela,River,-63.4575,8.1683
2025-06-22 14:19:42,14.296,0.007,15436,"Orinoco, River",South America,Venezuela,River,-63.4575,8.1683
2025-07-19 14:19:45,16.607,0.06,15436,"Orinoco, River",South America,Venezuela,River,-63.4575,8.1683
2025-08-15 14:19:45,18.015,0.001,15436,"Orinoco, River",South America,Venezuela,River,-63.4575,8.1683
2025-09-11 14:19:44,17.806,0.02,15436,"Orinoco, River",South America,Venezuela,River,-63.4575,8.1683
2025-10-08 14:19:41,15.375,0.005,15436,"Orinoco, River",South America,Venezuela,River,-63.4575,8.1683
2025-11-04 14:19:46,12.693,0.021,15436,"Orinoco, River",South America,Venezuela,River,-63.4575,8.1683
2025-12-01 14:19:49,10.543,0.0,15436,"Orinoco, River",South America,Venezuela,River,-63.4575,8.1683
2018-12-07 02:22:59,32.724,0.004,16708,"Orinoco, River",South America,Venezuela,River,-66.8878,7.1705
2019-01-03 02:23:01,29.718,0.069,16708,"Orinoco, River",South America,Venezuela,River,-66.8878,7.1705
2019-01-30 02:23:02,28.601,0.005,16708,"Orinoco, River",South America,Venezuela,River,-66.8878,7.1705
2019-02-26 02:23:04,27.597,0.026,16708,"Orinoco, River",South America,Venezuela,River,-66.8878,7.1705
2019-03-25 02:23:07,27.871,0.003,16708,"Orinoco, River",South America,Venezuela,River,-66.8878,7.1705
2019-04-21 02:23:08,28.519,0.005,16708,"Orinoco, River",South America,Venezuela,River,-66.8878,7.1705
2019-05-18 02:23:05,32.801,0.0,16708,"Orinoco, River",South America,Venezuela,River,-66.8878,7.1705
2019-06-14 02:23:00,35.616,0.001,16708,"Orinoco, River",South America,Venezuela,River,-66.8878,7.1705
2019-07-11 02:23:03,38.228,0.0,16708,"Orinoco, River",South America,Venezuela,River,-66.8878,7.1705
2019-08-07 02:23:04,38.607,0.001,16708,"Orinoco, River",South America,Venezuela,River,-66.8878,7.1705
2019-09-03 02:23:02,38.709,0.004,16708,"Orinoco, River",South America,Venezuela,River,-66.8878,7.1705
2019-09-30 02:23:01,36.865,0.004,16708,"Orinoco, River",South America,Venezuela,River,-66.8878,7.1705
2019-10-27 02:23:00,35.353,0.003,16708,"Orinoco, River",South America,Venezuela,River,-66.8878,7.1705
2019-11-23 02:23:04,34.145,0.002,16708,"Orinoco, River",South America,Venezuela,River,-66.8878,7.1705
2019-12-20 02:23:03,32.101,0.034,16708,"Orinoco, River",South America,Venezuela,River,-66.8878,7.1705
2020-01-16 02:23:02,30.604,0.009,16708,"Orinoco, River",South America,Venezuela,River,-66.8878,7.1705
2020-02-12 02:23:00,28.88,0.013,16708,"Orinoco, River",South America,Venezuela,River,-66.8878,7.1705
2020-03-10 02:23:04,27.8,0.028,16708,"Orinoco, River",South America,Venezuela,River,-66.8878,7.1705
2020-04-06 02:23:05,27.27,0.063,16708,"Orinoco, River",South America,Venezuela,River,-66.8878,7.1705
2020-05-03 02:23:09,29.344,0.002,16708,"Orinoco, River",South America,Venezuela,River,-66.8878,7.1705
2020-05-30 02:23:11,33.169,0.0,16708,"Orinoco, River",South America,Venezuela,River,-66.8878,7.1705
2020-06-26 02:23:14,35.616,0.011,16708,"Orinoco, River",South America,Venezuela,River,-66.8878,7.1705
2020-07-23 02:23:15,37.493,0.01,16708,"Orinoco, River",South America,Venezuela,River,-66.8878,7.1705
2020-08-19 02:23:15,37.09,0.01,16708,"Orinoco, River",South America,Venezuela,River,-66.8878,7.1705
2020-09-15 02:23:13,36.048,0.003,16708,"Orinoco, River",South America,Venezuela,River,-66.8878,7.1705
2020-10-12 02:23:10,34.783,0.02,16708,"Orinoco, River",South America,Venezuela,River,-66.8878,7.1705
2020-12-05 02:23:16,34.02,0.002,16708,"Orinoco, River",South America,Venezuela,River,-66.8878,7.1705
2021-01-01 02:23:15,32.268,0.003,16708,"Orinoco, River",South America,Venezuela,River,-66.8878,7.1705
2021-01-28 02:23:12,30.644,0.007,16708,"Orinoco, River",South America,Venezuela,River,-66.8878,7.1705
2021-02-24 02:23:13,29.129,0.009,16708,"Orinoco, River",South America,Venezuela,River,-66.8878,7.1705
2021-03-23 02:23:14,29.329,0.002,16708,"Orinoco, River",South America,Venezuela,River,-66.8878,7.1705
2021-04-19 02:23:13,32.562,0.004,16708,"Orinoco, River",South America,Venezuela,River,-66.8878,7.1705
2021-05-16 02:23:17,35.14,0.014,16708,"Orinoco, River",South America,Venezuela,River,-66.8878,7.1705
2021-06-12 02:23:22,37.676,0.001,16708,"Orinoco, River",South America,Venezuela,River,-66.8878,7.1705
2021-07-09 02:23:24,38.436,0.006,16708,"Orinoco, River",South America,Venezuela,River,-66.8878,7.1705
2021-08-05 02:23:25,39.056,0.005,16708,"Orinoco, River",South America,Venezuela,River,-66.8878,7.1705
2021-09-01 02:23:26,38.583,0.003,16708,"Orinoco, River",South America,Venezuela,River,-66.8878,7.1705
2021-09-28 02:23:22,37.827,0.002,16708,"Orinoco, River",South America,Venezuela,River,-66.8878,7.1705
2021-10-25 02:23:19,35.96,0.001,16708,"Orinoco, River",South America,Venezuela,River,-66.8878,7.1705
2021-11-21 02:23:21,33.816,0.001,16708,"Orinoco, River",South America,Venezuela,River,-66.8878,7.1705
2021-12-18 02:23:22,31.846,0.004,16708,"Orinoco, River",South America,Venezuela,River,-66.8878,7.1705
2022-01-14 02:23:19,29.821,0.011,16708,"Orinoco, River",South America,Venezuela,River,-66.8878,7.1705
2022-02-10 02:23:18,28.469,0.014,16708,"Orinoco, River",South America,Venezuela,River,-66.8878,7.1705
2022-03-09 02:23:20,29.143,0.021,16708,"Orinoco, River",South America,Venezuela,River,-66.8878,7.1705
2022-04-05 02:23:20,30.693,0.023,16708,"Orinoco, River",South America,Venezuela,River,-66.8878,7.1705
2022-05-02 02:23:25,32.174,0.002,16708,"Orinoco, River",South America,Venezuela,River,-66.8878,7.1705
2022-05-29 02:23:29,36.01,0.008,16708,"Orinoco, River",South America,Venezuela,River,-66.8878,7.1705
2022-06-25 02:23:32,37.753,0.011,16708,"Orinoco, River",South America,Venezuela,River,-66.8878,7.1705
2022-07-22 02:23:35,38.827,0.003,16708,"Orinoco, River",South America,Venezuela,River,-66.8878,7.1705
2022-08-18 02:23:34,38.888,0.002,16708,"Orinoco, River",South America,Venezuela,River,-66.8878,7.1705
2022-09-14 02:23:33,38.261,0.001,16708,"Orinoco, River",South America,Venezuela,River,-66.8878,7.1705
2022-10-11 02:23:30,36.051,0.001,16708,"Orinoco, River",South America,Venezuela,River,-66.8878,7.1705
2022-11-07 02:23:35,35.502,0.002,16708,"Orinoco, River",South America,Venezuela,River,-66.8878,7.1705
2022-12-04 02:23:35,34.756,0.0,16708,"Orinoco, River",South America,Venezuela,River,-66.8878,7.1705
2022-12-31 02:23:33,30.917,0.086,16708,"Orinoco, River",South America,Venezuela,River,-66.8878,7.1705
2023-01-27 02:23:30,30.76,0.02,16708,"Orinoco, River",South America,Venezuela,River,-66.8878,7.1705
2023-02-23 02:23:34,29.222,0.007,16708,"Orinoco, River",South America,Venezuela,River,-66.8878,7.1705
2023-03-22 02:23:32,29.765,0.007,16708,"Orinoco, River",South America,Venezuela,River,-66.8878,7.1705
2023-04-18 02:23:33,29.679,0.014,16708,"Orinoco, River",South America,Venezuela,River,-66.8878,7.1705
2023-05-15 02:23:37,31.737,0.001,16708,"Orinoco, River",South America,Venezuela,River,-66.8878,7.1705
2023-06-11 02:23:40,35.624,0.01,16708,"Orinoco, River",South America,Venezuela,River,-66.8878,7.1705
2023-07-08 02:23:43,37.147,0.002,16708,"Orinoco, River",South America,Venezuela,River,-66.8878,7.1705
2023-08-04 02:23:43,38.391,0.002,16708,"Orinoco, River",South America,Venezuela,River,-66.8878,7.1705
2023-08-31 02:23:42,37.87,0.004,16708,"Orinoco, River",South America,Venezuela,River,-66.8878,7.1705
2023-09-27 02:23:39,34.298,0.004,16708,"Orinoco, River",South America,Venezuela,River,-66.8878,7.1705
2023-10-24 02:23:45,32.188,0.004,16708,"Orinoco, River",South America,Venezuela,River,-66.8878,7.1705
2023-11-20 02:23:45,32.798,0.003,16708,"Orinoco, River",South America,Venezuela,River,-66.8878,7.1705
2023-12-17 02:23:44,30.731,0.01,16708,"Orinoco, River",South America,Venezuela,River,-66.8878,7.1705
2024-02-09 02:23:43,28.61,0.022,16708,"Orinoco, River",South America,Venezuela,River,-66.8878,7.1705
2024-03-07 02:23:45,28.222,0.007,16708,"Orinoco, River",South America,Venezuela,River,-66.8878,7.1705
2024-04-03 02:23:43,27.898,0.414,16708,"Orinoco, River",South America,Venezuela,River,-66.8878,7.1705
2024-04-30 02:23:49,29.958,0.042,16708,"Orinoco, River",South America,Venezuela,River,-66.8878,7.1705
2024-05-27 02:23:52,35.1,0.001,16708,"Orinoco, River",South America,Venezuela,River,-66.8878,7.1705
2024-06-23 02:23:55,38.296,0.005,16708,"Orinoco, River",South America,Venezuela,River,-66.8878,7.1705
2024-07-20 02:23:58,39.339,0.001,16708,"Orinoco, River",South America,Venezuela,River,-66.8878,7.1705
2024-08-16 02:23:56,38.793,0.001,16708,"Orinoco, River",South America,Venezuela,River,-66.8878,7.1705
2024-09-12 02:23:54,36.962,0.003,16708,"Orinoco, River",South America,Venezuela,River,-66.8878,7.1705
2024-10-09 02:23:51,34.228,0.013,16708,"Orinoco, River",South America,Venezuela,River,-66.8878,7.1705
2024-11-05 02:23:57,32.561,0.01,16708,"Orinoco, River",South America,Venezuela,River,-66.8878,7.1705
2024-12-02 02:23:57,33.492,0.005,16708,"Orinoco, River",South America,Venezuela,River,-66.8878,7.1705
2024-12-29 02:23:55,31.235,0.01,16708,"Orinoco, River",South America,Venezuela,River,-66.8878,7.1705
2025-01-25 02:23:52,30.638,0.024,16708,"Orinoco, River",South America,Venezuela,River,-66.8878,7.1705
2025-02-21 02:23:56,29.377,0.003,16708,"Orinoco, River",South America,Venezuela,River,-66.8878,7.1705
2025-03-20 02:23:55,29.81,0.011,16708,"Orinoco, River",South America,Venezuela,River,-66.8878,7.1705
2025-04-16 02:23:55,32.623,0.001,16708,"Orinoco, River",South America,Venezuela,River,-66.8878,7.1705
2025-05-13 02:24:00,34.529,0.005,16708,"Orinoco, River",South America,Venezuela,River,-66.8878,7.1705
2025-06-09 02:24:03,38.165,0.035,16708,"Orinoco, River",South America,Venezuela,River,-66.8878,7.1705
2025-07-06 02:24:09,39.746,0.003,16708,"Orinoco, River",South America,Venezuela,River,-66.8878,7.1705
2025-08-02 02:24:09,40.284,0.004,16708,"Orinoco, River",South America,Venezuela,River,-66.8878,7.1705
2025-08-29 02:24:11,39.633,0.002,16708,"Orinoco, River",South America,Venezuela,River,-66.8878,7.1705
2025-09-25 02:24:09,38.785,0.008,16708,"Orinoco, River",South America,Venezuela,River,-66.8878,7.1705
2025-10-22 02:24:08,36.538,0.002,16708,"Orinoco, River",South America,Venezuela,River,-66.8878,7.1705
2025-11-18 02:24:11,35.175,0.006,16708,"Orinoco, River",South America,Venezuela,River,-66.8878,7.1705
2002-07-05 02:27:58,87.763,0.009,13510,"Orinoco, River",South America,Venezuela,River,-67.5694,4.0062
2002-09-13 02:27:56,86.764,0.029,13510,"Orinoco, River",South America,Venezuela,River,-67.5694,4.0062
2002-10-18 02:27:58,82.265,0.04,13510,"Orinoco, River",South America,Venezuela,River,-67.5694,4.0062
2002-11-22 02:28:00,83.772,0.04,13510,"Orinoco, River",South America,Venezuela,River,-67.5694,4.0062
2002-12-27 02:27:57,80.778,0.092,13510,"Orinoco, River",South America,Venezuela,River,-67.5694,4.0062
2003-01-31 02:27:58,79.62,0.05,13510,"Orinoco, River",South America,Venezuela,River,-67.5694,4.0062
2003-03-07 02:27:56,79.664,0.041,13510,"Orinoco, River",South America,Venezuela,River,-67.5694,4.0062
2003-04-11 02:28:00,79.65,0.03,13510,"Orinoco, River",South America,Venezuela,River,-67.5694,4.0062
2003-05-16 02:27:55,84.061,0.007,13510,"Orinoco, River",South America,Venezuela,River,-67.5694,4.0062
2003-06-20 02:28:01,86.239,0.013,13510,"Orinoco, River",South America,Venezuela,River,-67.5694,4.0062
2003-07-25 02:28:06,87.861,0.009,13510,"Orinoco, River",South America,Venezuela,River,-67.5694,4.0062
2003-08-29 02:28:09,87.727,0.003,13510,"Orinoco, River",South America,Venezuela,River,-67.5694,4.0062
2003-10-03 02:28:06,85.928,0.004,13510,"Orinoco, River",South America,Venezuela,River,-67.5694,4.0062
2003-11-07 02:28:03,83.946,0.024,13510,"Orinoco, River",South America,Venezuela,River,-67.5694,4.0062
2003-12-12 02:28:04,82.371,0.003,13510,"Orinoco, River",South America,Venezuela,River,-67.5694,4.0062
2004-01-16 02:28:04,81.153,0.035,13510,"Orinoco, River",South America,Venezuela,River,-67.5694,4.0062
2004-02-20 02:28:03,79.783,0.007,13510,"Orinoco, River",South America,Venezuela,River,-67.5694,4.0062
2004-03-26 02:28:06,79.562,0.034,13510,"Orinoco, River",South America,Venezuela,River,-67.5694,4.0062
2004-04-30 02:28:03,82.184,0.014,13510,"Orinoco, River",South America,Venezuela,River,-67.5694,4.0062
2004-06-04 02:28:08,85.604,0.004,13510,"Orinoco, River",South America,Venezuela,River,-67.5694,4.0062
2004-07-09 02:28:08,87.198,0.017,13510,"Orinoco, River",South America,Venezuela,River,-67.5694,4.0062
2004-08-13 02:28:07,87.258,0.046,13510,"Orinoco, River",South America,Venezuela,River,-67.5694,4.0062
2004-09-17 02:28:05,86.184,0.086,13510,"Orinoco, River",South America,Venezuela,River,-67.5694,4.0062
2004-10-22 02:28:09,83.747,0.0,13510,"Orinoco, River",South America,Venezuela,River,-67.5694,4.0062
2004-11-26 02:28:06,81.714,0.037,13510,"Orinoco, River",South America,Venezuela,River,-67.5694,4.0062
2005-02-04 02:28:04,80.119,0.038,13510,"Orinoco, River",South America,Venezuela,River,-67.5694,4.0062
2005-03-11 02:28:03,80.591,0.036,13510,"Orinoco, River",South America,Venezuela,River,-67.5694,4.0062
2005-04-15 02:28:08,81.658,0.01,13510,"Orinoco, River",South America,Venezuela,River,-67.5694,4.0062
2005-05-20 02:28:10,85.041,0.034,13510,"Orinoco, River",South America,Venezuela,River,-67.5694,4.0062
2005-06-24 02:28:11,85.858,0.012,13510,"Orinoco, River",South America,Venezuela,River,-67.5694,4.0062
2005-09-02 02:28:05,87.009,0.016,13510,"Orinoco, River",South America,Venezuela,River,-67.5694,4.0062
2005-10-07 02:28:06,83.248,0.027,13510,"Orinoco, River",South America,Venezuela,River,-67.5694,4.0062
2005-11-11 02:28:07,82.887,0.019,13510,"Orinoco, River",South America,Venezuela,River,-67.5694,4.0062
2005-12-16 02:28:01,82.158,0.006,13510,"Orinoco, River",South America,Venezuela,River,-67.5694,4.0062
2006-01-20 02:27:54,81.977,0.008,13510,"Orinoco, River",South America,Venezuela,River,-67.5694,4.0062
2006-02-24 02:27:57,81.408,0.029,13510,"Orinoco, River",South America,Venezuela,River,-67.5694,4.0062
2006-03-31 02:27:53,81.598,0.005,13510,"Orinoco, River",South America,Venezuela,River,-67.5694,4.0062
2006-05-05 02:28:01,81.705,0.022,13510,"Orinoco, River",South America,Venezuela,River,-67.5694,4.0062
2006-06-09 02:28:02,86.124,0.017,13510,"Orinoco, River",South America,Venezuela,River,-67.5694,4.0062
2006-07-14 02:28:07,87.384,0.009,13510,"Orinoco, River",South America,Venezuela,River,-67.5694,4.0062
2006-08-18 02:28:05,87.978,0.009,13510,"Orinoco, River",South America,Venezuela,River,-67.5694,4.0062
2006-09-22 02:28:01,85.65,0.012,13510,"Orinoco, River",South America,Venezuela,River,-67.5694,4.0062
2006-10-27 02:28:05,84.052,0.024,13510,"Orinoco, River",South America,Venezuela,River,-67.5694,4.0062
2006-12-01 02:28:05,83.273,0.008,13510,"Orinoco, River",South America,Venezuela,River,-67.5694,4.0062
2007-01-05 02:28:01,81.14,0.006,13510,"Orinoco, River",South America,Venezuela,River,-67.5694,4.0062
2007-02-09 02:27:59,80.23,0.005,13510,"Orinoco, River",South America,Venezuela,River,-67.5694,4.0062
2007-03-16 02:27:59,79.885,0.018,13510,"Orinoco, River",South America,Venezuela,River,-67.5694,4.0062
2007-04-20 02:27:59,81.492,0.001,13510,"Orinoco, River",South America,Venezuela,River,-67.5694,4.0062
2007-05-25 02:28:02,84.393,0.017,13510,"Orinoco, River",South America,Venezuela,River,-67.5694,4.0062
2007-06-29 02:28:03,87.752,0.009,13510,"Orinoco, River",South America,Venezuela,River,-67.5694,4.0062
2007-08-03 02:28:03,87.878,0.008,13510,"Orinoco, River",South America,Venezuela,River,-67.5694,4.0062
2007-09-07 02:28:00,86.964,0.005,13510,"Orinoco, River",South America,Venezuela,River,-67.5694,4.0062
2007-10-12 02:27:57,85.754,0.009,13510,"Orinoco, River",South America,Venezuela,River,-67.5694,4.0062
2007-11-16 02:27:56,83.077,0.017,13510,"Orinoco, River",South America,Venezuela,River,-67.5694,4.0062
2008-01-25 02:27:56,80.916,0.008,13510,"Orinoco, River",South America,Venezuela,River,-67.5694,4.0062
2008-02-29 02:27:56,80.796,0.019,13510,"Orinoco, River",South America,Venezuela,River,-67.5694,4.0062
2008-04-04 02:27:57,80.529,0.005,13510,"Orinoco, River",South America,Venezuela,River,-67.5694,4.0062
2008-05-09 02:27:56,82.182,0.066,13510,"Orinoco, River",South America,Venezuela,River,-67.5694,4.0062
2008-06-13 02:27:57,85.947,0.009,13510,"Orinoco, River",South America,Venezuela,River,-67.5694,4.0062
2008-07-18 02:27:58,87.808,0.007,13510,"Orinoco, River",South America,Venezuela,River,-67.5694,4.0062
2008-08-22 02:27:55,87.768,0.003,13510,"Orinoco, River",South America,Venezuela,River,-67.5694,4.0062
2008-09-26 02:27:54,84.858,0.004,13510,"Orinoco, River",South America,Venezuela,River,-67.5694,4.0062
2008-10-31 02:27:53,83.726,0.017,13510,"Orinoco, River",South America,Venezuela,River,-67.5694,4.0062
2008-12-05 02:27:54,83.765,0.002,13510,"Orinoco, River",South America,Venezuela,River,-67.5694,4.0062
2009-01-09 02:27:53,82.392,0.023,13510,"Orinoco, River",South America,Venezuela,River,-67.5694,4.0062
2009-02-13 02:27:54,81.707,0.025,13510,"Orinoco, River",South America,Venezuela,River,-67.5694,4.0062
2009-03-20 02:27:53,81.324,0.014,13510,"Orinoco, River",South America,Venezuela,River,-67.5694,4.0062
2009-04-24 02:27:53,82.103,0.047,13510,"Orinoco, River",South America,Venezuela,River,-67.5694,4.0062
2009-05-29 02:27:55,81.752,0.016,13510,"Orinoco, River",South America,Venezuela,River,-67.5694,4.0062
2009-07-03 02:27:55,85.26,0.013,13510,"Orinoco, River",South America,Venezuela,River,-67.5694,4.0062
2009-08-07 02:27:55,86.484,0.005,13510,"Orinoco, River",South America,Venezuela,River,-67.5694,4.0062
2009-09-11 02:27:52,84.817,0.033,13510,"Orinoco, River",South America,Venezuela,River,-67.5694,4.0062
2009-10-16 02:27:49,82.752,0.023,13510,"Orinoco, River",South America,Venezuela,River,-67.5694,4.0062
2009-11-20 02:27:49,81.216,0.004,13510,"Orinoco, River",South America,Venezuela,River,-67.5694,4.0062
2009-12-25 02:27:48,80.216,0.031,13510,"Orinoco, River",South America,Venezuela,River,-67.5694,4.0062
2010-01-29 02:27:49,79.912,0.008,13510,"Orinoco, River",South America,Venezuela,River,-67.5694,4.0062
2010-03-05 02:27:48,79.483,0.017,13510,"Orinoco, River",South America,Venezuela,River,-67.5694,4.0062
2010-04-09 02:27:47,80.226,0.045,13510,"Orinoco, River",South America,Venezuela,River,-67.5694,4.0062
2010-05-14 02:27:46,84.988,0.008,13510,"Orinoco, River",South America,Venezuela,River,-67.5694,4.0062
2010-06-18 02:27:46,86.482,0.002,13510,"Orinoco, River",South America,Venezuela,River,-67.5694,4.0062
2010-08-27 02:27:47,88.194,0.004,13510,"Orinoco, River",South America,Venezuela,River,-67.5694,4.0062
2010-10-01 02:27:43,85.273,0.008,13510,"Orinoco, River",South America,Venezuela,River,-67.5694,4.0062
2016-05-17 14:09:16,0.443,0.113,19803,"Orinoco, River",,,River,-61.0465,8.5121
2016-06-13 14:09:16,0.845,0.043,19803,"Orinoco, River",,,River,-61.0465,8.5121
2016-07-10 14:09:17,1.417,0.054,19803,"Orinoco, River",,,River,-61.0465,8.5121
2016-08-06 14:09:16,1.741,0.009,19803,"Orinoco, River",,,River,-61.0465,8.5121
2016-09-02 14:09:14,1.729,0.015,19803,"Orinoco, River",,,River,-61.0465,8.5121
2016-09-29 14:09:20,1.579,0.021,19803,"Orinoco, River",,,River,-61.0465,8.5121
2016-10-26 14:09:17,0.714,0.034,19803,"Orinoco, River",,,River,-61.0465,8.5121
2016-11-22 14:09:15,0.521,0.032,19803,"Orinoco, River",,,River,-61.0465,8.5121
2016-12-19 14:09:14,1.234,0.004,19803,"Orinoco, River",,,River,-61.0465,8.5121
2017-01-15 14:09:16,1.278,0.006,19803,"Orinoco, River",,,River,-61.0465,8.5121
2017-02-11 14:09:16,0.955,0.007,19803,"Orinoco, River",,,River,-61.0465,8.5121
2017-03-10 14:09:15,0.242,0.042,19803,"Orinoco, River",,,River,-61.0465,8.5121
2017-04-06 14:09:19,0.286,0.182,19803,"Orinoco, River",,,River,-61.0465,8.5121
2017-05-03 14:09:22,0.75,0.003,19803,"Orinoco, River",,,River,-61.0465,8.5121
2017-05-30 14:09:26,1.299,0.003,19803,"Orinoco, River",,,River,-61.0465,8.5121
2017-06-26 14:09:25,1.593,0.006,19803,"Orinoco, River",,,River,-61.0465,8.5121
2017-07-23 14:09:22,1.646,0.032,19803,"Orinoco, River",,,River,-61.0465,8.5121
2017-08-19 14:09:20,1.618,0.023,19803,"Orinoco, River",,,River,-61.0465,8.5121
2017-09-15 14:09:18,1.241,0.012,19803,"Orinoco, River",,,River,-61.0465,8.5121
2017-10-12 14:09:22,-0.137,0.078,19803,"Orinoco, River",,,River,-61.0465,8.5121
2017-11-08 14:09:22,1.5,0.015,19803,"Orinoco, River",,,River,-61.0465,8.5121
2017-12-05 14:09:19,1.203,0.041,19803,"Orinoco, River",,,River,-61.0465,8.5121
2018-01-01 14:09:22,0.441,0.079,19803,"Orinoco, River",,,River,-61.0465,8.5121
2018-01-28 14:09:24,-0.171,0.011,19803,"Orinoco, River",,,River,-61.0465,8.5121
2018-02-24 14:09:23,0.338,0.015,19803,"Orinoco, River",,,River,-61.0465,8.5121
2018-03-23 14:09:22,0.983,0.019,19803,"Orinoco, River",,,River,-61.0465,8.5121
2018-04-19 14:09:26,1.027,0.043,19803,"Orinoco, River",,,River,-61.0465,8.5121
2018-05-16 14:09:26,1.109,0.041,19803,"Orinoco, River",,,River,-61.0465,8.5121
2018-06-12 14:09:27,1.059,0.033,19803,"Orinoco, River",,,River,-61.0465,8.5121
2018-07-09 14:09:27,1.372,0.059,19803,"Orinoco, River",,,River,-61.0465,8.5121
2018-08-05 14:09:23,1.814,0.006,19803,"Orinoco, River",,,River,-61.0465,8.5121
2018-09-01 14:09:21,2.007,0.025,19803,"Orinoco, River",,,River,-61.0465,8.5121
2018-09-28 14:09:26,1.883,0.026,19803,"Orinoco, River",,,River,-61.0465,8.5121
2018-10-25 14:09:28,1.503,0.035,19803,"Orinoco, River",,,River,-61.0465,8.5121
2018-11-21 14:09:26,0.812,0.052,19803,"Orinoco, River",,,River,-61.0465,8.5121
2018-12-18 14:09:21,0.164,0.011,19803,"Orinoco, River",,,River,-61.0465,8.5121
2019-01-14 14:09:25,0.606,0.123,19803,"Orinoco, River",,,River,-61.0465,8.5121
2019-02-10 14:09:26,1.023,0.007,19803,"Orinoco, River",,,River,-61.0465,8.5121
2019-03-09 14:09:24,0.779,0.021,19803,"Orinoco, River",,,River,-61.0465,8.5121
2019-04-05 14:09:28,0.444,0.026,19803,"Orinoco, River",,,River,-61.0465,8.5121
2019-05-02 14:09:32,0.436,0.025,19803,"Orinoco, River",,,River,-61.0465,8.5121
2019-05-29 14:09:32,0.219,0.485,19803,"Orinoco, River",,,River,-61.0465,8.5121
2019-06-25 14:09:31,1.136,0.047,19803,"Orinoco, River",,,River,-61.0465,8.5121
2019-07-22 14:09:30,1.437,0.062,19803,"Orinoco, River",,,River,-61.0465,8.5121
2019-08-18 14:09:27,1.842,0.001,19803,"Orinoco, River",,,River,-61.0465,8.5121
2019-09-14 14:09:28,1.647,0.025,19803,"Orinoco, River",,,River,-61.0465,8.5121
2019-10-11 14:09:30,1.026,0.023,19803,"Orinoco, River",,,River,-61.0465,8.5121
2019-11-07 14:09:29,0.44,0.031,19803,"Orinoco, River",,,River,-61.0465,8.5121
2019-12-04 14:09:25,0.883,0.067,19803,"Orinoco, River",,,River,-61.0465,8.5121
2019-12-31 14:09:27,1.0,0.08,19803,"Orinoco, River",,,River,-61.0465,8.5121
2020-01-27 14:09:28,0.845,0.004,19803,"Orinoco, River",,,River,-61.0465,8.5121
2020-02-23 14:09:28,0.333,0.041,19803,"Orinoco, River",,,River,-61.0465,8.5121
2020-03-21 14:09:29,0.127,0.018,19803,"Orinoco, River",,,River,-61.0465,8.5121
2020-04-17 14:09:34,-0.132,0.071,19803,"Orinoco, River",,,River,-61.0465,8.5121
2020-05-14 14:09:36,0.684,0.046,19803,"Orinoco, River",,,River,-61.0465,8.5121
2020-06-10 14:09:34,1.2,0.047,19803,"Orinoco, River",,,River,-61.0465,8.5121
2020-07-07 14:09:34,1.258,0.031,19803,"Orinoco, River",,,River,-61.0465,8.5121
2020-08-03 14:09:33,1.277,0.024,19803,"Orinoco, River",,,River,-61.0465,8.5121
2020-08-30 14:09:30,1.367,0.005,19803,"Orinoco, River",,,River,-61.0465,8.5121
2020-09-26 14:09:33,0.507,0.04,19803,"Orinoco, River",,,River,-61.0465,8.5121
2020-10-23 14:09:33,0.885,0.009,19803,"Orinoco, River",,,River,-61.0465,8.5121
2020-11-19 14:09:30,1.234,0.015,19803,"Orinoco, River",,,River,-61.0465,8.5121
2021-01-12 14:09:33,0.779,0.001,19803,"Orinoco, River",,,River,-61.0465,8.5121
2021-03-07 14:09:32,0.499,0.056,19803,"Orinoco, River",,,River,-61.0465,8.5121
2021-04-03 14:09:35,1.062,0.005,19803,"Orinoco, River",,,River,-61.0465,8.5121
2021-04-30 14:09:39,1.344,0.011,19803,"Orinoco, River",,,River,-61.0465,8.5121
2021-05-27 14:09:39,1.456,0.005,19803,"Orinoco, River",,,River,-61.0465,8.5121
2021-06-23 14:09:41,1.468,0.021,19803,"Orinoco, River",,,River,-61.0465,8.5121
2021-07-20 14:09:40,1.376,0.031,19803,"Orinoco, River",,,River,-61.0465,8.5121
2021-08-16 14:09:36,1.634,0.034,19803,"Orinoco, River",,,River,-61.0465,8.5121
2021-09-12 14:09:35,1.755,0.035,19803,"Orinoco, River",,,River,-61.0465,8.5121
2021-10-09 14:09:38,1.755,0.024,19803,"Orinoco, River",,,River,-61.0465,8.5121
2021-11-05 14:09:36,1.353,0.013,19803,"Orinoco, River",,,River,-61.0465,8.5121
2021-12-02 14:09:35,0.716,0.01,19803,"Orinoco, River",,,River,-61.0465,8.5121
2021-12-29 14:09:37,0.317,0.011,19803,"Orinoco, River",,,River,-61.0465,8.5121
2022-01-25 14:09:41,1.128,0.035,19803,"Orinoco, River",,,River,-61.0465,8.5121
2022-02-21 14:09:39,1.116,0.04,19803,"Orinoco, River",,,River,-61.0465,8.5121
2022-03-20 14:09:39,1.074,0.028,19803,"Orinoco, River",,,River,-61.0465,8.5121
2022-04-16 14:09:40,0.88,0.07,19803,"Orinoco, River",,,River,-61.0465,8.5121
2022-05-13 14:09:41,0.773,0.011,19803,"Orinoco, River",,,River,-61.0465,8.5121
2022-06-09 14:09:40,1.014,0.035,19803,"Orinoco, River",,,River,-61.0465,8.5121
2022-07-06 14:09:39,1.635,0.047,19803,"Orinoco, River",,,River,-61.0465,8.5121
2022-08-02 14:09:36,1.779,0.013,19803,"Orinoco, River",,,River,-61.0465,8.5121
2022-08-29 14:09:33,1.87,0.024,19803,"Orinoco, River",,,River,-61.0465,8.5121
2022-09-25 14:09:36,1.746,0.001,19803,"Orinoco, River",,,River,-61.0465,8.5121
2022-10-22 14:09:36,1.12,0.01,19803,"Orinoco, River",,,River,-61.0465,8.5121
2022-11-18 14:09:33,0.768,0.044,19803,"Orinoco, River",,,River,-61.0465,8.5121
2022-12-15 14:09:32,1.07,0.019,19803,"Orinoco, River",,,River,-61.0465,8.5121
2023-01-11 14:09:34,1.039,0.014,19803,"Orinoco, River",,,River,-61.0465,8.5121
2023-02-07 14:09:36,0.827,0.004,19803,"Orinoco, River",,,River,-61.0465,8.5121
2023-04-02 14:09:38,0.109,0.03,19803,"Orinoco, River",,,River,-61.0465,8.5121
2023-04-29 14:09:39,0.447,0.117,19803,"Orinoco, River",,,River,-61.0465,8.5121
2023-05-26 14:09:38,1.037,0.08,19803,"Orinoco, River",,,River,-61.0465,8.5121
2023-06-22 14:09:35,1.434,0.038,19803,"Orinoco, River",,,River,-61.0465,8.5121
2023-07-19 14:09:32,1.461,0.02,19803,"Orinoco, River",,,River,-61.0465,8.5121
2023-08-15 14:09:28,1.528,0.022,19803,"Orinoco, River",,,River,-61.0465,8.5121
2023-09-11 14:09:31,1.221,0.015,19803,"Orinoco, River",,,River,-61.0465,8.5121
2023-10-08 14:09:32,1.036,0.005,19803,"Orinoco, River",,,River,-61.0465,8.5121
2023-11-04 14:09:31,1.187,0.107,19803,"Orinoco, River",,,River,-61.0465,8.5121
2023-12-01 14:09:28,1.028,0.031,19803,"Orinoco, River",,,River,-61.0465,8.5121
2023-12-28 14:09:34,0.77,0.067,19803,"Orinoco, River",,,River,-61.0465,8.5121
2024-01-24 14:09:33,0.363,0.024,19803,"Orinoco, River",,,River,-61.0465,8.5121
2024-02-20 14:09:34,-0.068,0.008,19803,"Orinoco, River",,,River,-61.0465,8.5121
2024-03-18 14:09:34,0.299,0.03,19803,"Orinoco, River",,,River,-61.0465,8.5121
2024-04-14 14:09:39,1.065,0.011,19803,"Orinoco, River",,,River,-61.0465,8.5121
2024-05-11 14:09:40,1.202,0.04,19803,"Orinoco, River",,,River,-61.0465,8.5121
2024-06-07 14:09:41,1.071,0.024,19803,"Orinoco, River",,,River,-61.0465,8.5121
2024-07-04 14:09:38,1.179,0.05,19803,"Orinoco, River",,,River,-61.0465,8.5121
2024-07-31 14:09:36,1.363,0.005,19803,"Orinoco, River",,,River,-61.0465,8.5121
2024-08-27 14:09:32,1.537,0.009,19803,"Orinoco, River",,,River,-61.0465,8.5121
2024-09-23 14:09:34,1.348,0.042,19803,"Orinoco, River",,,River,-61.0465,8.5121
2024-10-20 14:09:35,1.29,0.051,19803,"Orinoco, River",,,River,-61.0465,8.5121
2024-11-16 14:09:33,0.991,0.09,19803,"Orinoco, River",,,River,-61.0465,8.5121
2024-12-13 14:09:29,0.342,0.046,19803,"Orinoco, River",,,River,-61.0465,8.5121
2025-01-09 14:09:33,0.089,0.022,19803,"Orinoco, River",,,River,-61.0465,8.5121
2025-02-05 14:09:36,0.967,0.046,19803,"Orinoco, River",,,River,-61.0465,8.5121
2025-03-04 14:09:35,1.224,0.044,19803,"Orinoco, River",,,River,-61.0465,8.5121
2025-03-31 14:09:37,1.113,0.008,19803,"Orinoco, River",,,River,-61.0465,8.5121
2025-04-27 14:09:41,0.809,0.01,19803,"Orinoco, River",,,River,-61.0465,8.5121
2025-05-24 14:09:43,0.798,0.026,19803,"Orinoco, River",,,River,-61.0465,8.5121
2025-06-20 14:09:43,1.031,0.02,19803,"Orinoco, River",,,River,-61.0465,8.5121
2025-07-17 14:09:43,1.722,0.017,19803,"Orinoco, River",,,River,-61.0465,8.5121
2025-08-13 14:09:42,2.247,0.079,19803,"Orinoco, River",,,River,-61.0465,8.5121
2025-09-09 14:09:39,2.015,0.014,19803,"Orinoco, River",,,River,-61.0465,8.5121
2025-10-06 14:09:42,1.711,0.006,19803,"Orinoco, River",,,River,-61.0465,8.5121
2025-11-02 14:09:44,0.961,0.049,19803,"Orinoco, River",,,River,-61.0465,8.5121
2016-05-19 02:23:50,99.823,0.015,15030,"Orinoco, River",South America,Venezuela,River,-66.4477,3.0932
2016-06-15 02:23:51,100.061,0.011,15030,"Orinoco, River",South America,Venezuela,River,-66.4477,3.0932
2016-07-12 02:23:51,101.128,0.05,15030,"Orinoco, River",South America,Venezuela,River,-66.4477,3.0932
2016-08-08 02:23:50,101.114,0.001,15030,"Orinoco, River",South America,Venezuela,River,-66.4477,3.0932
2016-09-04 02:23:48,99.558,0.006,15030,"Orinoco, River",South America,Venezuela,River,-66.4477,3.0932
2016-10-01 02:23:54,99.259,0.019,15030,"Orinoco, River",South America,Venezuela,River,-66.4477,3.0932
2016-10-28 02:23:51,99.056,0.02,15030,"Orinoco, River",South America,Venezuela,River,-66.4477,3.0932
2016-11-24 02:23:49,98.435,0.01,15030,"Orinoco, River",South America,Venezuela,River,-66.4477,3.0932
2016-12-21 02:23:48,98.449,0.005,15030,"Orinoco, River",South America,Venezuela,River,-66.4477,3.0932
2017-01-17 02:23:51,98.19,0.019,15030,"Orinoco, River",South America,Venezuela,River,-66.4477,3.0932
2017-02-13 02:23:50,97.933,0.066,15030,"Orinoco, River",South America,Venezuela,River,-66.4477,3.0932
2017-03-12 02:23:49,98.239,0.007,15030,"Orinoco, River",South America,Venezuela,River,-66.4477,3.0932
2017-04-08 02:23:53,97.873,0.041,15030,"Orinoco, River",South America,Venezuela,River,-66.4477,3.0932
2017-05-05 02:23:56,99.941,0.046,15030,"Orinoco, River",South America,Venezuela,River,-66.4477,3.0932
2017-06-01 02:24:00,99.491,0.007,15030,"Orinoco, River",South America,Venezuela,River,-66.4477,3.0932
2017-06-28 02:23:59,101.052,0.023,15030,"Orinoco, River",South America,Venezuela,River,-66.4477,3.0932
2017-07-25 02:23:56,102.017,0.019,15030,"Orinoco, River",South America,Venezuela,River,-66.4477,3.0932
2017-08-21 02:23:54,100.226,0.009,15030,"Orinoco, River",South America,Venezuela,River,-66.4477,3.0932
2017-09-17 02:23:52,99.391,0.018,15030,"Orinoco, River",South America,Venezuela,River,-66.4477,3.0932
2017-10-14 02:23:56,99.314,0.003,15030,"Orinoco, River",South America,Venezuela,River,-66.4477,3.0932
2017-11-10 02:23:56,98.662,0.021,15030,"Orinoco, River",South America,Venezuela,River,-66.4477,3.0932
2017-12-07 02:23:53,97.715,0.03,15030,"Orinoco, River",South America,Venezuela,River,-66.4477,3.0932
2018-01-03 02:23:56,97.9,0.002,15030,"Orinoco, River",South America,Venezuela,River,-66.4477,3.0932
2018-01-30 02:23:58,97.245,0.02,15030,"Orinoco, River",South America,Venezuela,River,-66.4477,3.0932
2018-04-21 02:24:00,98.309,0.053,15030,"Orinoco, River",South America,Venezuela,River,-66.4477,3.0932
2018-05-18 02:24:00,100.67,0.021,15030,"Orinoco, River",South America,Venezuela,River,-66.4477,3.0932
2018-06-14 02:24:02,102.031,0.002,15030,"Orinoco, River",South America,Venezuela,River,-66.4477,3.0932
2018-07-11 02:24:01,102.236,0.075,15030,"Orinoco, River",South America,Venezuela,River,-66.4477,3.0932
2018-08-07 02:23:57,101.842,0.019,15030,"Orinoco, River",South America,Venezuela,River,-66.4477,3.0932
2018-09-03 02:23:56,99.964,0.003,15030,"Orinoco, River",South America,Venezuela,River,-66.4477,3.0932
2018-09-30 02:24:00,99.702,0.021,15030,"Orinoco, River",South America,Venezuela,River,-66.4477,3.0932
2018-10-27 02:24:02,98.533,0.001,15030,"Orinoco, River",South America,Venezuela,River,-66.4477,3.0932
2018-11-23 02:23:59,97.724,0.001,15030,"Orinoco, River",South America,Venezuela,River,-66.4477,3.0932
2018-12-20 02:23:55,97.759,0.004,15030,"Orinoco, River",South America,Venezuela,River,-66.4477,3.0932
2019-01-16 02:23:59,97.295,0.006,15030,"Orinoco, River",South America,Venezuela,River,-66.4477,3.0932
2019-02-12 02:24:00,97.292,0.024,15030,"Orinoco, River",South America,Venezuela,River,-66.4477,3.0932
2019-05-04 02:24:06,97.964,0.032,15030,"Orinoco, River",South America,Venezuela,River,-66.4477,3.0932
2019-05-31 02:24:06,101.1,0.0,15030,"Orinoco, River",South America,Venezuela,River,-66.4477,3.0932
2019-06-27 02:24:05,101.396,0.005,15030,"Orinoco, River",South America,Venezuela,River,-66.4477,3.0932
2019-07-24 02:24:04,101.136,0.013,15030,"Orinoco, River",South America,Venezuela,River,-66.4477,3.0932
2019-08-20 02:24:01,101.487,0.003,15030,"Orinoco, River",South America,Venezuela,River,-66.4477,3.0932
2019-09-16 02:24:02,99.778,0.017,15030,"Orinoco, River",South America,Venezuela,River,-66.4477,3.0932
2019-10-13 02:24:04,99.644,0.05,15030,"Orinoco, River",South America,Venezuela,River,-66.4477,3.0932
2019-11-09 02:24:03,98.664,0.018,15030,"Orinoco, River",South America,Venezuela,River,-66.4477,3.0932
2019-12-06 02:23:58,98.062,0.007,15030,"Orinoco, River",South America,Venezuela,River,-66.4477,3.0932
2020-01-02 02:24:01,98.265,0.005,15030,"Orinoco, River",South America,Venezuela,River,-66.4477,3.0932
2020-01-29 02:24:02,97.468,0.026,15030,"Orinoco, River",South America,Venezuela,River,-66.4477,3.0932
2020-03-23 02:24:03,97.318,0.021,15030,"Orinoco, River",South America,Venezuela,River,-66.4477,3.0932
2020-04-19 02:24:08,97.348,0.03,15030,"Orinoco, River",South America,Venezuela,River,-66.4477,3.0932
2020-05-16 02:24:10,99.907,0.019,15030,"Orinoco, River",South America,Venezuela,River,-66.4477,3.0932
2020-06-12 02:24:08,101.162,0.012,15030,"Orinoco, River",South America,Venezuela,River,-66.4477,3.0932
2020-07-09 02:24:08,101.795,0.034,15030,"Orinoco, River",South America,Venezuela,River,-66.4477,3.0932
2020-08-05 02:24:07,101.307,0.005,15030,"Orinoco, River",South America,Venezuela,River,-66.4477,3.0932
2020-09-01 02:24:04,100.79,0.016,15030,"Orinoco, River",South America,Venezuela,River,-66.4477,3.0932
2020-09-28 02:24:07,99.676,0.027,15030,"Orinoco, River",South America,Venezuela,River,-66.4477,3.0932
2020-10-25 02:24:07,98.517,0.002,15030,"Orinoco, River",South America,Venezuela,River,-66.4477,3.0932
2020-11-21 02:24:04,99.333,0.019,15030,"Orinoco, River",South America,Venezuela,River,-66.4477,3.0932
2020-12-18 02:24:01,98.777,0.049,15030,"Orinoco, River",South America,Venezuela,River,-66.4477,3.0932
2021-01-14 02:24:07,99.269,0.025,15030,"Orinoco, River",South America,Venezuela,River,-66.4477,3.0932
2021-02-10 02:24:09,98.054,0.037,15030,"Orinoco, River",South America,Venezuela,River,-66.4477,3.0932
2021-03-09 02:24:06,97.613,0.048,15030,"Orinoco, River",South America,Venezuela,River,-66.4477,3.0932
2021-04-05 02:24:09,98.74,0.002,15030,"Orinoco, River",South America,Venezuela,River,-66.4477,3.0932
2021-05-02 02:24:13,99.404,0.017,15030,"Orinoco, River",South America,Venezuela,River,-66.4477,3.0932
2021-05-29 02:24:13,101.796,0.007,15030,"Orinoco, River",South America,Venezuela,River,-66.4477,3.0932
2021-06-25 02:24:15,102.437,0.026,15030,"Orinoco, River",South America,Venezuela,River,-66.4477,3.0932
2021-07-22 02:24:14,102.196,0.0,15030,"Orinoco, River",South America,Venezuela,River,-66.4477,3.0932
2021-08-18 02:24:10,101.951,0.02,15030,"Orinoco, River",South America,Venezuela,River,-66.4477,3.0932
2021-09-14 02:24:09,101.194,0.001,15030,"Orinoco, River",South America,Venezuela,River,-66.4477,3.0932
2021-10-11 02:24:12,99.902,0.006,15030,"Orinoco, River",South America,Venezuela,River,-66.4477,3.0932
2021-11-07 02:24:11,100.61,0.0,15030,"Orinoco, River",South America,Venezuela,River,-66.4477,3.0932
2021-12-04 02:24:09,99.317,0.014,15030,"Orinoco, River",South America,Venezuela,River,-66.4477,3.0932
2021-12-31 02:24:11,99.513,0.011,15030,"Orinoco, River",South America,Venezuela,River,-66.4477,3.0932
2022-01-27 02:24:15,98.385,0.006,15030,"Orinoco, River",South America,Venezuela,River,-66.4477,3.0932
2022-02-23 02:24:12,98.046,0.007,15030,"Orinoco, River",South America,Venezuela,River,-66.4477,3.0932
2022-03-22 02:24:13,100.009,0.022,15030,"Orinoco, River",South America,Venezuela,River,-66.4477,3.0932
2022-04-18 02:24:15,99.505,0.011,15030,"Orinoco, River",South America,Venezuela,River,-66.4477,3.0932
2022-05-15 02:24:15,101.037,0.055,15030,"Orinoco, River",South America,Venezuela,River,-66.4477,3.0932
2022-06-11 02:24:14,102.096,0.06,15030,"Orinoco, River",South America,Venezuela,River,-66.4477,3.0932
2022-07-08 02:24:13,102.292,0.014,15030,"Orinoco, River",South America,Venezuela,River,-66.4477,3.0932
2022-08-04 02:24:10,101.966,0.011,15030,"Orinoco, River",South America,Venezuela,River,-66.4477,3.0932
2022-08-31 02:24:08,100.827,0.007,15030,"Orinoco, River",South America,Venezuela,River,-66.4477,3.0932
2022-09-27 02:24:10,99.979,0.006,15030,"Orinoco, River",South America,Venezuela,River,-66.4477,3.0932
2022-10-24 02:24:09,99.785,0.007,15030,"Orinoco, River",South America,Venezuela,River,-66.4477,3.0932
2022-11-20 02:24:06,100.222,0.042,15030,"Orinoco, River",South America,Venezuela,River,-66.4477,3.0932
2022-12-17 02:24:06,99.849,0.0,15030,"Orinoco, River",South America,Venezuela,River,-66.4477,3.0932
2023-01-13 02:24:08,99.487,0.021,15030,"Orinoco, River",South America,Venezuela,River,-66.4477,3.0932
2023-02-09 02:24:10,98.045,0.003,15030,"Orinoco, River",South America,Venezuela,River,-66.4477,3.0932
2023-03-08 02:24:08,98.232,0.014,15030,"Orinoco, River",South America,Venezuela,River,-66.4477,3.0932
2023-04-04 02:24:12,98.472,0.025,15030,"Orinoco, River",South America,Venezuela,River,-66.4477,3.0932
2023-05-01 02:24:13,99.301,0.03,15030,"Orinoco, River",South America,Venezuela,River,-66.4477,3.0932
2023-05-28 02:24:12,101.335,0.02,15030,"Orinoco, River",South America,Venezuela,River,-66.4477,3.0932
2023-06-24 02:24:09,101.057,0.022,15030,"Orinoco, River",South America,Venezuela,River,-66.4477,3.0932
2023-07-21 02:24:06,101.71,0.021,15030,"Orinoco, River",South America,Venezuela,River,-66.4477,3.0932
2023-08-17 02:24:01,100.363,0.0,15030,"Orinoco, River",South America,Venezuela,River,-66.4477,3.0932
2023-09-13 02:24:06,98.653,0.016,15030,"Orinoco, River",South America,Venezuela,River,-66.4477,3.0932
2023-10-10 02:24:06,97.868,0.024,15030,"Orinoco, River",South America,Venezuela,River,-66.4477,3.0932
2023-11-06 02:24:05,97.637,0.004,15030,"Orinoco, River",South America,Venezuela,River,-66.4477,3.0932
2023-12-03 02:24:03,97.912,0.013,15030,"Orinoco, River",South America,Venezuela,River,-66.4477,3.0932
2023-12-30 02:24:07,97.727,0.011,15030,"Orinoco, River",South America,Venezuela,River,-66.4477,3.0932
2024-01-26 02:24:08,97.137,0.061,15030,"Orinoco, River",South America,Venezuela,River,-66.4477,3.0932
2024-05-13 02:24:13,99.841,0.008,15030,"Orinoco, River",South America,Venezuela,River,-66.4477,3.0932
2024-06-09 02:24:15,101.884,0.011,15030,"Orinoco, River",South America,Venezuela,River,-66.4477,3.0932
2024-07-06 02:24:12,101.182,0.005,15030,"Orinoco, River",South America,Venezuela,River,-66.4477,3.0932
2024-08-02 02:24:10,101.748,0.032,15030,"Orinoco, River",South America,Venezuela,River,-66.4477,3.0932
2024-08-29 02:24:06,99.818,0.012,15030,"Orinoco, River",South America,Venezuela,River,-66.4477,3.0932
2024-09-25 02:24:08,98.545,0.032,15030,"Orinoco, River",South America,Venezuela,River,-66.4477,3.0932
2024-10-22 02:24:09,98.273,0.037,15030,"Orinoco, River",South America,Venezuela,River,-66.4477,3.0932
2024-11-18 02:24:07,98.224,0.015,15030,"Orinoco, River",South America,Venezuela,River,-66.4477,3.0932
2024-12-15 02:24:03,97.68,0.024,15030,"Orinoco, River",South America,Venezuela,River,-66.4477,3.0932
2025-01-11 02:24:08,98.331,0.012,15030,"Orinoco, River",South America,Venezuela,River,-66.4477,3.0932
2025-02-07 02:24:10,97.571,0.012,15030,"Orinoco, River",South America,Venezuela,River,-66.4477,3.0932
2025-03-06 02:24:09,97.472,0.011,15030,"Orinoco, River",South America,Venezuela,River,-66.4477,3.0932
2025-04-02 02:24:11,98.061,0.027,15030,"Orinoco, River",South America,Venezuela,River,-66.4477,3.0932
2025-04-29 02:24:15,99.467,0.005,15030,"Orinoco, River",South America,Venezuela,River,-66.4477,3.0932
2025-05-26 02:24:18,101.008,0.058,15030,"Orinoco, River",South America,Venezuela,River,-66.4477,3.0932
2025-06-22 02:24:17,101.623,0.002,15030,"Orinoco, River",South America,Venezuela,River,-66.4477,3.0932
2025-07-19 02:24:18,101.724,0.01,15030,"Orinoco, River",South America,Venezuela,River,-66.4477,3.0932
2025-08-15 02:24:16,100.664,0.012,15030,"Orinoco, River",South America,Venezuela,River,-66.4477,3.0932
2025-09-11 02:24:13,100.601,0.019,15030,"Orinoco, River",South America,Venezuela,River,-66.4477,3.0932
2025-10-08 02:24:16,99.053,0.009,15030,"Orinoco, River",South America,Venezuela,River,-66.4477,3.0932
2025-11-04 02:24:18,98.727,0.013,15030,"Orinoco, River",South America,Venezuela,River,-66.4477,3.0932
2025-12-01 02:24:15,99.389,0.016,15030,"Orinoco, River",South America,Venezuela,River,-66.4477,3.0932
2016-05-23 02:20:06,111.24,0.006,18786,"Orinooco, River",South America,Venezuela,River,-65.5232,3.1308
2016-06-19 02:20:07,113.241,0.001,18786,"Orinooco, River",South America,Venezuela,River,-65.5232,3.1308
2016-07-16 02:20:06,112.726,0.074,18786,"Orinooco, River",South America,Venezuela,River,-65.5232,3.1308
2016-08-12 02:20:05,112.892,0.006,18786,"Orinooco, River",South America,Venezuela,River,-65.5232,3.1308
2016-09-08 02:20:06,111.952,0.015,18786,"Orinooco, River",South America,Venezuela,River,-65.5232,3.1308
2016-10-05 02:20:10,112.165,0.243,18786,"Orinooco, River",South America,Venezuela,River,-65.5232,3.1308
2016-11-01 02:20:06,111.35,0.003,18786,"Orinooco, River",South America,Venezuela,River,-65.5232,3.1308
2016-11-28 02:20:05,111.524,0.017,18786,"Orinooco, River",South America,Venezuela,River,-65.5232,3.1308
2016-12-25 02:20:05,111.491,0.003,18786,"Orinooco, River",South America,Venezuela,River,-65.5232,3.1308
2017-01-21 02:20:07,110.934,0.001,18786,"Orinooco, River",South America,Venezuela,River,-65.5232,3.1308
2017-02-17 02:20:06,110.523,0.009,18786,"Orinooco, River",South America,Venezuela,River,-65.5232,3.1308
2017-03-16 02:20:05,111.32,0.002,18786,"Orinooco, River",South America,Venezuela,River,-65.5232,3.1308
2017-04-12 02:20:10,111.082,0.008,18786,"Orinooco, River",South America,Venezuela,River,-65.5232,3.1308
2017-05-09 02:20:14,113.514,0.013,18786,"Orinooco, River",South America,Venezuela,River,-65.5232,3.1308
2017-06-05 02:20:16,112.367,0.017,18786,"Orinooco, River",South America,Venezuela,River,-65.5232,3.1308
2017-07-02 02:20:15,114.111,0.016,18786,"Orinooco, River",South America,Venezuela,River,-65.5232,3.1308
2017-07-29 02:20:12,114.546,0.016,18786,"Orinooco, River",South America,Venezuela,River,-65.5232,3.1308
2017-08-25 02:20:09,112.411,0.002,18786,"Orinooco, River",South America,Venezuela,River,-65.5232,3.1308
2017-09-21 02:20:09,112.579,0.027,18786,"Orinooco, River",South America,Venezuela,River,-65.5232,3.1308
2017-10-18 02:20:12,112.135,0.026,18786,"Orinooco, River",South America,Venezuela,River,-65.5232,3.1308
2017-11-14 02:20:12,111.115,0.006,18786,"Orinooco, River",South America,Venezuela,River,-65.5232,3.1308
2017-12-11 02:20:08,110.547,0.002,18786,"Orinooco, River",South America,Venezuela,River,-65.5232,3.1308
2018-01-07 02:20:13,110.698,0.006,18786,"Orinooco, River",South America,Venezuela,River,-65.5232,3.1308
2018-02-03 02:20:15,110.106,0.013,18786,"Orinooco, River",South America,Venezuela,River,-65.5232,3.1308
2018-03-02 02:20:13,110.02,0.006,18786,"Orinooco, River",South America,Venezuela,River,-65.5232,3.1308
2018-03-29 02:20:13,109.889,0.005,18786,"Orinooco, River",South America,Venezuela,River,-65.5232,3.1308
2018-04-25 02:20:17,111.79,0.007,18786,"Orinooco, River",South America,Venezuela,River,-65.5232,3.1308
2018-05-22 02:20:16,113.384,0.025,18786,"Orinooco, River",South America,Venezuela,River,-65.5232,3.1308
2018-06-18 02:20:18,114.474,0.0,18786,"Orinooco, River",South America,Venezuela,River,-65.5232,3.1308
2018-07-15 02:20:16,114.639,0.025,18786,"Orinooco, River",South America,Venezuela,River,-65.5232,3.1308
2018-08-11 02:20:13,113.513,0.002,18786,"Orinooco, River",South America,Venezuela,River,-65.5232,3.1308
2018-09-07 02:20:13,112.622,0.017,18786,"Orinooco, River",South America,Venezuela,River,-65.5232,3.1308
2018-10-04 02:20:17,112.394,0.14,18786,"Orinooco, River",South America,Venezuela,River,-65.5232,3.1308
2018-10-31 02:20:18,110.844,0.018,18786,"Orinooco, River",South America,Venezuela,River,-65.5232,3.1308
2018-11-27 02:20:15,111.013,0.008,18786,"Orinooco, River",South America,Venezuela,River,-65.5232,3.1308
2018-12-24 02:20:12,110.69,0.006,18786,"Orinooco, River",South America,Venezuela,River,-65.5232,3.1308
2019-01-20 02:20:15,110.317,0.012,18786,"Orinooco, River",South America,Venezuela,River,-65.5232,3.1308
2019-02-16 02:20:16,110.113,0.009,18786,"Orinooco, River",South America,Venezuela,River,-65.5232,3.1308
2019-03-15 02:20:14,109.759,0.001,18786,"Orinooco, River",South America,Venezuela,River,-65.5232,3.1308
2019-04-11 02:20:20,110.055,0.005,18786,"Orinooco, River",South America,Venezuela,River,-65.5232,3.1308
2019-05-08 02:20:22,110.995,0.019,18786,"Orinooco, River",South America,Venezuela,River,-65.5232,3.1308
2019-06-04 02:20:22,113.639,0.027,18786,"Orinooco, River",South America,Venezuela,River,-65.5232,3.1308
2019-07-01 02:20:21,113.025,0.002,18786,"Orinooco, River",South America,Venezuela,River,-65.5232,3.1308
2019-07-28 02:20:20,113.39,0.027,18786,"Orinooco, River",South America,Venezuela,River,-65.5232,3.1308
2019-08-24 02:20:16,113.858,0.02,18786,"Orinooco, River",South America,Venezuela,River,-65.5232,3.1308
2019-09-20 02:20:19,112.994,0.02,18786,"Orinooco, River",South America,Venezuela,River,-65.5232,3.1308
2019-10-17 02:20:20,112.099,0.004,18786,"Orinooco, River",South America,Venezuela,River,-65.5232,3.1308
2019-11-13 02:20:18,111.432,0.018,18786,"Orinooco, River",South America,Venezuela,River,-65.5232,3.1308
2019-12-10 02:20:14,111.092,0.002,18786,"Orinooco, River",South America,Venezuela,River,-65.5232,3.1308
2020-01-06 02:20:17,110.79,0.016,18786,"Orinooco, River",South America,Venezuela,River,-65.5232,3.1308
2020-02-02 02:20:19,110.609,0.001,18786,"Orinooco, River",South America,Venezuela,River,-65.5232,3.1308
2020-02-29 02:20:18,110.135,0.013,18786,"Orinooco, River",South America,Venezuela,River,-65.5232,3.1308
2020-03-27 02:20:20,110.144,0.004,18786,"Orinooco, River",South America,Venezuela,River,-65.5232,3.1308
2020-04-23 02:20:25,111.771,0.015,18786,"Orinooco, River",South America,Venezuela,River,-65.5232,3.1308
2020-05-20 02:20:26,112.93,0.004,18786,"Orinooco, River",South America,Venezuela,River,-65.5232,3.1308
2020-06-16 02:20:24,113.399,0.007,18786,"Orinooco, River",South America,Venezuela,River,-65.5232,3.1308
2020-07-13 02:20:25,114.329,0.008,18786,"Orinooco, River",South America,Venezuela,River,-65.5232,3.1308
2020-08-09 02:20:23,113.4,0.028,18786,"Orinooco, River",South America,Venezuela,River,-65.5232,3.1308
2020-09-05 02:20:20,114.075,0.027,18786,"Orinooco, River",South America,Venezuela,River,-65.5232,3.1308
2020-10-02 02:20:23,112.256,0.004,18786,"Orinooco, River",South America,Venezuela,River,-65.5232,3.1308
2020-10-29 02:20:23,111.551,0.003,18786,"Orinooco, River",South America,Venezuela,River,-65.5232,3.1308
2020-11-25 02:20:19,112.43,0.014,18786,"Orinooco, River",South America,Venezuela,River,-65.5232,3.1308
2020-12-22 02:20:18,111.954,0.006,18786,"Orinooco, River",South America,Venezuela,River,-65.5232,3.1308
2021-01-18 02:20:24,112.3,0.197,18786,"Orinooco, River",South America,Venezuela,River,-65.5232,3.1308
2021-02-14 02:20:25,110.93,0.005,18786,"Orinooco, River",South America,Venezuela,River,-65.5232,3.1308
2021-03-13 02:20:21,111.125,0.009,18786,"Orinooco, River",South America,Venezuela,River,-65.5232,3.1308
2021-04-09 02:20:26,112.264,0.01,18786,"Orinooco, River",South America,Venezuela,River,-65.5232,3.1308
2021-05-06 02:20:30,113.943,0.022,18786,"Orinooco, River",South America,Venezuela,River,-65.5232,3.1308
2021-06-02 02:20:29,115.028,0.012,18786,"Orinooco, River",South America,Venezuela,River,-65.5232,3.1308
2021-06-29 02:20:31,114.305,0.001,18786,"Orinooco, River",South America,Venezuela,River,-65.5232,3.1308
2021-07-26 02:20:29,114.674,0.011,18786,"Orinooco, River",South America,Venezuela,River,-65.5232,3.1308
2021-08-22 02:20:26,114.857,0.007,18786,"Orinooco, River",South America,Venezuela,River,-65.5232,3.1308
2021-09-18 02:20:26,113.291,0.021,18786,"Orinooco, River",South America,Venezuela,River,-65.5232,3.1308
2021-10-15 02:20:28,112.887,0.014,18786,"Orinooco, River",South America,Venezuela,River,-65.5232,3.1308
2021-11-11 02:20:27,112.921,0.024,18786,"Orinooco, River",South America,Venezuela,River,-65.5232,3.1308
2021-12-08 02:20:26,112.798,0.005,18786,"Orinooco, River",South America,Venezuela,River,-65.5232,3.1308
2022-01-04 02:20:27,112.263,0.001,18786,"Orinooco, River",South America,Venezuela,River,-65.5232,3.1308
2022-01-31 02:20:32,110.684,0.098,18786,"Orinooco, River",South America,Venezuela,River,-65.5232,3.1308
2022-02-27 02:20:28,111.558,0.018,18786,"Orinooco, River",South America,Venezuela,River,-65.5232,3.1308
2022-03-26 02:20:30,112.934,0.003,18786,"Orinooco, River",South America,Venezuela,River,-65.5232,3.1308
2022-04-22 02:20:32,112.464,0.017,18786,"Orinooco, River",South America,Venezuela,River,-65.5232,3.1308
2022-05-19 02:20:30,113.848,0.015,18786,"Orinooco, River",South America,Venezuela,River,-65.5232,3.1308
2022-06-15 02:20:30,114.61,0.007,18786,"Orinooco, River",South America,Venezuela,River,-65.5232,3.1308
2022-07-12 02:20:29,114.728,0.019,18786,"Orinooco, River",South America,Venezuela,River,-65.5232,3.1308
2022-08-08 02:20:26,114.773,0.004,18786,"Orinooco, River",South America,Venezuela,River,-65.5232,3.1308
2022-09-04 02:20:25,113.792,0.003,18786,"Orinooco, River",South America,Venezuela,River,-65.5232,3.1308
2022-10-01 02:20:26,112.743,0.016,18786,"Orinooco, River",South America,Venezuela,River,-65.5232,3.1308
2022-10-28 02:20:25,113.142,0.008,18786,"Orinooco, River",South America,Venezuela,River,-65.5232,3.1308
2022-11-24 02:20:22,113.244,0.025,18786,"Orinooco, River",South America,Venezuela,River,-65.5232,3.1308
2022-12-21 02:20:22,112.189,0.005,18786,"Orinooco, River",South America,Venezuela,River,-65.5232,3.1308
2023-01-17 02:20:23,112.303,0.012,18786,"Orinooco, River",South America,Venezuela,River,-65.5232,3.1308
2023-02-13 02:20:25,111.382,0.003,18786,"Orinooco, River",South America,Venezuela,River,-65.5232,3.1308
2023-03-12 02:20:24,111.62,0.015,18786,"Orinooco, River",South America,Venezuela,River,-65.5232,3.1308
2023-04-08 02:20:29,110.958,0.012,18786,"Orinooco, River",South America,Venezuela,River,-65.5232,3.1308
2023-05-05 02:20:29,111.469,0.023,18786,"Orinooco, River",South America,Venezuela,River,-65.5232,3.1308
2023-06-01 02:20:28,113.69,0.004,18786,"Orinooco, River",South America,Venezuela,River,-65.5232,3.1308
2023-06-28 02:20:25,114.043,0.007,18786,"Orinooco, River",South America,Venezuela,River,-65.5232,3.1308
2023-07-25 02:20:21,113.536,0.013,18786,"Orinooco, River",South America,Venezuela,River,-65.5232,3.1308
2023-08-21 02:20:18,113.543,0.002,18786,"Orinooco, River",South America,Venezuela,River,-65.5232,3.1308
2023-09-17 02:20:22,111.663,0.053,18786,"Orinooco, River",South America,Venezuela,River,-65.5232,3.1308
2023-10-14 02:20:21,110.63,0.01,18786,"Orinooco, River",South America,Venezuela,River,-65.5232,3.1308
2023-11-10 02:20:19,111.039,0.006,18786,"Orinooco, River",South America,Venezuela,River,-65.5232,3.1308
2023-12-07 02:20:20,110.604,0.062,18786,"Orinooco, River",South America,Venezuela,River,-65.5232,3.1308
2024-01-03 02:20:23,110.74,0.051,18786,"Orinooco, River",South America,Venezuela,River,-65.5232,3.1308
2024-01-30 02:20:25,109.989,0.007,18786,"Orinooco, River",South America,Venezuela,River,-65.5232,3.1308
2024-02-26 02:20:23,109.769,0.023,18786,"Orinooco, River",South America,Venezuela,River,-65.5232,3.1308
2024-03-24 02:20:26,109.657,0.007,18786,"Orinooco, River",South America,Venezuela,River,-65.5232,3.1308
2024-04-20 02:20:28,110.013,0.013,18786,"Orinooco, River",South America,Venezuela,River,-65.5232,3.1308
2024-05-17 02:20:29,112.985,0.028,18786,"Orinooco, River",South America,Venezuela,River,-65.5232,3.1308
2024-06-13 02:20:30,114.865,0.012,18786,"Orinooco, River",South America,Venezuela,River,-65.5232,3.1308
2024-07-10 02:20:27,113.047,0.011,18786,"Orinooco, River",South America,Venezuela,River,-65.5232,3.1308
2024-08-06 02:20:25,113.879,0.009,18786,"Orinooco, River",South America,Venezuela,River,-65.5232,3.1308
2024-09-02 02:20:21,113.0,0.013,18786,"Orinooco, River",South America,Venezuela,River,-65.5232,3.1308
2024-09-29 02:20:25,111.317,0.008,18786,"Orinooco, River",South America,Venezuela,River,-65.5232,3.1308
2024-10-26 02:20:25,111.021,0.003,18786,"Orinooco, River",South America,Venezuela,River,-65.5232,3.1308
2024-11-22 02:20:23,111.06,0.01,18786,"Orinooco, River",South America,Venezuela,River,-65.5232,3.1308
2024-12-19 02:20:19,110.566,0.003,18786,"Orinooco, River",South America,Venezuela,River,-65.5232,3.1308
2025-01-15 02:20:26,110.452,0.003,18786,"Orinooco, River",South America,Venezuela,River,-65.5232,3.1308
2025-03-10 02:20:25,110.289,0.006,18786,"Orinooco, River",South America,Venezuela,River,-65.5232,3.1308
2025-04-06 02:20:29,111.556,0.0,18786,"Orinooco, River",South America,Venezuela,River,-65.5232,3.1308
2025-05-03 02:20:32,112.136,0.012,18786,"Orinooco, River",South America,Venezuela,River,-65.5232,3.1308
2025-05-30 02:20:34,113.687,0.011,18786,"Orinooco, River",South America,Venezuela,River,-65.5232,3.1308
2025-06-26 02:20:34,113.567,0.008,18786,"Orinooco, River",South America,Venezuela,River,-65.5232,3.1308
2025-07-23 02:20:34,114.442,0.009,18786,"Orinooco, River",South America,Venezuela,River,-65.5232,3.1308
2025-08-19 02:20:32,113.486,0.009,18786,"Orinooco, River",South America,Venezuela,River,-65.5232,3.1308
2025-09-15 02:20:30,112.755,0.0,18786,"Orinooco, River",South America,Venezuela,River,-65.5232,3.1308
2025-10-12 02:20:32,112.27,0.005,18786,"Orinooco, River",South America,Venezuela,River,-65.5232,3.1308
2025-11-08 02:20:33,111.503,0.021,18786,"Orinooco, River",South America,Venezuela,River,-65.5232,3.1308
2002-06-13 02:20:24,26.37,0.139,1255,"Orinoco, River",South America,Venezuela,River,-66.2218,7.6314
2002-07-18 02:20:24,33.877,0.021,1255,"Orinoco, River",South America,Venezuela,River,-66.2218,7.6314
2002-08-22 02:20:22,33.49,0.004,1255,"Orinoco, River",South America,Venezuela,River,-66.2218,7.6314
2002-09-26 02:20:20,30.868,0.002,1255,"Orinoco, River",South America,Venezuela,River,-66.2218,7.6314
2002-12-05 02:20:22,27.232,0.162,1255,"Orinoco, River",South America,Venezuela,River,-66.2218,7.6314
2003-01-09 02:20:20,24.781,0.013,1255,"Orinoco, River",South America,Venezuela,River,-66.2218,7.6314
2003-02-13 02:20:18,22.26,0.199,1255,"Orinoco, River",South America,Venezuela,River,-66.2218,7.6314
2003-04-24 02:20:25,24.085,0.02,1255,"Orinoco, River",South America,Venezuela,River,-66.2218,7.6314
2003-05-29 02:20:20,29.683,0.01,1255,"Orinoco, River",South America,Venezuela,River,-66.2218,7.6314
2003-07-03 02:20:27,28.784,0.31,1255,"Orinoco, River",South America,Venezuela,River,-66.2218,7.6314
2003-08-07 02:20:31,34.092,0.007,1255,"Orinoco, River",South America,Venezuela,River,-66.2218,7.6314
2003-09-11 02:20:33,33.926,0.002,1255,"Orinoco, River",South America,Venezuela,River,-66.2218,7.6314
2003-10-16 02:20:29,32.258,0.001,1255,"Orinoco, River",South America,Venezuela,River,-66.2218,7.6314
2003-11-20 02:20:27,29.129,0.029,1255,"Orinoco, River",South America,Venezuela,River,-66.2218,7.6314
2003-12-25 02:20:31,26.539,0.018,1255,"Orinoco, River",South America,Venezuela,River,-66.2218,7.6314
2004-01-29 02:20:27,23.848,0.046,1255,"Orinoco, River",South America,Venezuela,River,-66.2218,7.6314
2004-03-04 02:20:28,22.38,0.005,1255,"Orinoco, River",South America,Venezuela,River,-66.2218,7.6314
2004-04-08 02:20:27,22.645,0.156,1255,"Orinoco, River",South America,Venezuela,River,-66.2218,7.6314
2004-05-13 02:20:28,27.186,0.176,1255,"Orinoco, River",South America,Venezuela,River,-66.2218,7.6314
2004-06-17 02:20:32,29.903,0.787,1255,"Orinoco, River",South America,Venezuela,River,-66.2218,7.6314
2004-07-22 02:20:33,34.106,0.001,1255,"Orinoco, River",South America,Venezuela,River,-66.2218,7.6314
2004-08-26 02:20:30,32.487,0.008,1255,"Orinoco, River",South America,Venezuela,River,-66.2218,7.6314
2004-09-30 02:20:28,32.963,0.004,1255,"Orinoco, River",South America,Venezuela,River,-66.2218,7.6314
2004-11-04 02:20:31,30.272,0.051,1255,"Orinoco, River",South America,Venezuela,River,-66.2218,7.6314
2004-12-09 02:20:28,28.166,0.005,1255,"Orinoco, River",South America,Venezuela,River,-66.2218,7.6314
2005-01-13 02:20:25,24.516,0.017,1255,"Orinoco, River",South America,Venezuela,River,-66.2218,7.6314
2005-02-17 02:20:26,23.895,0.31,1255,"Orinoco, River",South America,Venezuela,River,-66.2218,7.6314
2005-03-24 02:20:26,22.974,0.265,1255,"Orinoco, River",South America,Venezuela,River,-66.2218,7.6314
2005-04-28 02:20:34,27.554,0.01,1255,"Orinoco, River",South America,Venezuela,River,-66.2218,7.6314
2005-07-07 02:20:35,31.705,0.024,1255,"Orinoco, River",South America,Venezuela,River,-66.2218,7.6314
2005-08-11 02:20:30,32.804,0.008,1255,"Orinoco, River",South America,Venezuela,River,-66.2218,7.6314
2005-09-15 02:20:29,32.281,0.039,1255,"Orinoco, River",South America,Venezuela,River,-66.2218,7.6314
2005-10-20 02:20:31,28.348,0.012,1255,"Orinoco, River",South America,Venezuela,River,-66.2218,7.6314
2005-11-24 02:20:28,28.404,0.078,1255,"Orinoco, River",South America,Venezuela,River,-66.2218,7.6314
2005-12-29 02:20:21,25.929,0.002,1255,"Orinoco, River",South America,Venezuela,River,-66.2218,7.6314
2006-02-02 02:20:19,24.601,0.003,1255,"Orinoco, River",South America,Venezuela,River,-66.2218,7.6314
2006-03-09 02:20:19,23.065,0.027,1255,"Orinoco, River",South America,Venezuela,River,-66.2218,7.6314
2006-04-13 02:20:20,24.952,0.002,1255,"Orinoco, River",South America,Venezuela,River,-66.2218,7.6314
2006-05-18 02:20:25,28.933,0.005,1255,"Orinoco, River",South America,Venezuela,River,-66.2218,7.6314
2006-06-22 02:20:28,30.877,0.014,1255,"Orinoco, River",South America,Venezuela,River,-66.2218,7.6314
2006-07-27 02:20:31,33.694,0.153,1255,"Orinoco, River",South America,Venezuela,River,-66.2218,7.6314
2006-08-31 02:20:26,34.649,0.021,1255,"Orinoco, River",South America,Venezuela,River,-66.2218,7.6314
2006-10-05 02:20:27,31.664,0.016,1255,"Orinoco, River",South America,Venezuela,River,-66.2218,7.6314
2006-11-09 02:20:28,29.769,0.03,1255,"Orinoco, River",South America,Venezuela,River,-66.2218,7.6314
2007-01-18 02:20:21,24.31,0.039,1255,"Orinoco, River",South America,Venezuela,River,-66.2218,7.6314
2007-02-22 02:20:23,22.021,0.07,1255,"Orinoco, River",South America,Venezuela,River,-66.2218,7.6314
2007-05-03 02:20:24,26.073,0.037,1255,"Orinoco, River",South America,Venezuela,River,-66.2218,7.6314
2007-06-07 02:20:26,29.551,0.136,1255,"Orinoco, River",South America,Venezuela,River,-66.2218,7.6314
2007-07-12 02:20:26,31.632,0.04,1255,"Orinoco, River",South America,Venezuela,River,-66.2218,7.6314
2007-08-16 02:20:26,33.867,0.004,1255,"Orinoco, River",South America,Venezuela,River,-66.2218,7.6314
2007-09-20 02:20:21,33.189,0.001,1255,"Orinoco, River",South America,Venezuela,River,-66.2218,7.6314
2007-10-25 02:20:21,31.813,0.0,1255,"Orinoco, River",South America,Venezuela,River,-66.2218,7.6314
2007-11-29 02:20:17,28.545,0.029,1255,"Orinoco, River",South America,Venezuela,River,-66.2218,7.6314
2008-01-03 02:20:19,26.216,0.021,1255,"Orinoco, River",South America,Venezuela,River,-66.2218,7.6314
2008-03-13 02:20:21,22.574,0.05,1255,"Orinoco, River",South America,Venezuela,River,-66.2218,7.6314
2008-04-17 02:20:19,22.195,0.108,1255,"Orinoco, River",South America,Venezuela,River,-66.2218,7.6314
2008-05-22 02:20:20,26.578,0.043,1255,"Orinoco, River",South America,Venezuela,River,-66.2218,7.6314
2008-06-26 02:20:21,30.475,0.0,1255,"Orinoco, River",South America,Venezuela,River,-66.2218,7.6314
2008-09-04 02:20:17,33.579,0.002,1255,"Orinoco, River",South America,Venezuela,River,-66.2218,7.6314
2008-10-09 02:20:18,31.408,0.003,1255,"Orinoco, River",South America,Venezuela,River,-66.2218,7.6314
2008-11-13 02:20:16,30.032,0.03,1255,"Orinoco, River",South America,Venezuela,River,-66.2218,7.6314
2008-12-18 02:20:18,28.581,0.0,1255,"Orinoco, River",South America,Venezuela,River,-66.2218,7.6314
2009-01-22 02:20:15,25.189,0.092,1255,"Orinoco, River",South America,Venezuela,River,-66.2218,7.6314
2009-02-26 02:20:18,24.412,0.007,1255,"Orinoco, River",South America,Venezuela,River,-66.2218,7.6314
2009-04-02 02:20:15,24.225,0.081,1255,"Orinoco, River",South America,Venezuela,River,-66.2218,7.6314
2009-05-07 02:20:18,26.272,0.046,1255,"Orinoco, River",South America,Venezuela,River,-66.2218,7.6314
2009-06-11 02:20:20,27.161,0.005,1255,"Orinoco, River",South America,Venezuela,River,-66.2218,7.6314
2009-07-16 02:20:19,31.758,0.0,1255,"Orinoco, River",South America,Venezuela,River,-66.2218,7.6314
2009-08-20 02:20:18,32.983,0.046,1255,"Orinoco, River",South America,Venezuela,River,-66.2218,7.6314
2009-09-24 02:20:13,31.616,0.0,1255,"Orinoco, River",South America,Venezuela,River,-66.2218,7.6314
2009-10-29 02:20:13,28.45,0.105,1255,"Orinoco, River",South America,Venezuela,River,-66.2218,7.6314
2009-12-03 02:20:10,25.631,0.046,1255,"Orinoco, River",South America,Venezuela,River,-66.2218,7.6314
2010-01-07 02:20:13,23.657,0.172,1255,"Orinoco, River",South America,Venezuela,River,-66.2218,7.6314
2010-02-11 02:20:11,21.077,0.076,1255,"Orinoco, River",South America,Venezuela,River,-66.2218,7.6314
2010-03-18 02:20:12,20.684,0.33,1255,"Orinoco, River",South America,Venezuela,River,-66.2218,7.6314
2010-04-22 02:20:09,26.159,0.043,1255,"Orinoco, River",South America,Venezuela,River,-66.2218,7.6314
2010-05-27 02:20:10,29.499,0.069,1255,"Orinoco, River",South America,Venezuela,River,-66.2218,7.6314
2010-07-01 02:20:09,32.775,0.001,1255,"Orinoco, River",South America,Venezuela,River,-66.2218,7.6314
2010-08-05 02:20:11,34.305,0.003,1255,"Orinoco, River",South America,Venezuela,River,-66.2218,7.6314
2010-09-09 02:20:10,34.293,0.0,1255,"Orinoco, River",South America,Venezuela,River,-66.2218,7.6314
2002-07-03 14:21:40,18.063,0.015,1120,"Orinoco, River",South America,Venezuela,River,-64.1887,7.9723
2002-08-07 14:21:39,20.64,0.194,1120,"Orinoco, River",South America,Venezuela,River,-64.1887,7.9723
2002-09-11 14:21:37,20.249,0.034,1120,"Orinoco, River",South America,Venezuela,River,-64.1887,7.9723
2002-10-16 14:21:40,16.803,0.061,1120,"Orinoco, River",South America,Venezuela,River,-64.1887,7.9723
2002-11-20 14:21:42,14.286,0.047,1120,"Orinoco, River",South America,Venezuela,River,-64.1887,7.9723
2002-12-25 14:21:38,14.512,0.003,1120,"Orinoco, River",South America,Venezuela,River,-64.1887,7.9723
2003-03-05 14:21:37,10.719,0.02,1120,"Orinoco, River",South America,Venezuela,River,-64.1887,7.9723
2003-06-18 14:21:42,16.245,0.046,1120,"Orinoco, River",South America,Venezuela,River,-64.1887,7.9723
2003-07-23 14:21:47,19.341,0.036,1120,"Orinoco, River",South America,Venezuela,River,-64.1887,7.9723
2003-08-27 14:21:51,20.33,0.029,1120,"Orinoco, River",South America,Venezuela,River,-64.1887,7.9723
2003-10-01 14:21:47,19.489,0.085,1120,"Orinoco, River",South America,Venezuela,River,-64.1887,7.9723
2004-01-14 14:21:45,14.869,0.214,1120,"Orinoco, River",South America,Venezuela,River,-64.1887,7.9723
2004-02-18 14:21:44,11.284,0.002,1120,"Orinoco, River",South America,Venezuela,River,-64.1887,7.9723
2004-03-24 14:21:47,13.427,2.194,1120,"Orinoco, River",South America,Venezuela,River,-64.1887,7.9723
2004-04-28 14:21:45,10.236,0.243,1120,"Orinoco, River",South America,Venezuela,River,-64.1887,7.9723
2004-06-02 14:21:50,16.051,0.436,1120,"Orinoco, River",South America,Venezuela,River,-64.1887,7.9723
2004-07-07 14:21:49,19.064,0.177,1120,"Orinoco, River",South America,Venezuela,River,-64.1887,7.9723
2004-08-11 14:21:49,20.937,0.074,1120,"Orinoco, River",South America,Venezuela,River,-64.1887,7.9723
2004-09-15 14:21:46,20.068,0.015,1120,"Orinoco, River",South America,Venezuela,River,-64.1887,7.9723
2004-10-20 14:21:50,17.586,0.049,1120,"Orinoco, River",South America,Venezuela,River,-64.1887,7.9723
2004-11-24 14:21:47,15.252,0.209,1120,"Orinoco, River",South America,Venezuela,River,-64.1887,7.9723
2004-12-29 14:21:42,14.739,0.071,1120,"Orinoco, River",South America,Venezuela,River,-64.1887,7.9723
2005-02-02 14:21:45,14.829,0.648,1120,"Orinoco, River",South America,Venezuela,River,-64.1887,7.9723
2005-05-18 14:21:51,15.51,1.197,1120,"Orinoco, River",South America,Venezuela,River,-64.1887,7.9723
2005-06-22 14:21:52,16.292,0.087,1120,"Orinoco, River",South America,Venezuela,River,-64.1887,7.9723
2005-07-27 14:21:51,18.151,0.227,1120,"Orinoco, River",South America,Venezuela,River,-64.1887,7.9723
2005-08-31 14:21:46,18.856,0.07,1120,"Orinoco, River",South America,Venezuela,River,-64.1887,7.9723
2005-10-05 14:21:47,17.002,0.053,1120,"Orinoco, River",South America,Venezuela,River,-64.1887,7.9723
2005-11-09 14:21:48,14.593,0.015,1120,"Orinoco, River",South America,Venezuela,River,-64.1887,7.9723
2005-12-14 14:21:42,14.735,0.01,1120,"Orinoco, River",South America,Venezuela,River,-64.1887,7.9723
2006-02-22 14:21:38,11.273,0.422,1120,"Orinoco, River",South America,Venezuela,River,-64.1887,7.9723
2006-05-03 14:21:42,10.992,0.767,1120,"Orinoco, River",South America,Venezuela,River,-64.1887,7.9723
2006-06-07 14:21:43,15.99,0.066,1120,"Orinoco, River",South America,Venezuela,River,-64.1887,7.9723
2006-07-12 14:21:48,18.46,0.006,1120,"Orinoco, River",South America,Venezuela,River,-64.1887,7.9723
2006-08-16 14:21:47,20.786,0.07,1120,"Orinoco, River",South America,Venezuela,River,-64.1887,7.9723
2006-10-25 14:21:46,16.416,0.045,1120,"Orinoco, River",South America,Venezuela,River,-64.1887,7.9723
2007-01-03 14:21:42,14.646,0.029,1120,"Orinoco, River",South America,Venezuela,River,-64.1887,7.9723
2007-03-14 14:21:40,10.179,0.063,1120,"Orinoco, River",South America,Venezuela,River,-64.1887,7.9723
2007-05-23 14:21:43,13.601,0.02,1120,"Orinoco, River",South America,Venezuela,River,-64.1887,7.9723
2007-06-27 14:21:44,16.478,0.112,1120,"Orinoco, River",South America,Venezuela,River,-64.1887,7.9723
2007-08-01 14:21:44,15.768,2.439,1120,"Orinoco, River",South America,Venezuela,River,-64.1887,7.9723
2007-09-05 14:21:42,20.61,0.397,1120,"Orinoco, River",South America,Venezuela,River,-64.1887,7.9723
2007-10-10 14:21:39,18.075,0.044,1120,"Orinoco, River",South America,Venezuela,River,-64.1887,7.9723
2007-11-14 14:21:37,15.884,0.015,1120,"Orinoco, River",South America,Venezuela,River,-64.1887,7.9723
2008-01-23 14:21:37,14.728,0.057,1120,"Orinoco, River",South America,Venezuela,River,-64.1887,7.9723
2008-02-27 14:21:37,14.568,0.522,1120,"Orinoco, River",South America,Venezuela,River,-64.1887,7.9723
2008-04-02 14:21:38,14.43,0.076,1120,"Orinoco, River",South America,Venezuela,River,-64.1887,7.9723
2008-05-07 14:21:37,14.256,0.614,1120,"Orinoco, River",South America,Venezuela,River,-64.1887,7.9723
2008-06-11 14:21:38,14.238,0.09,1120,"Orinoco, River",South America,Venezuela,River,-64.1887,7.9723
2008-07-16 14:21:39,18.043,0.036,1120,"Orinoco, River",South America,Venezuela,River,-64.1887,7.9723
2008-08-20 14:21:37,20.212,0.142,1120,"Orinoco, River",South America,Venezuela,River,-64.1887,7.9723
2008-09-24 14:21:35,18.775,0.007,1120,"Orinoco, River",South America,Venezuela,River,-64.1887,7.9723
2008-10-29 14:21:35,16.35,0.058,1120,"Orinoco, River",South America,Venezuela,River,-64.1887,7.9723
2008-12-03 14:21:35,14.779,0.1,1120,"Orinoco, River",South America,Venezuela,River,-64.1887,7.9723
2009-02-11 14:21:35,11.251,0.067,1120,"Orinoco, River",South America,Venezuela,River,-64.1887,7.9723
2009-07-01 14:21:37,14.221,0.096,1120,"Orinoco, River",South America,Venezuela,River,-64.1887,7.9723
2009-09-09 14:21:34,17.915,0.078,1120,"Orinoco, River",South America,Venezuela,River,-64.1887,7.9723
2009-10-14 14:21:30,15.276,0.056,1120,"Orinoco, River",South America,Venezuela,River,-64.1887,7.9723
2009-11-18 14:21:30,14.857,0.247,1120,"Orinoco, River",South America,Venezuela,River,-64.1887,7.9723
2009-12-23 14:21:29,14.577,0.098,1120,"Orinoco, River",South America,Venezuela,River,-64.1887,7.9723
2010-03-03 14:21:29,10.301,0.053,1120,"Orinoco, River",South America,Venezuela,River,-64.1887,7.9723
2010-05-12 14:21:28,13.997,0.042,1120,"Orinoco, River",South America,Venezuela,River,-64.1887,7.9723
2010-06-16 14:21:27,16.975,0.026,1120,"Orinoco, River",South America,Venezuela,River,-64.1887,7.9723
2010-07-21 14:21:28,20.958,0.124,1120,"Orinoco, River",South America,Venezuela,River,-64.1887,7.9723
2010-09-29 14:21:25,15.927,2.439,1120,"Orinoco, River",South America,Venezuela,River,-64.1887,7.9723
2013-03-29 22:26:41,14.411,0.018,1120,"Orinoco, River",South America,Venezuela,River,-64.1887,7.9723
2013-05-03 22:26:20,11.594,0.003,1120,"Orinoco, River",South America,Venezuela,River,-64.1887,7.9723
2013-06-07 22:25:58,15.311,0.007,1120,"Orinoco, River",South America,Venezuela,River,-64.1887,7.9723
2013-07-12 22:25:36,17.228,0.002,1120,"Orinoco, River",South America,Venezuela,River,-64.1887,7.9723
2013-08-16 22:25:35,18.496,0.004,1120,"Orinoco, River",South America,Venezuela,River,-64.1887,7.9723
2013-09-20 22:25:48,18.714,0.005,1120,"Orinoco, River",South America,Venezuela,River,-64.1887,7.9723
2013-10-25 22:25:49,16.451,0.004,1120,"Orinoco, River",South America,Venezuela,River,-64.1887,7.9723
2013-11-29 22:25:48,14.611,0.002,1120,"Orinoco, River",South America,Venezuela,River,-64.1887,7.9723
2014-01-03 22:25:46,12.038,0.007,1120,"Orinoco, River",South America,Venezuela,River,-64.1887,7.9723
2014-02-07 22:25:45,10.191,0.017,1120,"Orinoco, River",South America,Venezuela,River,-64.1887,7.9723
2014-03-14 22:25:42,10.909,0.015,1120,"Orinoco, River",South America,Venezuela,River,-64.1887,7.9723
2014-04-18 22:25:38,11.241,0.009,1120,"Orinoco, River",South America,Venezuela,River,-64.1887,7.9723
2014-05-23 22:25:37,13.836,0.001,1120,"Orinoco, River",South America,Venezuela,River,-64.1887,7.9723
2014-06-27 22:25:36,14.983,0.027,1120,"Orinoco, River",South America,Venezuela,River,-64.1887,7.9723
2014-08-01 22:25:31,18.753,0.022,1120,"Orinoco, River",South America,Venezuela,River,-64.1887,7.9723
2014-09-05 22:25:27,19.952,0.018,1120,"Orinoco, River",South America,Venezuela,River,-64.1887,7.9723
2014-10-10 22:25:38,15.82,0.086,1120,"Orinoco, River",South America,Venezuela,River,-64.1887,7.9723
2014-11-14 22:25:22,15.591,0.011,1120,"Orinoco, River",South America,Venezuela,River,-64.1887,7.9723
2015-01-23 22:25:14,11.196,0.007,1120,"Orinoco, River",South America,Venezuela,River,-64.1887,7.9723
2015-05-08 22:25:01,11.326,0.005,1120,"Orinoco, River",South America,Venezuela,River,-64.1887,7.9723
2015-09-25 22:24:49,18.832,0.018,1120,"Orinoco, River",South America,Venezuela,River,-64.1887,7.9723
2015-10-30 22:24:45,13.259,0.01,1120,"Orinoco, River",South America,Venezuela,River,-64.1887,7.9723
2015-12-04 22:24:37,12.569,0.027,1120,"Orinoco, River",South America,Venezuela,River,-64.1887,7.9723
2016-01-08 22:24:24,14.099,0.008,1120,"Orinoco, River",South America,Venezuela,River,-64.1887,7.9723
2016-02-12 22:24:26,10.552,0.012,1120,"Orinoco, River",South America,Venezuela,River,-64.1887,7.9723
2016-03-18 22:24:17,11.702,0.021,1120,"Orinoco, River",South America,Venezuela,River,-64.1887,7.9723
2016-08-24 02:10:15,18.469,0.063,13277,"Orinoco, River",South America,Venezuela,River,-63.8258,8.114
2016-09-20 02:10:20,17.611,0.064,13277,"Orinoco, River",South America,Venezuela,River,-63.8258,8.114
2017-08-10 02:10:22,17.459,0.463,13277,"Orinoco, River",South America,Venezuela,River,-63.8258,8.114
2018-08-23 02:10:23,19.89,0.106,13277,"Orinoco, River",South America,Venezuela,River,-63.8258,8.114
2018-09-19 02:10:26,19.414,0.18,13277,"Orinoco, River",South America,Venezuela,River,-63.8258,8.114
2019-03-27 02:10:28,4.047,0.007,13277,"Orinoco, River",South America,Venezuela,River,-63.8258,8.114
2019-04-23 02:10:32,4.623,0.03,13277,"Orinoco, River",South America,Venezuela,River,-63.8258,8.114
2019-05-20 02:10:33,9.069,0.006,13277,"Orinoco, River",South America,Venezuela,River,-63.8258,8.114
2019-06-16 02:10:32,12.499,0.005,13277,"Orinoco, River",South America,Venezuela,River,-63.8258,8.114
2019-07-13 02:10:32,15.471,0.162,13277,"Orinoco, River",South America,Venezuela,River,-63.8258,8.114
2019-08-09 02:10:30,17.45,0.006,13277,"Orinoco, River",South America,Venezuela,River,-63.8258,8.114
2019-09-05 02:10:28,17.691,0.043,13277,"Orinoco, River",South America,Venezuela,River,-63.8258,8.114
2019-10-02 02:10:31,16.241,0.007,13277,"Orinoco, River",South America,Venezuela,River,-63.8258,8.114
2019-10-29 02:10:31,13.312,0.048,13277,"Orinoco, River",South America,Venezuela,River,-63.8258,8.114
2019-11-25 02:10:27,11.621,0.065,13277,"Orinoco, River",South America,Venezuela,River,-63.8258,8.114
2019-12-22 02:10:27,9.237,0.067,13277,"Orinoco, River",South America,Venezuela,River,-63.8258,8.114
2020-01-18 02:10:29,7.058,0.072,13277,"Orinoco, River",South America,Venezuela,River,-63.8258,8.114
2020-02-14 02:10:29,5.255,0.034,13277,"Orinoco, River",South America,Venezuela,River,-63.8258,8.114
2020-03-12 02:10:28,4.23,0.033,13277,"Orinoco, River",South America,Venezuela,River,-63.8258,8.114
2020-04-08 02:10:34,3.846,0.009,13277,"Orinoco, River",South America,Venezuela,River,-63.8258,8.114
2020-05-05 02:10:36,5.189,0.061,13277,"Orinoco, River",South America,Venezuela,River,-63.8258,8.114
2020-06-01 02:10:36,9.712,0.022,13277,"Orinoco, River",South America,Venezuela,River,-63.8258,8.114
2020-06-28 02:10:35,12.437,0.019,13277,"Orinoco, River",South America,Venezuela,River,-63.8258,8.114
2020-07-25 02:10:35,14.709,0.006,13277,"Orinoco, River",South America,Venezuela,River,-63.8258,8.114
2020-08-21 02:10:33,16.269,0.04,13277,"Orinoco, River",South America,Venezuela,River,-63.8258,8.114
2020-09-17 02:10:33,14.646,0.091,13277,"Orinoco, River",South America,Venezuela,River,-63.8258,8.114
2020-10-14 02:10:35,12.434,0.004,13277,"Orinoco, River",South America,Venezuela,River,-63.8258,8.114
2020-11-10 02:10:33,11.461,0.034,13277,"Orinoco, River",South America,Venezuela,River,-63.8258,8.114
2020-12-07 02:10:28,12.035,0.013,13277,"Orinoco, River",South America,Venezuela,River,-63.8258,8.114
2021-01-03 02:10:32,10.056,0.143,13277,"Orinoco, River",South America,Venezuela,River,-63.8258,8.114
2021-01-30 02:10:36,7.776,0.205,13277,"Orinoco, River",South America,Venezuela,River,-63.8258,8.114
2021-02-26 02:10:35,5.614,0.077,13277,"Orinoco, River",South America,Venezuela,River,-63.8258,8.114
2021-03-25 02:10:34,6.08,0.028,13277,"Orinoco, River",South America,Venezuela,River,-63.8258,8.114
2021-04-21 02:10:39,9.471,0.035,13277,"Orinoco, River",South America,Venezuela,River,-63.8258,8.114
2021-05-18 02:10:41,12.402,0.119,13277,"Orinoco, River",South America,Venezuela,River,-63.8258,8.114
2021-06-14 02:10:41,15.756,0.358,13277,"Orinoco, River",South America,Venezuela,River,-63.8258,8.114
2021-07-11 02:10:42,16.146,0.077,13277,"Orinoco, River",South America,Venezuela,River,-63.8258,8.114
2021-08-07 02:10:38,18.236,0.02,13277,"Orinoco, River",South America,Venezuela,River,-63.8258,8.114
2021-09-03 02:10:36,18.579,0.004,13277,"Orinoco, River",South America,Venezuela,River,-63.8258,8.114
2021-09-30 02:10:39,16.985,0.0,13277,"Orinoco, River",South America,Venezuela,River,-63.8258,8.114
2021-10-27 02:10:39,15.112,0.012,13277,"Orinoco, River",South America,Venezuela,River,-63.8258,8.114
2021-11-23 02:10:38,11.717,0.013,13277,"Orinoco, River",South America,Venezuela,River,-63.8258,8.114
2021-12-20 02:10:37,9.423,0.076,13277,"Orinoco, River",South America,Venezuela,River,-63.8258,8.114
2022-01-16 02:10:41,6.528,0.062,13277,"Orinoco, River",South America,Venezuela,River,-63.8258,8.114
2022-02-12 02:10:42,5.132,0.019,13277,"Orinoco, River",South America,Venezuela,River,-63.8258,8.114
2022-03-11 02:10:38,5.891,0.03,13277,"Orinoco, River",South America,Venezuela,River,-63.8258,8.114
2022-04-07 02:10:41,7.41,0.008,13277,"Orinoco, River",South America,Venezuela,River,-63.8258,8.114
2022-05-04 02:10:44,8.69,0.022,13277,"Orinoco, River",South America,Venezuela,River,-63.8258,8.114
2022-05-31 02:10:42,13.181,0.014,13277,"Orinoco, River",South America,Venezuela,River,-63.8258,8.114
2022-06-27 02:10:41,15.806,0.018,13277,"Orinoco, River",South America,Venezuela,River,-63.8258,8.114
2022-07-24 02:10:37,17.504,0.198,13277,"Orinoco, River",South America,Venezuela,River,-63.8258,8.114
2022-09-16 02:10:38,18.251,0.062,13277,"Orinoco, River",South America,Venezuela,River,-63.8258,8.114
2022-10-13 02:10:37,15.677,0.022,13277,"Orinoco, River",South America,Venezuela,River,-63.8258,8.114
2022-11-09 02:10:36,14.02,0.054,13277,"Orinoco, River",South America,Venezuela,River,-63.8258,8.114
2022-12-06 02:10:32,13.28,0.015,13277,"Orinoco, River",South America,Venezuela,River,-63.8258,8.114
2023-01-02 02:10:34,8.17,0.128,13277,"Orinoco, River",South America,Venezuela,River,-63.8258,8.114
2023-01-29 02:10:37,7.617,0.051,13277,"Orinoco, River",South America,Venezuela,River,-63.8258,8.114
2023-02-25 02:10:34,5.55,0.074,13277,"Orinoco, River",South America,Venezuela,River,-63.8258,8.114
2023-03-24 02:10:39,5.872,0.052,13277,"Orinoco, River",South America,Venezuela,River,-63.8258,8.114
2023-04-20 02:10:41,6.139,0.053,13277,"Orinoco, River",South America,Venezuela,River,-63.8258,8.114
2023-05-17 02:10:39,8.514,0.036,13277,"Orinoco, River",South America,Venezuela,River,-63.8258,8.114
2023-06-13 02:10:36,12.916,0.041,13277,"Orinoco, River",South America,Venezuela,River,-63.8258,8.114
2023-07-10 02:10:34,15.877,0.006,13277,"Orinoco, River",South America,Venezuela,River,-63.8258,8.114
2023-08-06 02:10:31,16.944,0.013,13277,"Orinoco, River",South America,Venezuela,River,-63.8258,8.114
2023-09-02 02:10:30,16.942,0.009,13277,"Orinoco, River",South America,Venezuela,River,-63.8258,8.114
2023-09-29 02:10:32,13.156,0.007,13277,"Orinoco, River",South America,Venezuela,River,-63.8258,8.114
2023-11-22 02:10:31,10.059,0.024,13277,"Orinoco, River",South America,Venezuela,River,-63.8258,8.114
2023-12-19 02:10:34,7.312,0.17,13277,"Orinoco, River",South America,Venezuela,River,-63.8258,8.114
2024-01-15 02:10:36,6.909,0.043,13277,"Orinoco, River",South America,Venezuela,River,-63.8258,8.114
2024-02-11 02:10:36,4.822,0.027,13277,"Orinoco, River",South America,Venezuela,River,-63.8258,8.114
2024-03-09 02:10:33,4.372,0.14,13277,"Orinoco, River",South America,Venezuela,River,-63.8258,8.114
2024-04-05 02:10:37,4.214,0.067,13277,"Orinoco, River",South America,Venezuela,River,-63.8258,8.114
2024-05-02 02:10:40,5.842,0.008,13277,"Orinoco, River",South America,Venezuela,River,-63.8258,8.114
2024-05-29 02:10:40,11.243,0.032,13277,"Orinoco, River",South America,Venezuela,River,-63.8258,8.114
2024-06-25 02:10:40,15.098,0.049,13277,"Orinoco, River",South America,Venezuela,River,-63.8258,8.114
2024-07-22 02:10:38,17.263,0.042,13277,"Orinoco, River",South America,Venezuela,River,-63.8258,8.114
2024-08-18 02:10:34,18.365,0.016,13277,"Orinoco, River",South America,Venezuela,River,-63.8258,8.114
2024-09-14 02:10:33,15.801,0.023,13277,"Orinoco, River",South America,Venezuela,River,-63.8258,8.114
2024-10-11 02:10:36,12.678,0.254,13277,"Orinoco, River",South America,Venezuela,River,-63.8258,8.114
2024-11-07 02:10:36,9.508,0.039,13277,"Orinoco, River",South America,Venezuela,River,-63.8258,8.114
2024-12-04 02:10:33,9.871,0.026,13277,"Orinoco, River",South America,Venezuela,River,-63.8258,8.114
2024-12-31 02:10:33,7.617,0.076,13277,"Orinoco, River",South America,Venezuela,River,-63.8258,8.114
2025-01-27 02:10:38,6.996,0.078,13277,"Orinoco, River",South America,Venezuela,River,-63.8258,8.114
2025-02-23 02:10:37,5.554,0.015,13277,"Orinoco, River",South America,Venezuela,River,-63.8258,8.114
2025-04-18 02:10:42,8.555,0.002,13277,"Orinoco, River",South America,Venezuela,River,-63.8258,8.114
2025-05-15 02:10:43,10.719,0.053,13277,"Orinoco, River",South America,Venezuela,River,-63.8258,8.114
2025-07-08 02:10:44,17.694,0.046,13277,"Orinoco, River",South America,Venezuela,River,-63.8258,8.114
2025-08-31 02:10:40,19.917,0.04,13277,"Orinoco, River",South America,Venezuela,River,-63.8258,8.114
2025-10-24 02:10:44,15.214,0.082,13277,"Orinoco, River",South America,Venezuela,River,-63.8258,8.114
2025-11-20 02:10:42,12.38,0.132,13277,"Orinoco, River",South America,Venezuela,River,-63.8258,8.114
2016-05-20 14:32:58,83.649,0.042,13505,"Orinoco, River",South America,Venezuela,River,-67.662,4.0196
2016-06-16 14:32:59,85.413,0.077,13505,"Orinoco, River",South America,Venezuela,River,-67.662,4.0196
2016-07-13 14:32:59,87.19,0.006,13505,"Orinoco, River",South America,Venezuela,River,-67.662,4.0196
2016-08-09 14:32:58,87.794,0.005,13505,"Orinoco, River",South America,Venezuela,River,-67.662,4.0196
2016-09-05 14:32:57,86.744,0.001,13505,"Orinoco, River",South America,Venezuela,River,-67.662,4.0196
2016-10-02 14:33:02,82.826,0.081,13505,"Orinoco, River",South America,Venezuela,River,-67.662,4.0196
2016-10-29 14:32:59,82.562,0.001,13505,"Orinoco, River",South America,Venezuela,River,-67.662,4.0196
2016-11-25 14:32:57,80.992,0.033,13505,"Orinoco, River",South America,Venezuela,River,-67.662,4.0196
2016-12-22 14:32:57,80.575,0.001,13505,"Orinoco, River",South America,Venezuela,River,-67.662,4.0196
2017-01-18 14:32:59,79.382,0.002,13505,"Orinoco, River",South America,Venezuela,River,-67.662,4.0196
2017-02-14 14:32:59,78.455,0.002,13505,"Orinoco, River",South America,Venezuela,River,-67.662,4.0196
2017-03-13 14:32:57,78.508,0.011,13505,"Orinoco, River",South America,Venezuela,River,-67.662,4.0196
2017-04-09 14:33:02,78.798,0.009,13505,"Orinoco, River",South America,Venezuela,River,-67.662,4.0196
2017-05-06 14:33:05,81.685,0.001,13505,"Orinoco, River",South America,Venezuela,River,-67.662,4.0196
2017-06-02 14:33:09,82.694,0.037,13505,"Orinoco, River",South America,Venezuela,River,-67.662,4.0196
2017-06-29 14:33:07,86.331,0.023,13505,"Orinoco, River",South America,Venezuela,River,-67.662,4.0196
2017-07-26 14:33:05,87.517,0.005,13505,"Orinoco, River",South America,Venezuela,River,-67.662,4.0196
2017-08-22 14:33:02,87.358,0.019,13505,"Orinoco, River",South America,Venezuela,River,-67.662,4.0196
2017-09-18 14:33:01,83.471,0.011,13505,"Orinoco, River",South America,Venezuela,River,-67.662,4.0196
2017-10-15 14:33:05,82.511,0.098,13505,"Orinoco, River",South America,Venezuela,River,-67.662,4.0196
2017-11-11 14:33:05,81.897,0.002,13505,"Orinoco, River",South America,Venezuela,River,-67.662,4.0196
2018-01-04 14:33:05,78.662,0.003,13505,"Orinoco, River",South America,Venezuela,River,-67.662,4.0196
2018-01-31 14:33:07,77.509,0.014,13505,"Orinoco, River",South America,Venezuela,River,-67.662,4.0196
2018-02-27 14:33:06,75.711,0.093,13505,"Orinoco, River",South America,Venezuela,River,-67.662,4.0196
2018-03-26 14:33:05,76.931,0.03,13505,"Orinoco, River",South America,Venezuela,River,-67.662,4.0196
2018-05-19 14:33:09,84.567,0.004,13505,"Orinoco, River",South America,Venezuela,River,-67.662,4.0196
2018-06-15 14:33:10,87.09,0.006,13505,"Orinoco, River",South America,Venezuela,River,-67.662,4.0196
2018-07-12 14:33:09,88.257,0.009,13505,"Orinoco, River",South America,Venezuela,River,-67.662,4.0196
2018-08-08 14:33:06,89.81,0.006,13505,"Orinoco, River",South America,Venezuela,River,-67.662,4.0196
2018-09-04 14:33:04,88.025,0.019,13505,"Orinoco, River",South America,Venezuela,River,-67.662,4.0196
2018-10-01 14:33:09,86.243,0.005,13505,"Orinoco, River",South America,Venezuela,River,-67.662,4.0196
2018-10-28 14:33:10,81.502,0.036,13505,"Orinoco, River",South America,Venezuela,River,-67.662,4.0196
2018-11-24 14:33:08,80.834,0.029,13505,"Orinoco, River",South America,Venezuela,River,-67.662,4.0196
2018-12-21 14:33:04,78.77,0.017,13505,"Orinoco, River",South America,Venezuela,River,-67.662,4.0196
2019-01-17 14:33:08,77.811,0.0,13505,"Orinoco, River",South America,Venezuela,River,-67.662,4.0196
2019-02-13 14:33:09,77.597,0.013,13505,"Orinoco, River",South America,Venezuela,River,-67.662,4.0196
2019-03-12 14:33:06,77.202,0.05,13505,"Orinoco, River",South America,Venezuela,River,-67.662,4.0196
2019-04-08 14:33:11,77.242,0.02,13505,"Orinoco, River",South America,Venezuela,River,-67.662,4.0196
2019-05-05 14:33:15,79.455,0.001,13505,"Orinoco, River",South America,Venezuela,River,-67.662,4.0196
2019-06-01 14:33:14,83.434,0.013,13505,"Orinoco, River",South America,Venezuela,River,-67.662,4.0196
2019-06-28 14:33:14,85.984,0.003,13505,"Orinoco, River",South America,Venezuela,River,-67.662,4.0196
2019-07-25 14:33:13,86.926,0.009,13505,"Orinoco, River",South America,Venezuela,River,-67.662,4.0196
2019-08-21 14:33:09,88.232,0.007,13505,"Orinoco, River",South America,Venezuela,River,-67.662,4.0196
2019-09-17 14:33:11,86.25,0.012,13505,"Orinoco, River",South America,Venezuela,River,-67.662,4.0196
2019-10-14 14:33:12,83.181,0.01,13505,"Orinoco, River",South America,Venezuela,River,-67.662,4.0196
2019-11-10 14:33:11,81.738,0.012,13505,"Orinoco, River",South America,Venezuela,River,-67.662,4.0196
2020-01-03 14:33:10,79.967,0.007,13505,"Orinoco, River",South America,Venezuela,River,-67.662,4.0196
2020-01-30 14:33:11,77.874,0.092,13505,"Orinoco, River",South America,Venezuela,River,-67.662,4.0196
2020-02-26 14:33:10,77.3,0.023,13505,"Orinoco, River",South America,Venezuela,River,-67.662,4.0196
2020-03-24 14:33:12,77.391,0.012,13505,"Orinoco, River",South America,Venezuela,River,-67.662,4.0196
2020-05-17 14:33:18,81.08,0.04,13505,"Orinoco, River",South America,Venezuela,River,-67.662,4.0196
2020-06-13 14:33:16,83.657,0.004,13505,"Orinoco, River",South America,Venezuela,River,-67.662,4.0196
2020-07-10 14:33:17,86.482,0.007,13505,"Orinoco, River",South America,Venezuela,River,-67.662,4.0196
2020-08-06 14:33:16,86.286,0.0,13505,"Orinoco, River",South America,Venezuela,River,-67.662,4.0196
2020-09-02 14:33:12,84.728,0.019,13505,"Orinoco, River",South America,Venezuela,River,-67.662,4.0196
2020-09-29 14:33:15,82.816,0.005,13505,"Orinoco, River",South America,Venezuela,River,-67.662,4.0196
2020-11-22 14:33:12,82.036,0.052,13505,"Orinoco, River",South America,Venezuela,River,-67.662,4.0196
2020-12-19 14:33:10,81.387,0.008,13505,"Orinoco, River",South America,Venezuela,River,-67.662,4.0196
2021-01-15 14:33:16,80.473,0.064,13505,"Orinoco, River",South America,Venezuela,River,-67.662,4.0196
2021-04-06 14:33:18,79.698,0.011,13505,"Orinoco, River",South America,Venezuela,River,-67.662,4.0196
2021-05-30 14:33:21,85.806,0.015,13505,"Orinoco, River",South America,Venezuela,River,-67.662,4.0196
2021-06-26 14:33:23,87.242,0.02,13505,"Orinoco, River",South America,Venezuela,River,-67.662,4.0196
2021-07-23 14:33:22,87.647,0.033,13505,"Orinoco, River",South America,Venezuela,River,-67.662,4.0196
2021-08-19 14:33:19,87.426,0.004,13505,"Orinoco, River",South America,Venezuela,River,-67.662,4.0196
2021-09-15 14:33:18,86.71,0.031,13505,"Orinoco, River",South America,Venezuela,River,-67.662,4.0196
2021-10-12 14:33:21,84.094,0.005,13505,"Orinoco, River",South America,Venezuela,River,-67.662,4.0196
2021-11-08 14:33:19,83.005,0.009,13505,"Orinoco, River",South America,Venezuela,River,-67.662,4.0196
2021-12-05 14:33:18,77.522,0.009,13505,"Orinoco, River",South America,Venezuela,River,-67.662,4.0196
2022-01-01 14:33:19,80.078,0.004,13505,"Orinoco, River",South America,Venezuela,River,-67.662,4.0196
2022-02-24 14:33:21,78.044,0.022,13505,"Orinoco, River",South America,Venezuela,River,-67.662,4.0196
2022-03-23 14:33:22,80.407,0.079,13505,"Orinoco, River",South America,Venezuela,River,-67.662,4.0196
2022-04-19 14:33:24,80.093,0.033,13505,"Orinoco, River",South America,Venezuela,River,-67.662,4.0196
2022-05-16 14:33:23,83.639,0.011,13505,"Orinoco, River",South America,Venezuela,River,-67.662,4.0196
2022-06-12 14:33:22,85.944,0.013,13505,"Orinoco, River",South America,Venezuela,River,-67.662,4.0196
2022-07-09 14:33:21,87.314,0.007,13505,"Orinoco, River",South America,Venezuela,River,-67.662,4.0196
2022-08-05 14:33:18,87.96,0.013,13505,"Orinoco, River",South America,Venezuela,River,-67.662,4.0196
2022-09-01 14:33:17,86.905,0.001,13505,"Orinoco, River",South America,Venezuela,River,-67.662,4.0196
2022-09-28 14:33:19,84.431,0.008,13505,"Orinoco, River",South America,Venezuela,River,-67.662,4.0196
2022-10-25 14:33:18,82.952,0.034,13505,"Orinoco, River",South America,Venezuela,River,-67.662,4.0196
2022-11-21 14:33:14,82.532,0.003,13505,"Orinoco, River",South America,Venezuela,River,-67.662,4.0196
2022-12-18 14:33:14,80.979,0.006,13505,"Orinoco, River",South America,Venezuela,River,-67.662,4.0196
2023-01-14 14:33:16,80.141,0.0,13505,"Orinoco, River",South America,Venezuela,River,-67.662,4.0196
2023-03-09 14:33:17,78.44,0.001,13505,"Orinoco, River",South America,Venezuela,River,-67.662,4.0196
2023-04-05 14:33:20,78.609,0.005,13505,"Orinoco, River",South America,Venezuela,River,-67.662,4.0196
2023-05-02 14:33:22,80.202,0.045,13505,"Orinoco, River",South America,Venezuela,River,-67.662,4.0196
2023-05-29 14:33:21,82.792,0.033,13505,"Orinoco, River",South America,Venezuela,River,-67.662,4.0196
2023-06-25 14:33:17,84.884,0.018,13505,"Orinoco, River",South America,Venezuela,River,-67.662,4.0196
2023-07-22 14:33:14,86.399,0.0,13505,"Orinoco, River",South America,Venezuela,River,-67.662,4.0196
2023-08-18 14:33:10,86.23,0.013,13505,"Orinoco, River",South America,Venezuela,River,-67.662,4.0196
2023-09-14 14:33:14,81.537,0.054,13505,"Orinoco, River",South America,Venezuela,River,-67.662,4.0196
2023-10-11 14:33:14,79.928,0.003,13505,"Orinoco, River",South America,Venezuela,River,-67.662,4.0196
2023-11-07 14:33:12,79.251,0.004,13505,"Orinoco, River",South America,Venezuela,River,-67.662,4.0196
2023-12-31 14:33:16,78.604,0.003,13505,"Orinoco, River",South America,Venezuela,River,-67.662,4.0196
2024-01-27 14:33:17,77.708,0.029,13505,"Orinoco, River",South America,Venezuela,River,-67.662,4.0196
2024-02-23 14:33:16,77.252,0.011,13505,"Orinoco, River",South America,Venezuela,River,-67.662,4.0196
2024-03-21 14:33:17,76.889,0.022,13505,"Orinoco, River",South America,Venezuela,River,-67.662,4.0196
2024-04-17 14:33:21,77.026,0.018,13505,"Orinoco, River",South America,Venezuela,River,-67.662,4.0196
2024-05-14 14:33:22,81.334,0.02,13505,"Orinoco, River",South America,Venezuela,River,-67.662,4.0196
2024-07-07 14:33:20,87.16,0.004,13505,"Orinoco, River",South America,Venezuela,River,-67.662,4.0196
2024-08-03 14:33:18,87.368,0.003,13505,"Orinoco, River",South America,Venezuela,River,-67.662,4.0196
2024-08-30 14:33:14,85.415,0.037,13505,"Orinoco, River",South America,Venezuela,River,-67.662,4.0196
2024-10-23 14:33:18,79.759,0.039,13505,"Orinoco, River",South America,Venezuela,River,-67.662,4.0196
2024-11-19 14:33:16,79.656,0.021,13505,"Orinoco, River",South America,Venezuela,River,-67.662,4.0196
2024-12-16 14:33:12,78.909,0.01,13505,"Orinoco, River",South America,Venezuela,River,-67.662,4.0196
2025-01-12 14:33:17,79.633,0.015,13505,"Orinoco, River",South America,Venezuela,River,-67.662,4.0196
2025-02-08 14:33:19,78.155,0.002,13505,"Orinoco, River",South America,Venezuela,River,-67.662,4.0196
2025-03-07 14:33:17,77.879,0.021,13505,"Orinoco, River",South America,Venezuela,River,-67.662,4.0196
2025-04-03 14:33:20,79.156,0.0,13505,"Orinoco, River",South America,Venezuela,River,-67.662,4.0196
2025-04-30 14:33:25,79.015,0.028,13505,"Orinoco, River",South America,Venezuela,River,-67.662,4.0196
2025-05-27 14:33:26,84.793,0.015,13505,"Orinoco, River",South America,Venezuela,River,-67.662,4.0196
2025-06-23 14:33:26,87.231,0.007,13505,"Orinoco, River",South America,Venezuela,River,-67.662,4.0196
2025-07-20 14:33:26,88.791,0.019,13505,"Orinoco, River",South America,Venezuela,River,-67.662,4.0196
2025-08-16 14:33:24,88.485,0.009,13505,"Orinoco, River",South America,Venezuela,River,-67.662,4.0196
2025-09-12 14:33:22,87.137,0.007,13505,"Orinoco, River",South America,Venezuela,River,-67.662,4.0196
2025-10-09 14:33:24,84.198,0.018,13505,"Orinoco, River",South America,Venezuela,River,-67.662,4.0196
2008-07-21 22:49:09,89.078,0.01,13509,"Orinoco, River",South America,Venezuela,River,-67.3153,3.9605
2008-07-31 20:47:40,89.162,0.093,13509,"Orinoco, River",South America,Venezuela,River,-67.3153,3.9605
2008-08-10 18:46:12,88.988,0.033,13509,"Orinoco, River",South America,Venezuela,River,-67.3153,3.9605
2008-08-20 16:44:43,88.749,0.002,13509,"Orinoco, River",South America,Venezuela,River,-67.3153,3.9605
2008-08-30 14:43:15,87.885,0.027,13509,"Orinoco, River",South America,Venezuela,River,-67.3153,3.9605
2008-09-09 12:41:47,87.613,0.006,13509,"Orinoco, River",South America,Venezuela,River,-67.3153,3.9605
2008-09-19 10:40:19,87.013,0.007,13509,"Orinoco, River",South America,Venezuela,River,-67.3153,3.9605
2008-09-29 08:38:51,86.219,0.018,13509,"Orinoco, River",South America,Venezuela,River,-67.3153,3.9605
2008-10-29 02:34:27,85.463,0.099,13509,"Orinoco, River",South America,Venezuela,River,-67.3153,3.9605
2008-11-08 00:32:58,85.735,0.003,13509,"Orinoco, River",South America,Venezuela,River,-67.3153,3.9605
2008-11-17 22:31:29,85.51,0.016,13509,"Orinoco, River",South America,Venezuela,River,-67.3153,3.9605
2008-11-27 20:30:00,85.799,0.008,13509,"Orinoco, River",South America,Venezuela,River,-67.3153,3.9605
2008-12-07 18:28:32,85.181,0.033,13509,"Orinoco, River",South America,Venezuela,River,-67.3153,3.9605
2008-12-17 16:27:03,85.107,0.094,13509,"Orinoco, River",South America,Venezuela,River,-67.3153,3.9605
2008-12-27 14:25:35,84.9,0.011,13509,"Orinoco, River",South America,Venezuela,River,-67.3153,3.9605
2009-01-06 12:24:06,84.807,0.025,13509,"Orinoco, River",South America,Venezuela,River,-67.3153,3.9605
2009-02-15 04:18:15,83.735,0.011,13509,"Orinoco, River",South America,Venezuela,River,-67.3153,3.9605
2009-03-07 00:15:18,83.221,0.017,13509,"Orinoco, River",South America,Venezuela,River,-67.3153,3.9605
2009-03-16 22:13:49,83.618,0.003,13509,"Orinoco, River",South America,Venezuela,River,-67.3153,3.9605
2009-03-26 20:12:20,83.587,0.033,13509,"Orinoco, River",South America,Venezuela,River,-67.3153,3.9605
2009-04-05 18:10:51,83.749,0.1,13509,"Orinoco, River",South America,Venezuela,River,-67.3153,3.9605
2009-04-15 16:09:22,83.587,0.009,13509,"Orinoco, River",South America,Venezuela,River,-67.3153,3.9605
2009-04-25 14:07:53,84.427,0.024,13509,"Orinoco, River",South America,Venezuela,River,-67.3153,3.9605
2009-06-04 06:02:00,83.417,0.035,13509,"Orinoco, River",South America,Venezuela,River,-67.3153,3.9605
2009-06-24 01:59:03,85.954,0.055,13509,"Orinoco, River",South America,Venezuela,River,-67.3153,3.9605
2009-07-13 21:56:07,87.299,0.009,13509,"Orinoco, River",South America,Venezuela,River,-67.3153,3.9605
2009-07-23 19:54:38,87.431,0.005,13509,"Orinoco, River",South America,Venezuela,River,-67.3153,3.9605
2009-08-02 17:53:09,87.112,0.002,13509,"Orinoco, River",South America,Venezuela,River,-67.3153,3.9605
2009-08-12 15:51:41,87.468,0.002,13509,"Orinoco, River",South America,Venezuela,River,-67.3153,3.9605
2009-08-22 13:50:12,87.447,0.029,13509,"Orinoco, River",South America,Venezuela,River,-67.3153,3.9605
2009-09-01 11:48:44,86.84,0.016,13509,"Orinoco, River",South America,Venezuela,River,-67.3153,3.9605
2009-09-11 09:47:16,85.993,0.037,13509,"Orinoco, River",South America,Venezuela,River,-67.3153,3.9605
2009-09-21 07:45:48,85.232,0.005,13509,"Orinoco, River",South America,Venezuela,River,-67.3153,3.9605
2009-10-01 05:44:19,84.468,0.032,13509,"Orinoco, River",South America,Venezuela,River,-67.3153,3.9605
2009-10-11 03:42:51,84.606,0.042,13509,"Orinoco, River",South America,Venezuela,River,-67.3153,3.9605
2009-10-21 01:41:23,85.023,0.043,13509,"Orinoco, River",South America,Venezuela,River,-67.3153,3.9605
2009-10-30 23:39:54,84.406,0.034,13509,"Orinoco, River",South America,Venezuela,River,-67.3153,3.9605
2009-11-09 21:38:25,84.047,0.018,13509,"Orinoco, River",South America,Venezuela,River,-67.3153,3.9605
2009-11-19 19:36:56,83.377,0.023,13509,"Orinoco, River",South America,Venezuela,River,-67.3153,3.9605
2009-11-29 17:35:28,84.134,0.062,13509,"Orinoco, River",South America,Venezuela,River,-67.3153,3.9605
2009-12-09 15:33:59,82.799,0.003,13509,"Orinoco, River",South America,Venezuela,River,-67.3153,3.9605
2009-12-29 11:31:02,82.775,0.067,13509,"Orinoco, River",South America,Venezuela,River,-67.3153,3.9605
2010-01-08 09:29:35,82.452,0.011,13509,"Orinoco, River",South America,Venezuela,River,-67.3153,3.9605
2010-01-28 05:26:39,82.161,0.057,13509,"Orinoco, River",South America,Venezuela,River,-67.3153,3.9605
2010-02-07 03:25:10,81.882,0.041,13509,"Orinoco, River",South America,Venezuela,River,-67.3153,3.9605
2010-02-26 23:22:13,81.836,0.001,13509,"Orinoco, River",South America,Venezuela,River,-67.3153,3.9605
2010-03-08 21:20:45,82.171,0.075,13509,"Orinoco, River",South America,Venezuela,River,-67.3153,3.9605
2010-03-18 19:19:16,82.505,0.077,13509,"Orinoco, River",South America,Venezuela,River,-67.3153,3.9605
2010-04-07 15:16:18,82.312,0.018,13509,"Orinoco, River",South America,Venezuela,River,-67.3153,3.9605
2010-04-17 13:14:49,84.635,0.018,13509,"Orinoco, River",South America,Venezuela,River,-67.3153,3.9605
2010-04-27 11:13:21,85.187,0.049,13509,"Orinoco, River",South America,Venezuela,River,-67.3153,3.9605
2010-05-17 07:10:24,87.312,0.021,13509,"Orinoco, River",South America,Venezuela,River,-67.3153,3.9605
2010-05-27 05:08:56,88.363,0.007,13509,"Orinoco, River",South America,Venezuela,River,-67.3153,3.9605
2010-06-06 03:07:28,88.288,0.051,13509,"Orinoco, River",South America,Venezuela,River,-67.3153,3.9605
2010-06-16 01:05:59,87.584,0.095,13509,"Orinoco, River",South America,Venezuela,River,-67.3153,3.9605
2010-07-05 21:03:01,88.613,0.01,13509,"Orinoco, River",South America,Venezuela,River,-67.3153,3.9605
2010-07-15 19:01:32,88.767,0.034,13509,"Orinoco, River",South America,Venezuela,River,-67.3153,3.9605
2010-07-25 17:00:03,88.672,0.004,13509,"Orinoco, River",South America,Venezuela,River,-67.3153,3.9605
2010-08-04 14:58:36,89.079,0.036,13509,"Orinoco, River",South America,Venezuela,River,-67.3153,3.9605
2010-08-14 12:57:08,89.293,0.023,13509,"Orinoco, River",South America,Venezuela,River,-67.3153,3.9605
2010-09-13 06:52:43,88.567,0.016,13509,"Orinoco, River",South America,Venezuela,River,-67.3153,3.9605
2010-09-23 04:51:14,87.661,0.081,13509,"Orinoco, River",South America,Venezuela,River,-67.3153,3.9605
2010-10-03 02:49:46,87.264,0.028,13509,"Orinoco, River",South America,Venezuela,River,-67.3153,3.9605
2010-10-13 00:48:17,86.254,0.055,13509,"Orinoco, River",South America,Venezuela,River,-67.3153,3.9605
2010-10-22 22:46:48,85.429,0.02,13509,"Orinoco, River",South America,Venezuela,River,-67.3153,3.9605
2010-11-01 20:45:18,85.772,0.025,13509,"Orinoco, River",South America,Venezuela,River,-67.3153,3.9605
2010-11-11 18:43:50,85.07,0.003,13509,"Orinoco, River",South America,Venezuela,River,-67.3153,3.9605
2010-11-21 16:42:22,85.761,0.028,13509,"Orinoco, River",South America,Venezuela,River,-67.3153,3.9605
2010-12-01 14:40:54,86.094,0.011,13509,"Orinoco, River",South America,Venezuela,River,-67.3153,3.9605
2010-12-11 12:39:26,85.778,0.006,13509,"Orinoco, River",South America,Venezuela,River,-67.3153,3.9605
2011-01-10 06:35:01,84.631,0.014,13509,"Orinoco, River",South America,Venezuela,River,-67.3153,3.9605
2011-01-20 04:33:32,83.826,0.031,13509,"Orinoco, River",South America,Venezuela,River,-67.3153,3.9605
2011-01-30 02:32:04,83.384,0.015,13509,"Orinoco, River",South America,Venezuela,River,-67.3153,3.9605
2011-02-18 22:29:05,83.243,0.037,13509,"Orinoco, River",South America,Venezuela,River,-67.3153,3.9605
2011-03-20 16:24:40,84.107,0.079,13509,"Orinoco, River",South America,Venezuela,River,-67.3153,3.9605
2011-03-30 14:23:12,83.902,0.046,13509,"Orinoco, River",South America,Venezuela,River,-67.3153,3.9605
2011-04-09 12:21:44,83.263,0.039,13509,"Orinoco, River",South America,Venezuela,River,-67.3153,3.9605
2011-04-19 10:20:15,84.453,0.029,13509,"Orinoco, River",South America,Venezuela,River,-67.3153,3.9605
2011-04-29 08:18:47,85.346,0.037,13509,"Orinoco, River",South America,Venezuela,River,-67.3153,3.9605
2011-05-09 06:17:18,86.133,0.041,13509,"Orinoco, River",South America,Venezuela,River,-67.3153,3.9605
2011-05-19 04:15:49,87.379,0.062,13509,"Orinoco, River",South America,Venezuela,River,-67.3153,3.9605
2011-05-29 02:14:20,87.43,0.02,13509,"Orinoco, River",South America,Venezuela,River,-67.3153,3.9605
2011-06-08 00:12:52,88.049,0.05,13509,"Orinoco, River",South America,Venezuela,River,-67.3153,3.9605
2011-06-17 22:11:24,87.807,0.011,13509,"Orinoco, River",South America,Venezuela,River,-67.3153,3.9605
2011-06-27 20:09:56,87.874,0.057,13509,"Orinoco, River",South America,Venezuela,River,-67.3153,3.9605
2011-07-17 16:06:59,88.449,0.037,13509,"Orinoco, River",South America,Venezuela,River,-67.3153,3.9605
2011-07-27 14:05:31,88.336,0.046,13509,"Orinoco, River",South America,Venezuela,River,-67.3153,3.9605
2011-08-06 12:04:02,88.731,0.046,13509,"Orinoco, River",South America,Venezuela,River,-67.3153,3.9605
2011-08-16 10:02:32,88.381,0.003,13509,"Orinoco, River",South America,Venezuela,River,-67.3153,3.9605
2011-08-26 08:01:03,87.543,0.029,13509,"Orinoco, River",South America,Venezuela,River,-67.3153,3.9605
2011-09-05 05:59:35,87.29,0.041,13509,"Orinoco, River",South America,Venezuela,River,-67.3153,3.9605
2011-09-15 03:58:07,86.283,0.024,13509,"Orinoco, River",South America,Venezuela,River,-67.3153,3.9605
2011-09-25 01:56:39,86.114,0.003,13509,"Orinoco, River",South America,Venezuela,River,-67.3153,3.9605
2011-10-24 19:52:12,85.843,0.055,13509,"Orinoco, River",South America,Venezuela,River,-67.3153,3.9605
2011-11-03 17:50:44,86.329,0.006,13509,"Orinoco, River",South America,Venezuela,River,-67.3153,3.9605
2011-11-13 15:49:16,86.234,0.004,13509,"Orinoco, River",South America,Venezuela,River,-67.3153,3.9605
2011-12-13 09:44:50,86.073,0.019,13509,"Orinoco, River",South America,Venezuela,River,-67.3153,3.9605
2011-12-23 07:43:22,85.33,0.003,13509,"Orinoco, River",South America,Venezuela,River,-67.3153,3.9605
2012-01-12 03:40:26,84.285,0.026,13509,"Orinoco, River",South America,Venezuela,River,-67.3153,3.9605
2012-01-31 23:37:29,83.764,0.092,13509,"Orinoco, River",South America,Venezuela,River,-67.3153,3.9605
2012-02-10 21:36:00,83.959,0.024,13509,"Orinoco, River",South America,Venezuela,River,-67.3153,3.9605
2012-02-20 19:34:32,83.478,0.019,13509,"Orinoco, River",South America,Venezuela,River,-67.3153,3.9605
2012-03-01 17:33:03,83.705,0.059,13509,"Orinoco, River",South America,Venezuela,River,-67.3153,3.9605
2012-03-11 15:31:34,83.508,0.093,13509,"Orinoco, River",South America,Venezuela,River,-67.3153,3.9605
2012-03-31 11:28:38,84.235,0.042,13509,"Orinoco, River",South America,Venezuela,River,-67.3153,3.9605
2012-04-30 05:24:13,86.054,0.056,13509,"Orinoco, River",South America,Venezuela,River,-67.3153,3.9605
2012-05-20 01:21:15,87.189,0.015,13509,"Orinoco, River",South America,Venezuela,River,-67.3153,3.9605
2012-05-29 23:19:46,86.656,0.035,13509,"Orinoco, River",South America,Venezuela,River,-67.3153,3.9605
2012-06-18 19:16:50,86.861,0.071,13509,"Orinoco, River",South America,Venezuela,River,-67.3153,3.9605
2012-06-28 17:15:22,86.94,0.019,13509,"Orinoco, River",South America,Venezuela,River,-67.3153,3.9605
2012-07-08 15:13:52,86.801,0.056,13509,"Orinoco, River",South America,Venezuela,River,-67.3153,3.9605
2012-07-18 13:12:24,87.601,0.03,13509,"Orinoco, River",South America,Venezuela,River,-67.3153,3.9605
2012-07-28 11:10:54,88.317,0.002,13509,"Orinoco, River",South America,Venezuela,River,-67.3153,3.9605
2012-08-07 09:09:26,88.892,0.055,13509,"Orinoco, River",South America,Venezuela,River,-67.3153,3.9605
2012-08-17 07:07:58,88.659,0.009,13509,"Orinoco, River",South America,Venezuela,River,-67.3153,3.9605
2012-08-27 05:06:30,88.807,0.022,13509,"Orinoco, River",South America,Venezuela,River,-67.3153,3.9605
2012-09-06 03:05:02,88.597,0.038,13509,"Orinoco, River",South America,Venezuela,River,-67.3153,3.9605
2012-09-16 01:03:33,88.091,0.018,13509,"Orinoco, River",South America,Venezuela,River,-67.3153,3.9605
2012-09-25 23:02:04,87.02,0.065,13509,"Orinoco, River",South America,Venezuela,River,-67.3153,3.9605
2012-10-05 21:00:35,86.15,0.055,13509,"Orinoco, River",South America,Venezuela,River,-67.3153,3.9605
2012-10-15 18:59:06,85.623,0.0,13509,"Orinoco, River",South America,Venezuela,River,-67.3153,3.9605
2012-10-25 16:57:37,85.711,0.032,13509,"Orinoco, River",South America,Venezuela,River,-67.3153,3.9605
2012-11-04 14:56:10,84.972,0.0,13509,"Orinoco, River",South America,Venezuela,River,-67.3153,3.9605
2012-11-14 12:54:42,84.541,0.009,13509,"Orinoco, River",South America,Venezuela,River,-67.3153,3.9605
2012-11-24 10:53:14,84.625,0.07,13509,"Orinoco, River",South America,Venezuela,River,-67.3153,3.9605
2012-12-04 08:51:45,84.354,0.039,13509,"Orinoco, River",South America,Venezuela,River,-67.3153,3.9605
2012-12-14 06:50:17,83.943,0.003,13509,"Orinoco, River",South America,Venezuela,River,-67.3153,3.9605
2012-12-24 04:48:49,83.924,0.048,13509,"Orinoco, River",South America,Venezuela,River,-67.3153,3.9605
2013-01-03 02:47:21,83.597,0.011,13509,"Orinoco, River",South America,Venezuela,River,-67.3153,3.9605
2013-01-13 00:45:53,82.867,0.022,13509,"Orinoco, River",South America,Venezuela,River,-67.3153,3.9605
2013-02-01 20:42:55,82.73,0.025,13509,"Orinoco, River",South America,Venezuela,River,-67.3153,3.9605
2013-03-03 14:38:29,84.003,0.063,13509,"Orinoco, River",South America,Venezuela,River,-67.3153,3.9605
2013-03-13 12:37:01,83.16,0.077,13509,"Orinoco, River",South America,Venezuela,River,-67.3153,3.9605
2013-03-23 10:35:33,82.718,0.072,13509,"Orinoco, River",South America,Venezuela,River,-67.3153,3.9605
2013-04-22 04:31:08,84.096,0.023,13509,"Orinoco, River",South America,Venezuela,River,-67.3153,3.9605
2013-05-02 02:29:39,85.099,0.024,13509,"Orinoco, River",South America,Venezuela,River,-67.3153,3.9605
2013-05-12 00:28:10,85.464,0.019,13509,"Orinoco, River",South America,Venezuela,River,-67.3153,3.9605
2013-05-21 22:26:42,86.275,0.09,13509,"Orinoco, River",South America,Venezuela,River,-67.3153,3.9605
2013-05-31 20:25:14,87.088,0.006,13509,"Orinoco, River",South America,Venezuela,River,-67.3153,3.9605
2013-06-10 18:23:46,87.545,0.026,13509,"Orinoco, River",South America,Venezuela,River,-67.3153,3.9605
2013-06-20 16:22:18,87.842,0.082,13509,"Orinoco, River",South America,Venezuela,River,-67.3153,3.9605
2013-06-30 14:20:49,87.929,0.02,13509,"Orinoco, River",South America,Venezuela,River,-67.3153,3.9605
2013-07-10 12:19:21,87.433,0.028,13509,"Orinoco, River",South America,Venezuela,River,-67.3153,3.9605
2013-07-20 10:17:52,88.031,0.01,13509,"Orinoco, River",South America,Venezuela,River,-67.3153,3.9605
2013-07-30 08:16:23,88.041,0.088,13509,"Orinoco, River",South America,Venezuela,River,-67.3153,3.9605
2013-08-09 06:14:53,87.427,0.052,13509,"Orinoco, River",South America,Venezuela,River,-67.3153,3.9605
2013-08-19 04:13:25,88.133,0.004,13509,"Orinoco, River",South America,Venezuela,River,-67.3153,3.9605
2013-08-29 02:11:58,87.836,0.001,13509,"Orinoco, River",South America,Venezuela,River,-67.3153,3.9605
2013-09-17 22:09:01,87.378,0.055,13509,"Orinoco, River",South America,Venezuela,River,-67.3153,3.9605
2013-09-27 20:07:33,86.967,0.036,13509,"Orinoco, River",South America,Venezuela,River,-67.3153,3.9605
2013-10-07 18:06:04,86.669,0.022,13509,"Orinoco, River",South America,Venezuela,River,-67.3153,3.9605
2013-10-17 16:04:36,85.691,0.008,13509,"Orinoco, River",South America,Venezuela,River,-67.3153,3.9605
2013-10-27 14:03:06,86.201,0.022,13509,"Orinoco, River",South America,Venezuela,River,-67.3153,3.9605
2013-11-06 12:01:39,85.609,0.036,13509,"Orinoco, River",South America,Venezuela,River,-67.3153,3.9605
2013-11-16 10:00:11,85.351,0.006,13509,"Orinoco, River",South America,Venezuela,River,-67.3153,3.9605
2013-11-26 07:58:43,85.121,0.059,13509,"Orinoco, River",South America,Venezuela,River,-67.3153,3.9605
2013-12-06 05:57:14,85.091,0.026,13509,"Orinoco, River",South America,Venezuela,River,-67.3153,3.9605
2013-12-26 01:54:17,83.618,0.004,13509,"Orinoco, River",South America,Venezuela,River,-67.3153,3.9605
2014-01-04 23:52:49,83.344,0.004,13509,"Orinoco, River",South America,Venezuela,River,-67.3153,3.9605
2014-01-14 21:51:21,83.086,0.049,13509,"Orinoco, River",South America,Venezuela,River,-67.3153,3.9605
2014-01-24 19:49:53,83.101,0.012,13509,"Orinoco, River",South America,Venezuela,River,-67.3153,3.9605
2014-02-03 17:48:25,82.441,0.037,13509,"Orinoco, River",South America,Venezuela,River,-67.3153,3.9605
2014-02-23 13:45:27,84.206,0.002,13509,"Orinoco, River",South America,Venezuela,River,-67.3153,3.9605
2014-03-05 11:43:59,82.634,0.019,13509,"Orinoco, River",South America,Venezuela,River,-67.3153,3.9605
2014-03-15 09:42:31,83.054,0.036,13509,"Orinoco, River",South America,Venezuela,River,-67.3153,3.9605
2014-03-25 07:41:03,82.733,0.077,13509,"Orinoco, River",South America,Venezuela,River,-67.3153,3.9605
2014-04-04 05:39:34,83.073,0.089,13509,"Orinoco, River",South America,Venezuela,River,-67.3153,3.9605
2014-04-14 03:38:06,83.396,0.088,13509,"Orinoco, River",South America,Venezuela,River,-67.3153,3.9605
2014-04-24 01:36:36,83.88,0.045,13509,"Orinoco, River",South America,Venezuela,River,-67.3153,3.9605
2014-05-03 23:35:09,83.86,0.038,13509,"Orinoco, River",South America,Venezuela,River,-67.3153,3.9605
2014-05-23 19:32:13,84.701,0.023,13509,"Orinoco, River",South America,Venezuela,River,-67.3153,3.9605
2014-06-02 17:30:45,85.101,0.004,13509,"Orinoco, River",South America,Venezuela,River,-67.3153,3.9605
2014-07-02 11:26:18,87.688,0.025,13509,"Orinoco, River",South America,Venezuela,River,-67.3153,3.9605
2014-07-12 09:24:49,88.587,0.005,13509,"Orinoco, River",South America,Venezuela,River,-67.3153,3.9605
2014-07-22 07:23:22,88.47,0.009,13509,"Orinoco, River",South America,Venezuela,River,-67.3153,3.9605
2014-08-01 05:21:54,87.76,0.003,13509,"Orinoco, River",South America,Venezuela,River,-67.3153,3.9605
2014-08-11 03:20:26,88.484,0.027,13509,"Orinoco, River",South America,Venezuela,River,-67.3153,3.9605
2014-08-30 23:17:30,88.487,0.004,13509,"Orinoco, River",South America,Venezuela,River,-67.3153,3.9605
2014-09-19 19:14:33,86.726,0.003,13509,"Orinoco, River",South America,Venezuela,River,-67.3153,3.9605
2014-09-29 17:13:04,85.896,0.049,13509,"Orinoco, River",South America,Venezuela,River,-67.3153,3.9605
2014-10-09 15:11:35,84.948,0.005,13509,"Orinoco, River",South America,Venezuela,River,-67.3153,3.9605
2014-10-19 13:10:06,85.566,0.02,13509,"Orinoco, River",South America,Venezuela,River,-67.3153,3.9605
2014-10-29 11:08:38,86.607,0.021,13509,"Orinoco, River",South America,Venezuela,River,-67.3153,3.9605
2014-11-08 09:07:10,85.381,0.067,13509,"Orinoco, River",South America,Venezuela,River,-67.3153,3.9605
2014-11-18 07:05:42,85.209,0.019,13509,"Orinoco, River",South America,Venezuela,River,-67.3153,3.9605
2014-11-28 05:04:13,85.291,0.017,13509,"Orinoco, River",South America,Venezuela,River,-67.3153,3.9605
2014-12-08 03:02:43,84.048,0.011,13509,"Orinoco, River",South America,Venezuela,River,-67.3153,3.9605
2014-12-27 22:59:48,84.319,0.094,13509,"Orinoco, River",South America,Venezuela,River,-67.3153,3.9605
2015-01-06 20:58:20,83.824,0.078,13509,"Orinoco, River",South America,Venezuela,River,-67.3153,3.9605
2015-01-26 16:55:24,83.278,0.087,13509,"Orinoco, River",South America,Venezuela,River,-67.3153,3.9605
2015-02-05 14:53:55,83.273,0.098,13509,"Orinoco, River",South America,Venezuela,River,-67.3153,3.9605
2015-03-17 06:48:01,82.785,0.002,13509,"Orinoco, River",South America,Venezuela,River,-67.3153,3.9605
2015-04-06 02:45:06,82.984,0.024,13509,"Orinoco, River",South America,Venezuela,River,-67.3153,3.9605
2015-04-25 22:42:08,83.511,0.062,13509,"Orinoco, River",South America,Venezuela,River,-67.3153,3.9605
2015-05-05 20:40:39,83.275,0.06,13509,"Orinoco, River",South America,Venezuela,River,-67.3153,3.9605
2015-05-25 16:37:42,84.346,0.045,13509,"Orinoco, River",South America,Venezuela,River,-67.3153,3.9605
2015-06-04 14:36:15,84.775,0.033,13509,"Orinoco, River",South America,Venezuela,River,-67.3153,3.9605
2015-06-14 12:34:47,84.56,0.057,13509,"Orinoco, River",South America,Venezuela,River,-67.3153,3.9605
2015-06-24 10:33:19,87.182,0.009,13509,"Orinoco, River",South America,Venezuela,River,-67.3153,3.9605
2015-07-04 08:31:50,86.975,0.001,13509,"Orinoco, River",South America,Venezuela,River,-67.3153,3.9605
2015-07-14 06:30:21,86.975,0.003,13509,"Orinoco, River",South America,Venezuela,River,-67.3153,3.9605
2015-07-24 04:28:53,86.85,0.098,13509,"Orinoco, River",South America,Venezuela,River,-67.3153,3.9605
2015-08-03 02:27:24,88.114,0.007,13509,"Orinoco, River",South America,Venezuela,River,-67.3153,3.9605
2015-08-13 00:25:55,87.277,0.013,13509,"Orinoco, River",South America,Venezuela,River,-67.3153,3.9605
2015-09-01 20:22:57,87.209,0.07,13509,"Orinoco, River",South America,Venezuela,River,-67.3153,3.9605
2015-09-11 18:21:29,86.266,0.025,13509,"Orinoco, River",South America,Venezuela,River,-67.3153,3.9605
2015-09-21 16:20:02,85.499,0.023,13509,"Orinoco, River",South America,Venezuela,River,-67.3153,3.9605
2015-10-01 14:18:34,84.485,0.057,13509,"Orinoco, River",South America,Venezuela,River,-67.3153,3.9605
2015-10-21 10:15:38,84.684,0.009,13509,"Orinoco, River",South America,Venezuela,River,-67.3153,3.9605
2015-10-31 08:14:10,84.093,0.013,13509,"Orinoco, River",South America,Venezuela,River,-67.3153,3.9605
2015-11-20 04:11:13,84.134,0.071,13509,"Orinoco, River",South America,Venezuela,River,-67.3153,3.9605
2015-11-30 02:09:45,83.441,0.016,13509,"Orinoco, River",South America,Venezuela,River,-67.3153,3.9605
2015-12-10 00:08:17,83.02,0.0,13509,"Orinoco, River",South America,Venezuela,River,-67.3153,3.9605
2015-12-19 22:06:48,82.672,0.046,13509,"Orinoco, River",South America,Venezuela,River,-67.3153,3.9605
2016-01-28 14:00:53,81.93,0.007,13509,"Orinoco, River",South America,Venezuela,River,-67.3153,3.9605
2016-02-07 11:59:26,81.766,0.012,13509,"Orinoco, River",South America,Venezuela,River,-67.3153,3.9605
2016-02-17 09:57:58,81.817,0.032,13509,"Orinoco, River",South America,Venezuela,River,-67.3153,3.9605
2016-02-27 07:57:49,82.321,0.045,13509,"Orinoco, River",South America,Venezuela,River,-67.3153,3.9605
2016-03-08 05:55:41,82.086,0.007,13509,"Orinoco, River",South America,Venezuela,River,-67.3153,3.9605
2016-03-28 01:53:27,81.713,0.037,13509,"Orinoco, River",South America,Venezuela,River,-67.3153,3.9605
2016-04-06 23:51:59,82.231,0.002,13509,"Orinoco, River",South America,Venezuela,River,-67.3153,3.9605
2016-04-16 21:49:06,84.653,0.095,13509,"Orinoco, River",South America,Venezuela,River,-67.3153,3.9605
2016-04-26 19:48:19,83.948,0.019,13509,"Orinoco, River",South America,Venezuela,River,-67.3153,3.9605
2016-05-06 17:46:58,85.33,0.014,13509,"Orinoco, River",South America,Venezuela,River,-67.3153,3.9605
2016-05-16 15:45:22,86.003,0.009,13509,"Orinoco, River",South America,Venezuela,River,-67.3153,3.9605
2016-05-26 13:44:14,86.091,0.002,13509,"Orinoco, River",South America,Venezuela,River,-67.3153,3.9605
2016-06-05 11:42:40,86.776,0.007,13509,"Orinoco, River",South America,Venezuela,River,-67.3153,3.9605
2016-06-15 09:40:50,86.581,0.0,13509,"Orinoco, River",South America,Venezuela,River,-67.3153,3.9605
2016-06-25 07:39:38,87.579,0.011,13509,"Orinoco, River",South America,Venezuela,River,-67.3153,3.9605
2016-07-05 05:37:22,88.608,0.083,13509,"Orinoco, River",South America,Venezuela,River,-67.3153,3.9605
2016-07-15 03:36:09,88.281,0.001,13509,"Orinoco, River",South America,Venezuela,River,-67.3153,3.9605
2016-07-25 01:35:26,88.706,0.004,13509,"Orinoco, River",South America,Venezuela,River,-67.3153,3.9605
2016-08-03 23:33:58,88.936,0.007,13509,"Orinoco, River",South America,Venezuela,River,-67.3153,3.9605
2016-08-13 21:32:08,88.927,0.019,13509,"Orinoco, River",South America,Venezuela,River,-67.3153,3.9605
2016-08-23 19:30:39,88.503,0.044,13509,"Orinoco, River",South America,Venezuela,River,-67.3153,3.9605
2016-09-02 17:28:29,87.862,0.069,13509,"Orinoco, River",South America,Venezuela,River,-67.3153,3.9605
2016-09-12 15:28:23,87.627,0.007,13509,"Orinoco, River",South America,Venezuela,River,-67.3153,3.9605
2016-09-22 13:26:06,87.126,0.016,13509,"Orinoco, River",South America,Venezuela,River,-67.3153,3.9605
2016-10-02 11:25:27,87.01,0.006,13509,"Orinoco, River",South America,Venezuela,River,-67.3153,3.9605
2016-10-12 09:23:59,86.092,0.017,13509,"Orinoco, River",South America,Venezuela,River,-67.3153,3.9605
2016-10-22 07:22:31,86.213,0.043,13509,"Orinoco, River",South America,Venezuela,River,-67.3153,3.9605
2016-11-01 05:21:03,85.677,0.0,13509,"Orinoco, River",South America,Venezuela,River,-67.3153,3.9605
2016-11-11 03:19:34,84.784,0.016,13509,"Orinoco, River",South America,Venezuela,River,-67.3153,3.9605
2016-11-21 01:18:06,84.103,0.045,13509,"Orinoco, River",South America,Venezuela,River,-67.3153,3.9605
2016-11-30 23:16:37,84.569,0.008,13509,"Orinoco, River",South America,Venezuela,River,-67.3153,3.9605
2016-12-10 21:15:08,84.085,0.0,13509,"Orinoco, River",South America,Venezuela,River,-67.3153,3.9605
2017-01-09 15:10:42,83.941,0.054,13509,"Orinoco, River",South America,Venezuela,River,-67.3153,3.9605
2017-02-08 09:06:18,83.648,0.092,13509,"Orinoco, River",South America,Venezuela,River,-67.3153,3.9605
2017-02-18 07:04:49,83.035,0.093,13509,"Orinoco, River",South America,Venezuela,River,-67.3153,3.9605
2017-02-28 05:03:21,83.252,0.004,13509,"Orinoco, River",South America,Venezuela,River,-67.3153,3.9605
2017-03-20 01:00:24,83.589,0.005,13509,"Orinoco, River",South America,Venezuela,River,-67.3153,3.9605
2017-03-29 22:58:55,84.148,0.003,13509,"Orinoco, River",South America,Venezuela,River,-67.3153,3.9605
2017-04-08 20:57:26,83.292,0.01,13509,"Orinoco, River",South America,Venezuela,River,-67.3153,3.9605
2017-04-18 18:55:57,83.525,0.03,13509,"Orinoco, River",South America,Venezuela,River,-67.3153,3.9605
2017-04-28 16:54:30,83.649,0.053,13509,"Orinoco, River",South America,Venezuela,River,-67.3153,3.9605
2017-05-08 14:53:02,85.758,0.012,13509,"Orinoco, River",South America,Venezuela,River,-67.3153,3.9605
2017-05-18 12:51:34,86.859,0.004,13509,"Orinoco, River",South America,Venezuela,River,-67.3153,3.9605
2017-05-28 10:50:06,86.872,0.058,13509,"Orinoco, River",South America,Venezuela,River,-67.3153,3.9605
2017-06-07 08:48:38,86.532,0.016,13509,"Orinoco, River",South America,Venezuela,River,-67.3153,3.9605
2017-06-17 06:47:10,87.29,0.0,13509,"Orinoco, River",South America,Venezuela,River,-67.3153,3.9605
2017-06-27 04:45:41,88.191,0.008,13509,"Orinoco, River",South America,Venezuela,River,-67.3153,3.9605
2017-07-07 02:44:13,88.561,0.006,13509,"Orinoco, River",South America,Venezuela,River,-67.3153,3.9605
2017-07-17 00:42:45,88.665,0.019,13509,"Orinoco, River",South America,Venezuela,River,-67.3153,3.9605
2017-07-26 22:41:16,89.098,0.005,13509,"Orinoco, River",South America,Venezuela,River,-67.3153,3.9605
2017-08-05 20:39:48,89.397,0.02,13509,"Orinoco, River",South America,Venezuela,River,-67.3153,3.9605
2017-08-15 18:38:19,89.693,0.009,13509,"Orinoco, River",South America,Venezuela,River,-67.3153,3.9605
2017-09-04 14:35:21,87.462,0.011,13509,"Orinoco, River",South America,Venezuela,River,-67.3153,3.9605
2017-09-14 12:33:53,86.592,0.018,13509,"Orinoco, River",South America,Venezuela,River,-67.3153,3.9605
2017-10-04 08:30:57,86.71,0.038,13509,"Orinoco, River",South America,Venezuela,River,-67.3153,3.9605
2017-10-14 06:29:29,85.789,0.029,13509,"Orinoco, River",South America,Venezuela,River,-67.3153,3.9605
2017-10-24 04:28:01,85.228,0.003,13509,"Orinoco, River",South America,Venezuela,River,-67.3153,3.9605
2017-11-03 02:26:32,84.576,0.032,13509,"Orinoco, River",South America,Venezuela,River,-67.3153,3.9605
2017-11-13 00:25:04,84.672,0.01,13509,"Orinoco, River",South America,Venezuela,River,-67.3153,3.9605
2017-11-22 22:23:35,84.294,0.006,13509,"Orinoco, River",South America,Venezuela,River,-67.3153,3.9605
2017-12-02 20:22:06,84.034,0.009,13509,"Orinoco, River",South America,Venezuela,River,-67.3153,3.9605
2017-12-12 18:20:37,84.405,0.03,13509,"Orinoco, River",South America,Venezuela,River,-67.3153,3.9605
2017-12-22 16:19:09,83.819,0.022,13509,"Orinoco, River",South America,Venezuela,River,-67.3153,3.9605
2018-01-01 14:17:41,83.337,0.02,13509,"Orinoco, River",South America,Venezuela,River,-67.3153,3.9605
2018-01-11 12:16:13,83.322,0.056,13509,"Orinoco, River",South America,Venezuela,River,-67.3153,3.9605
2018-01-21 10:14:44,82.991,0.0,13509,"Orinoco, River",South America,Venezuela,River,-67.3153,3.9605
2018-01-31 08:13:16,83.674,0.05,13509,"Orinoco, River",South America,Venezuela,River,-67.3153,3.9605
2018-02-10 06:11:48,82.438,0.01,13509,"Orinoco, River",South America,Venezuela,River,-67.3153,3.9605
2018-02-20 04:10:20,83.286,0.012,13509,"Orinoco, River",South America,Venezuela,River,-67.3153,3.9605
2018-03-02 02:08:51,82.356,0.008,13509,"Orinoco, River",South America,Venezuela,River,-67.3153,3.9605
2018-03-12 00:07:22,82.416,0.044,13509,"Orinoco, River",South America,Venezuela,River,-67.3153,3.9605
2018-03-21 22:05:53,81.974,0.073,13509,"Orinoco, River",South America,Venezuela,River,-67.3153,3.9605
2018-03-31 20:04:23,82.114,0.068,13509,"Orinoco, River",South America,Venezuela,River,-67.3153,3.9605
2018-04-20 16:01:27,83.903,0.007,13509,"Orinoco, River",South America,Venezuela,River,-67.3153,3.9605
2018-05-10 11:58:31,85.69,0.038,13509,"Orinoco, River",South America,Venezuela,River,-67.3153,3.9605
2018-05-20 09:57:03,86.684,0.027,13509,"Orinoco, River",South America,Venezuela,River,-67.3153,3.9605
2018-05-30 07:55:35,87.378,0.018,13509,"Orinoco, River",South America,Venezuela,River,-67.3153,3.9605
2018-06-09 05:54:06,88.316,0.029,13509,"Orinoco, River",South America,Venezuela,River,-67.3153,3.9605
2018-06-19 03:52:38,88.994,0.026,13509,"Orinoco, River",South America,Venezuela,River,-67.3153,3.9605
2018-06-29 01:51:10,89.696,0.014,13509,"Orinoco, River",South America,Venezuela,River,-67.3153,3.9605
2018-07-08 23:49:41,89.509,0.01,13509,"Orinoco, River",South America,Venezuela,River,-67.3153,3.9605
2018-08-27 13:42:17,89.69,0.028,13509,"Orinoco, River",South America,Venezuela,River,-67.3153,3.9605
2018-09-06 11:40:49,89.093,0.013,13509,"Orinoco, River",South America,Venezuela,River,-67.3153,3.9605
2018-09-16 09:39:21,88.569,0.061,13509,"Orinoco, River",South America,Venezuela,River,-67.3153,3.9605
2018-09-26 07:37:53,88.199,0.014,13509,"Orinoco, River",South America,Venezuela,River,-67.3153,3.9605
2018-10-16 03:34:57,85.363,0.049,13509,"Orinoco, River",South America,Venezuela,River,-67.3153,3.9605
2018-11-04 23:32:00,84.482,0.005,13509,"Orinoco, River",South America,Venezuela,River,-67.3153,3.9605
2018-11-14 21:30:31,84.122,0.0,13509,"Orinoco, River",South America,Venezuela,River,-67.3153,3.9605
2018-12-04 17:27:33,84.002,0.076,13509,"Orinoco, River",South America,Venezuela,River,-67.3153,3.9605
2018-12-14 15:26:04,83.575,0.014,13509,"Orinoco, River",South America,Venezuela,River,-67.3153,3.9605
2018-12-24 13:24:36,84.583,0.065,13509,"Orinoco, River",South America,Venezuela,River,-67.3153,3.9605
2019-01-03 11:23:08,82.805,0.059,13509,"Orinoco, River",South America,Venezuela,River,-67.3153,3.9605
2019-01-13 09:21:40,83.524,0.028,13509,"Orinoco, River",South America,Venezuela,River,-67.3153,3.9605
2019-01-23 07:20:12,82.906,0.069,13509,"Orinoco, River",South America,Venezuela,River,-67.3153,3.9605
2019-02-02 05:18:44,82.564,0.017,13509,"Orinoco, River",South America,Venezuela,River,-67.3153,3.9605
2019-02-12 03:17:16,82.769,0.044,13509,"Orinoco, River",South America,Venezuela,River,-67.3153,3.9605
2019-02-22 01:15:47,82.241,0.016,13509,"Orinoco, River",South America,Venezuela,River,-67.3153,3.9605
2019-03-13 21:12:49,82.156,0.039,13509,"Orinoco, River",South America,Venezuela,River,-67.3153,3.9605
2019-03-23 19:11:20,82.027,0.003,13509,"Orinoco, River",South America,Venezuela,River,-67.3153,3.9605
2019-04-02 17:09:51,82.494,0.001,13509,"Orinoco, River",South America,Venezuela,River,-67.3153,3.9605
2019-04-12 15:08:22,82.124,0.002,13509,"Orinoco, River",South America,Venezuela,River,-67.3153,3.9605
2019-04-22 13:06:53,82.84,0.023,13509,"Orinoco, River",South America,Venezuela,River,-67.3153,3.9605
2019-05-12 09:03:58,83.997,0.043,13509,"Orinoco, River",South America,Venezuela,River,-67.3153,3.9605
2019-06-01 05:01:02,85.827,0.002,13509,"Orinoco, River",South America,Venezuela,River,-67.3153,3.9605
2019-06-11 02:59:34,86.513,0.0,13509,"Orinoco, River",South America,Venezuela,River,-67.3153,3.9605
2019-06-21 00:58:06,87.638,0.03,13509,"Orinoco, River",South America,Venezuela,River,-67.3153,3.9605
2019-06-30 22:56:37,87.897,0.003,13509,"Orinoco, River",South America,Venezuela,River,-67.3153,3.9605
2019-07-20 18:53:39,88.445,0.006,13509,"Orinoco, River",South America,Venezuela,River,-67.3153,3.9605
2019-07-30 16:52:10,88.494,0.008,13509,"Orinoco, River",South America,Venezuela,River,-67.3153,3.9605
2019-08-19 12:49:13,89.369,0.012,13509,"Orinoco, River",South America,Venezuela,River,-67.3153,3.9605
2019-08-29 10:47:44,89.274,0.005,13509,"Orinoco, River",South America,Venezuela,River,-67.3153,3.9605
2019-09-08 08:46:16,88.724,0.009,13509,"Orinoco, River",South America,Venezuela,River,-67.3153,3.9605
2019-09-18 06:44:48,87.676,0.053,13509,"Orinoco, River",South America,Venezuela,River,-67.3153,3.9605
2019-09-28 04:43:20,86.631,0.023,13509,"Orinoco, River",South America,Venezuela,River,-67.3153,3.9605
2019-10-08 02:41:51,85.831,0.011,13509,"Orinoco, River",South America,Venezuela,River,-67.3153,3.9605
2019-10-18 00:40:23,85.745,0.002,13509,"Orinoco, River",South America,Venezuela,River,-67.3153,3.9605
2019-11-16 18:35:55,84.891,0.001,13509,"Orinoco, River",South America,Venezuela,River,-67.3153,3.9605
2019-11-26 16:34:26,84.679,0.023,13509,"Orinoco, River",South America,Venezuela,River,-67.3153,3.9605
2019-12-06 14:32:57,83.948,0.015,13509,"Orinoco, River",South America,Venezuela,River,-67.3153,3.9605
2019-12-16 12:31:29,83.744,0.038,13509,"Orinoco, River",South America,Venezuela,River,-67.3153,3.9605
2019-12-26 10:30:01,84.313,0.01,13509,"Orinoco, River",South America,Venezuela,River,-67.3153,3.9605
2020-01-05 08:28:33,84.07,0.025,13509,"Orinoco, River",South America,Venezuela,River,-67.3153,3.9605
2020-01-15 06:27:05,82.872,0.009,13509,"Orinoco, River",South America,Venezuela,River,-67.3153,3.9605
2020-01-25 04:25:37,83.193,0.072,13509,"Orinoco, River",South America,Venezuela,River,-67.3153,3.9605
2020-02-23 22:21:11,82.359,0.004,13509,"Orinoco, River",South America,Venezuela,River,-67.3153,3.9605
2020-03-24 16:16:45,82.588,0.018,13509,"Orinoco, River",South America,Venezuela,River,-67.3153,3.9605
2020-04-13 12:13:49,83.067,0.036,13509,"Orinoco, River",South America,Venezuela,River,-67.3153,3.9605
2020-04-23 10:12:21,83.157,0.014,13509,"Orinoco, River",South America,Venezuela,River,-67.3153,3.9605
2020-05-03 08:10:52,83.672,0.006,13509,"Orinoco, River",South America,Venezuela,River,-67.3153,3.9605
2020-05-13 06:09:24,84.669,0.007,13509,"Orinoco, River",South America,Venezuela,River,-67.3153,3.9605
2020-05-23 04:07:56,85.341,0.021,13509,"Orinoco, River",South America,Venezuela,River,-67.3153,3.9605
2020-06-02 02:06:27,86.163,0.003,13509,"Orinoco, River",South America,Venezuela,River,-67.3153,3.9605
2020-06-12 00:04:59,86.184,0.013,13509,"Orinoco, River",South America,Venezuela,River,-67.3153,3.9605
2020-06-21 22:03:30,86.467,0.009,13509,"Orinoco, River",South America,Venezuela,River,-67.3153,3.9605
2020-07-01 20:02:01,87.564,0.009,13509,"Orinoco, River",South America,Venezuela,River,-67.3153,3.9605
2020-07-11 18:00:32,87.842,0.003,13509,"Orinoco, River",South America,Venezuela,River,-67.3153,3.9605
2020-07-21 15:59:03,88.141,0.002,13509,"Orinoco, River",South America,Venezuela,River,-67.3153,3.9605
2020-07-31 13:57:35,87.909,0.036,13509,"Orinoco, River",South America,Venezuela,River,-67.3153,3.9605
2020-08-10 11:56:06,88.226,0.013,13509,"Orinoco, River",South America,Venezuela,River,-67.3153,3.9605
2020-08-20 09:54:38,87.944,0.011,13509,"Orinoco, River",South America,Venezuela,River,-67.3153,3.9605
2020-08-30 07:53:10,87.901,0.018,13509,"Orinoco, River",South America,Venezuela,River,-67.3153,3.9605
2020-09-09 05:51:42,87.672,0.013,13509,"Orinoco, River",South America,Venezuela,River,-67.3153,3.9605
2020-09-19 03:50:13,87.081,0.012,13509,"Orinoco, River",South America,Venezuela,River,-67.3153,3.9605
2020-09-29 01:48:45,86.209,0.069,13509,"Orinoco, River",South America,Venezuela,River,-67.3153,3.9605
2020-10-08 23:47:16,85.807,0.002,13509,"Orinoco, River",South America,Venezuela,River,-67.3153,3.9605
2020-10-18 21:45:47,85.61,0.043,13509,"Orinoco, River",South America,Venezuela,River,-67.3153,3.9605
2020-11-07 17:42:50,85.291,0.011,13509,"Orinoco, River",South America,Venezuela,River,-67.3153,3.9605
2020-11-17 15:41:22,85.882,0.04,13509,"Orinoco, River",South America,Venezuela,River,-67.3153,3.9605
2020-11-27 13:39:53,85.297,0.004,13509,"Orinoco, River",South America,Venezuela,River,-67.3153,3.9605
2020-12-07 11:38:25,86.194,0.003,13509,"Orinoco, River",South America,Venezuela,River,-67.3153,3.9605
2020-12-17 09:36:56,84.812,0.02,13509,"Orinoco, River",South America,Venezuela,River,-67.3153,3.9605
2021-01-06 05:34:06,85.368,0.006,13509,"Orinoco, River",South America,Venezuela,River,-67.3153,3.9605
2021-01-16 03:32:50,84.824,0.002,13509,"Orinoco, River",South America,Venezuela,River,-67.3153,3.9605
2021-01-26 01:31:11,84.329,0.015,13509,"Orinoco, River",South America,Venezuela,River,-67.3153,3.9605
2021-02-14 21:28:16,83.089,0.008,13509,"Orinoco, River",South America,Venezuela,River,-67.3153,3.9605
2021-02-24 19:26:46,83.873,0.043,13509,"Orinoco, River",South America,Venezuela,River,-67.3153,3.9605
2021-03-06 17:25:37,83.37,0.003,13509,"Orinoco, River",South America,Venezuela,River,-67.3153,3.9605
2021-03-16 15:23:49,83.027,0.004,13509,"Orinoco, River",South America,Venezuela,River,-67.3153,3.9605
2021-03-26 13:22:23,83.38,0.001,13509,"Orinoco, River",South America,Venezuela,River,-67.3153,3.9605
2021-04-05 11:21:02,84.02,0.002,13509,"Orinoco, River",South America,Venezuela,River,-67.3153,3.9605
2021-04-15 09:19:32,85.019,0.003,13509,"Orinoco, River",South America,Venezuela,River,-67.3153,3.9605
2021-04-25 07:18:05,84.73,0.001,13509,"Orinoco, River",South America,Venezuela,River,-67.3153,3.9605
2021-05-05 05:16:27,85.397,0.003,13509,"Orinoco, River",South America,Venezuela,River,-67.3153,3.9605
2021-05-15 03:15:04,86.311,0.017,13509,"Orinoco, River",South America,Venezuela,River,-67.3153,3.9605
2021-05-25 01:13:31,86.759,0.039,13509,"Orinoco, River",South America,Venezuela,River,-67.3153,3.9605
2021-06-03 23:12:07,87.803,0.009,13509,"Orinoco, River",South America,Venezuela,River,-67.3153,3.9605
2021-06-13 21:10:46,88.643,0.021,13509,"Orinoco, River",South America,Venezuela,River,-67.3153,3.9605
2021-06-23 19:09:08,88.645,0.006,13509,"Orinoco, River",South America,Venezuela,River,-67.3153,3.9605
2021-07-03 17:07:42,88.924,0.023,13509,"Orinoco, River",South America,Venezuela,River,-67.3153,3.9605
2021-07-13 15:06:16,88.692,0.013,13509,"Orinoco, River",South America,Venezuela,River,-67.3153,3.9605
2021-07-23 13:05:00,88.986,0.004,13509,"Orinoco, River",South America,Venezuela,River,-67.3153,3.9605
2021-08-02 11:03:16,89.413,0.03,13509,"Orinoco, River",South America,Venezuela,River,-67.3153,3.9605
2021-08-12 09:01:32,89.546,0.001,13509,"Orinoco, River",South America,Venezuela,River,-67.3153,3.9605
2021-08-22 07:00:13,89.168,0.001,13509,"Orinoco, River",South America,Venezuela,River,-67.3153,3.9605
2021-09-01 04:58:48,89.135,0.0,13509,"Orinoco, River",South America,Venezuela,River,-67.3153,3.9605
2021-09-11 02:57:08,88.671,0.0,13509,"Orinoco, River",South America,Venezuela,River,-67.3153,3.9605
2021-09-21 00:55:54,88.269,0.001,13509,"Orinoco, River",South America,Venezuela,River,-67.3153,3.9605
2021-09-30 22:54:32,87.24,0.014,13509,"Orinoco, River",South America,Venezuela,River,-67.3153,3.9605
2021-10-10 20:52:51,86.583,0.008,13509,"Orinoco, River",South America,Venezuela,River,-67.3153,3.9605
2021-10-20 18:51:33,85.915,0.006,13509,"Orinoco, River",South America,Venezuela,River,-67.3153,3.9605
2021-11-09 14:48:30,85.757,0.021,13509,"Orinoco, River",South America,Venezuela,River,-67.3153,3.9605
2021-11-19 12:46:59,84.924,0.006,13509,"Orinoco, River",South America,Venezuela,River,-67.3153,3.9605
2021-11-29 10:45:49,84.801,0.02,13509,"Orinoco, River",South America,Venezuela,River,-67.3153,3.9605
2021-12-09 08:44:04,85.407,0.001,13509,"Orinoco, River",South America,Venezuela,River,-67.3153,3.9605
2021-12-19 06:42:38,84.817,0.001,13509,"Orinoco, River",South America,Venezuela,River,-67.3153,3.9605
2021-12-29 04:41:10,84.536,0.002,13509,"Orinoco, River",South America,Venezuela,River,-67.3153,3.9605
2022-01-08 02:39:41,83.713,0.002,13509,"Orinoco, River",South America,Venezuela,River,-67.3153,3.9605
2022-01-18 00:38:15,83.311,0.008,13509,"Orinoco, River",South America,Venezuela,River,-67.3153,3.9605
2022-01-27 22:36:44,83.836,0.013,13509,"Orinoco, River",South America,Venezuela,River,-67.3153,3.9605
2022-02-06 20:35:15,83.8,0.054,13509,"Orinoco, River",South America,Venezuela,River,-67.3153,3.9605
2022-02-16 18:34:01,82.859,0.029,13509,"Orinoco, River",South America,Venezuela,River,-67.3153,3.9605
2022-03-08 14:30:35,83.553,0.034,13509,"Orinoco, River",South America,Venezuela,River,-67.3153,3.9605
2022-03-18 12:29:21,83.976,0.034,13509,"Orinoco, River",South America,Venezuela,River,-67.3153,3.9605
2022-03-28 10:27:55,84.898,0.002,13509,"Orinoco, River",South America,Venezuela,River,-67.3153,3.9605
2022-04-07 08:26:38,84.723,0.007,13509,"Orinoco, River",South America,Venezuela,River,-67.3153,3.9605
2022-04-17 06:25:10,84.803,0.043,13509,"Orinoco, River",South America,Venezuela,River,-67.3153,3.9605
2022-04-27 04:23:41,84.306,0.006,13509,"Orinoco, River",South America,Venezuela,River,-67.3153,3.9605
2022-05-07 02:22:13,84.575,0.018,13509,"Orinoco, River",South America,Venezuela,River,-67.3153,3.9605
2022-05-17 00:20:44,86.1,0.041,13509,"Orinoco, River",South America,Venezuela,River,-67.3153,3.9605
2022-05-26 22:19:16,86.871,0.041,13509,"Orinoco, River",South America,Venezuela,River,-67.3153,3.9605
2022-06-05 20:17:47,87.531,0.028,13509,"Orinoco, River",South America,Venezuela,River,-67.3153,3.9605
2022-06-15 18:16:18,87.99,0.039,13509,"Orinoco, River",South America,Venezuela,River,-67.3153,3.9605
2022-06-25 16:14:49,88.418,0.002,13509,"Orinoco, River",South America,Venezuela,River,-67.3153,3.9605
2022-07-05 14:13:21,89.105,0.005,13509,"Orinoco, River",South America,Venezuela,River,-67.3153,3.9605
2022-07-15 12:11:53,89.6,0.007,13509,"Orinoco, River",South America,Venezuela,River,-67.3153,3.9605
2022-07-25 10:10:25,89.792,0.006,13509,"Orinoco, River",South America,Venezuela,River,-67.3153,3.9605
2022-08-04 08:08:57,89.534,0.007,13509,"Orinoco, River",South America,Venezuela,River,-67.3153,3.9605
2022-08-14 06:07:28,89.159,0.0,13509,"Orinoco, River",South America,Venezuela,River,-67.3153,3.9605
2022-08-24 04:06:00,88.874,0.044,13509,"Orinoco, River",South America,Venezuela,River,-67.3153,3.9605
2022-09-03 02:04:31,87.887,0.0,13509,"Orinoco, River",South America,Venezuela,River,-67.3153,3.9605
2022-09-13 00:03:03,87.737,0.022,13509,"Orinoco, River",South America,Venezuela,River,-67.3153,3.9605
2022-09-22 22:01:34,86.997,0.003,13509,"Orinoco, River",South America,Venezuela,River,-67.3153,3.9605
2022-10-02 20:00:05,86.124,0.021,13509,"Orinoco, River",South America,Venezuela,River,-67.3153,3.9605
2022-10-12 17:58:36,85.929,0.017,13509,"Orinoco, River",South America,Venezuela,River,-67.3153,3.9605
2022-10-22 15:57:08,85.904,0.0,13509,"Orinoco, River",South America,Venezuela,River,-67.3153,3.9605
2022-11-01 13:55:41,86.108,0.025,13509,"Orinoco, River",South America,Venezuela,River,-67.3153,3.9605
2022-11-11 11:54:13,85.804,0.01,13509,"Orinoco, River",South America,Venezuela,River,-67.3153,3.9605
2022-11-21 09:52:46,85.665,0.0,13509,"Orinoco, River",South America,Venezuela,River,-67.3153,3.9605
2022-12-01 07:51:18,85.908,0.019,13509,"Orinoco, River",South America,Venezuela,River,-67.3153,3.9605
2022-12-11 05:49:49,85.429,0.005,13509,"Orinoco, River",South America,Venezuela,River,-67.3153,3.9605
2022-12-21 03:48:20,85.101,0.059,13509,"Orinoco, River",South America,Venezuela,River,-67.3153,3.9605
2022-12-31 01:46:51,83.787,0.027,13509,"Orinoco, River",South America,Venezuela,River,-67.3153,3.9605
2023-01-09 23:45:21,84.235,0.041,13509,"Orinoco, River",South America,Venezuela,River,-67.3153,3.9605
2023-01-19 21:43:52,84.533,0.038,13509,"Orinoco, River",South America,Venezuela,River,-67.3153,3.9605
2023-01-29 19:42:24,84.178,0.05,13509,"Orinoco, River",South America,Venezuela,River,-67.3153,3.9605
2023-02-08 17:40:57,84.386,0.013,13509,"Orinoco, River",South America,Venezuela,River,-67.3153,3.9605
2023-03-10 11:36:33,83.168,0.0,13509,"Orinoco, River",South America,Venezuela,River,-67.3153,3.9605
2023-03-20 09:35:05,83.865,0.011,13509,"Orinoco, River",South America,Venezuela,River,-67.3153,3.9605
2023-04-09 05:32:07,83.128,0.05,13509,"Orinoco, River",South America,Venezuela,River,-67.3153,3.9605
2023-05-08 23:27:41,84.625,0.026,13509,"Orinoco, River",South America,Venezuela,River,-67.3153,3.9605
2023-05-18 21:26:12,85.159,0.019,13509,"Orinoco, River",South America,Venezuela,River,-67.3153,3.9605
2023-05-28 19:24:43,85.772,0.012,13509,"Orinoco, River",South America,Venezuela,River,-67.3153,3.9605
2023-06-07 17:23:15,86.732,0.013,13509,"Orinoco, River",South America,Venezuela,River,-67.3153,3.9605
2023-06-27 13:20:19,86.934,0.008,13509,"Orinoco, River",South America,Venezuela,River,-67.3153,3.9605
2023-07-07 11:18:50,87.92,0.016,13509,"Orinoco, River",South America,Venezuela,River,-67.3153,3.9605
2023-07-17 09:17:22,88.78,0.033,13509,"Orinoco, River",South America,Venezuela,River,-67.3153,3.9605
2023-07-27 07:15:53,88.524,0.035,13509,"Orinoco, River",South America,Venezuela,River,-67.3153,3.9605
2023-08-06 05:14:24,88.967,0.004,13509,"Orinoco, River",South America,Venezuela,River,-67.3153,3.9605
2023-08-16 03:12:57,88.497,0.027,13509,"Orinoco, River",South America,Venezuela,River,-67.3153,3.9605
2023-08-26 01:11:29,87.259,0.002,13509,"Orinoco, River",South America,Venezuela,River,-67.3153,3.9605
2023-09-04 23:10:01,86.411,0.026,13509,"Orinoco, River",South America,Venezuela,River,-67.3153,3.9605
2023-09-14 21:08:32,85.06,0.001,13509,"Orinoco, River",South America,Venezuela,River,-67.3153,3.9605
2023-09-24 19:07:04,84.806,0.003,13509,"Orinoco, River",South America,Venezuela,River,-67.3153,3.9605
2023-10-04 17:05:36,84.481,0.037,13509,"Orinoco, River",South America,Venezuela,River,-67.3153,3.9605
2023-10-14 15:04:08,83.902,0.033,13509,"Orinoco, River",South America,Venezuela,River,-67.3153,3.9605
2023-10-24 13:02:39,84.164,0.068,13509,"Orinoco, River",South America,Venezuela,River,-67.3153,3.9605
2023-11-03 11:01:10,84.0,0.079,13509,"Orinoco, River",South America,Venezuela,River,-67.3153,3.9605
2023-11-13 08:59:41,84.441,0.004,13509,"Orinoco, River",South America,Venezuela,River,-67.3153,3.9605
2023-11-23 06:58:12,83.818,0.046,13509,"Orinoco, River",South America,Venezuela,River,-67.3153,3.9605
2023-12-03 04:56:43,83.729,0.029,13509,"Orinoco, River",South America,Venezuela,River,-67.3153,3.9605
2023-12-13 02:55:16,83.877,0.095,13509,"Orinoco, River",South America,Venezuela,River,-67.3153,3.9605
2023-12-23 00:53:48,83.074,0.016,13509,"Orinoco, River",South America,Venezuela,River,-67.3153,3.9605
2024-01-11 20:50:51,82.806,0.015,13509,"Orinoco, River",South America,Venezuela,River,-67.3153,3.9605
2024-01-21 18:49:23,82.72,0.009,13509,"Orinoco, River",South America,Venezuela,River,-67.3153,3.9605
2024-01-31 16:47:54,82.316,0.008,13509,"Orinoco, River",South America,Venezuela,River,-67.3153,3.9605
2024-02-20 12:44:57,82.375,0.092,13509,"Orinoco, River",South America,Venezuela,River,-67.3153,3.9605
2024-03-01 10:43:28,82.132,0.024,13509,"Orinoco, River",South America,Venezuela,River,-67.3153,3.9605
2024-03-21 06:40:32,82.173,0.022,13509,"Orinoco, River",South America,Venezuela,River,-67.3153,3.9605
2024-03-31 04:39:04,82.03,0.003,13509,"Orinoco, River",South America,Venezuela,River,-67.3153,3.9605
2024-04-10 02:37:36,83.361,0.011,13509,"Orinoco, River",South America,Venezuela,River,-67.3153,3.9605
2024-04-20 00:36:08,82.117,0.0,13509,"Orinoco, River",South America,Venezuela,River,-67.3153,3.9605
2024-04-29 22:34:40,82.775,0.007,13509,"Orinoco, River",South America,Venezuela,River,-67.3153,3.9605
2024-05-19 18:31:42,85.494,0.034,13509,"Orinoco, River",South America,Venezuela,River,-67.3153,3.9605
2024-06-08 14:28:46,87.285,0.007,13509,"Orinoco, River",South America,Venezuela,River,-67.3153,3.9605
2024-06-18 12:27:18,88.516,0.015,13509,"Orinoco, River",South America,Venezuela,River,-67.3153,3.9605
2024-06-28 10:25:50,88.841,0.0,13509,"Orinoco, River",South America,Venezuela,River,-67.3153,3.9605
2024-07-08 08:24:22,88.951,0.028,13509,"Orinoco, River",South America,Venezuela,River,-67.3153,3.9605
2024-07-28 04:21:25,88.822,0.008,13509,"Orinoco, River",South America,Venezuela,River,-67.3153,3.9605
2024-08-07 02:19:57,89.057,0.037,13509,"Orinoco, River",South America,Venezuela,River,-67.3153,3.9605
2024-08-17 00:18:28,88.952,0.005,13509,"Orinoco, River",South America,Venezuela,River,-67.3153,3.9605
2024-08-26 22:16:59,87.691,0.058,13509,"Orinoco, River",South America,Venezuela,River,-67.3153,3.9605
2024-09-05 20:15:30,87.354,0.04,13509,"Orinoco, River",South America,Venezuela,River,-67.3153,3.9605
2024-09-15 18:14:00,86.392,0.013,13509,"Orinoco, River",South America,Venezuela,River,-67.3153,3.9605
2024-09-25 16:12:33,85.417,0.008,13509,"Orinoco, River",South America,Venezuela,River,-67.3153,3.9605
2024-10-05 14:11:06,85.18,0.017,13509,"Orinoco, River",South America,Venezuela,River,-67.3153,3.9605
2024-10-15 12:09:38,84.728,0.002,13509,"Orinoco, River",South America,Venezuela,River,-67.3153,3.9605
2024-10-25 10:08:10,84.443,0.014,13509,"Orinoco, River",South America,Venezuela,River,-67.3153,3.9605
2024-11-04 08:06:41,84.133,0.009,13509,"Orinoco, River",South America,Venezuela,River,-67.3153,3.9605
2024-11-14 06:05:13,83.75,0.026,13509,"Orinoco, River",South America,Venezuela,River,-67.3153,3.9605
2024-11-24 04:03:44,84.306,0.001,13509,"Orinoco, River",South America,Venezuela,River,-67.3153,3.9605
2024-12-04 02:02:15,83.825,0.025,13509,"Orinoco, River",South America,Venezuela,River,-67.3153,3.9605
2024-12-14 00:00:45,83.361,0.077,13509,"Orinoco, River",South America,Venezuela,River,-67.3153,3.9605
2025-01-02 19:57:50,84.094,0.07,13509,"Orinoco, River",South America,Venezuela,River,-67.3153,3.9605
2025-01-22 15:54:54,82.678,0.031,13509,"Orinoco, River",South America,Venezuela,River,-67.3153,3.9605
2025-02-01 13:53:26,83.201,0.084,13509,"Orinoco, River",South America,Venezuela,River,-67.3153,3.9605
2025-02-11 11:51:58,83.015,0.003,13509,"Orinoco, River",South America,Venezuela,River,-67.3153,3.9605
2025-02-21 09:50:29,83.232,0.003,13509,"Orinoco, River",South America,Venezuela,River,-67.3153,3.9605
2025-03-23 03:46:03,84.171,0.024,13509,"Orinoco, River",South America,Venezuela,River,-67.3153,3.9605
2025-04-11 23:43:07,85.093,0.013,13509,"Orinoco, River",South America,Venezuela,River,-67.3153,3.9605
2025-04-21 21:41:39,84.905,0.037,13509,"Orinoco, River",South America,Venezuela,River,-67.3153,3.9605
2025-05-11 17:38:43,85.302,0.022,13509,"Orinoco, River",South America,Venezuela,River,-67.3153,3.9605
2025-05-31 13:35:45,87.058,0.036,13509,"Orinoco, River",South America,Venezuela,River,-67.3153,3.9605
2025-06-10 11:34:16,88.006,0.038,13509,"Orinoco, River",South America,Venezuela,River,-67.3153,3.9605
2025-06-20 09:32:48,89.068,0.007,13509,"Orinoco, River",South America,Venezuela,River,-67.3153,3.9605
2025-06-30 07:31:19,89.279,0.002,13509,"Orinoco, River",South America,Venezuela,River,-67.3153,3.9605
2025-08-08 23:25:27,90.0,0.065,13509,"Orinoco, River",South America,Venezuela,River,-67.3153,3.9605
2025-08-18 21:23:58,89.27,0.082,13509,"Orinoco, River",South America,Venezuela,River,-67.3153,3.9605
2025-08-28 19:22:30,88.918,0.023,13509,"Orinoco, River",South America,Venezuela,River,-67.3153,3.9605
2025-09-07 17:21:02,88.44,0.032,13509,"Orinoco, River",South America,Venezuela,River,-67.3153,3.9605
2025-09-27 13:18:04,86.698,0.067,13509,"Orinoco, River",South America,Venezuela,River,-67.3153,3.9605
2025-10-07 11:16:35,85.841,0.001,13509,"Orinoco, River",South America,Venezuela,River,-67.3153,3.9605
2025-10-17 09:15:07,85.921,0.028,13509,"Orinoco, River",South America,Venezuela,River,-67.3153,3.9605
2025-10-27 07:13:39,86.236,0.007,13509,"Orinoco, River",South America,Venezuela,River,-67.3153,3.9605
2025-11-06 05:12:11,85.344,0.005,13509,"Orinoco, River",South America,Venezuela,River,-67.3153,3.9605
2025-11-16 03:10:43,85.071,0.019,13509,"Orinoco, River",South America,Venezuela,River,-67.3153,3.9605
2025-11-26 01:09:15,85.378,0.011,13509,"Orinoco, River",South America,Venezuela,River,-67.3153,3.9605
2002-07-05 02:28:19,78.299,0.05,9365,"Orinoco, River",South America,Venezuela,River,-67.8339,5.1978
2002-09-13 02:28:17,77.294,0.005,9365,"Orinoco, River",South America,Venezuela,River,-67.8339,5.1978
2002-10-18 02:28:18,74.8,0.0,9365,"Orinoco, River",South America,Venezuela,River,-67.8339,5.1978
2002-11-22 02:28:21,74.119,0.049,9365,"Orinoco, River",South America,Venezuela,River,-67.8339,5.1978
2002-12-27 02:28:17,72.04,0.01,9365,"Orinoco, River",South America,Venezuela,River,-67.8339,5.1978
2003-01-31 02:28:18,68.609,0.008,9365,"Orinoco, River",South America,Venezuela,River,-67.8339,5.1978
2003-03-07 02:28:17,68.78,0.001,9365,"Orinoco, River",South America,Venezuela,River,-67.8339,5.1978
2003-04-11 02:28:20,69.051,0.03,9365,"Orinoco, River",South America,Venezuela,River,-67.8339,5.1978
2003-05-16 02:28:15,75.445,0.004,9365,"Orinoco, River",South America,Venezuela,River,-67.8339,5.1978
2003-06-20 02:28:22,75.901,0.058,9365,"Orinoco, River",South America,Venezuela,River,-67.8339,5.1978
2003-07-25 02:28:26,77.945,0.014,9365,"Orinoco, River",South America,Venezuela,River,-67.8339,5.1978
2003-08-29 02:28:30,77.375,0.038,9365,"Orinoco, River",South America,Venezuela,River,-67.8339,5.1978
2003-10-03 02:28:26,76.929,0.001,9365,"Orinoco, River",South America,Venezuela,River,-67.8339,5.1978
2003-11-07 02:28:22,75.792,0.013,9365,"Orinoco, River",South America,Venezuela,River,-67.8339,5.1978
2003-12-12 02:28:25,74.581,0.01,9365,"Orinoco, River",South America,Venezuela,River,-67.8339,5.1978
2004-01-16 02:28:24,72.155,0.025,9365,"Orinoco, River",South America,Venezuela,River,-67.8339,5.1978
2004-02-20 02:28:23,69.354,0.012,9365,"Orinoco, River",South America,Venezuela,River,-67.8339,5.1978
2004-03-26 02:28:26,67.64,0.011,9365,"Orinoco, River",South America,Venezuela,River,-67.8339,5.1978
2004-04-30 02:28:23,73.104,0.004,9365,"Orinoco, River",South America,Venezuela,River,-67.8339,5.1978
2004-06-04 02:28:29,74.742,0.037,9365,"Orinoco, River",South America,Venezuela,River,-67.8339,5.1978
2004-07-09 02:28:28,78.283,0.029,9365,"Orinoco, River",South America,Venezuela,River,-67.8339,5.1978
2004-08-13 02:28:27,78.151,0.015,9365,"Orinoco, River",South America,Venezuela,River,-67.8339,5.1978
2004-09-17 02:28:25,76.878,0.002,9365,"Orinoco, River",South America,Venezuela,River,-67.8339,5.1978
2004-10-22 02:28:29,72.967,0.012,9365,"Orinoco, River",South America,Venezuela,River,-67.8339,5.1978
2004-11-26 02:28:26,73.991,0.01,9365,"Orinoco, River",South America,Venezuela,River,-67.8339,5.1978
2004-12-31 02:28:21,72.965,0.032,9365,"Orinoco, River",South America,Venezuela,River,-67.8339,5.1978
2005-02-04 02:28:24,70.337,0.028,9365,"Orinoco, River",South America,Venezuela,River,-67.8339,5.1978
2005-03-11 02:28:23,70.528,0.008,9365,"Orinoco, River",South America,Venezuela,River,-67.8339,5.1978
2005-04-15 02:28:28,72.121,0.001,9365,"Orinoco, River",South America,Venezuela,River,-67.8339,5.1978
2005-05-20 02:28:30,76.042,0.006,9365,"Orinoco, River",South America,Venezuela,River,-67.8339,5.1978
2005-06-24 02:28:31,74.37,0.158,9365,"Orinoco, River",South America,Venezuela,River,-67.8339,5.1978
2005-09-02 02:28:25,76.798,0.03,9365,"Orinoco, River",South America,Venezuela,River,-67.8339,5.1978
2005-10-07 02:28:26,74.646,0.002,9365,"Orinoco, River",South America,Venezuela,River,-67.8339,5.1978
2005-11-11 02:28:27,73.217,0.062,9365,"Orinoco, River",South America,Venezuela,River,-67.8339,5.1978
2005-12-16 02:28:21,74.063,0.005,9365,"Orinoco, River",South America,Venezuela,River,-67.8339,5.1978
2006-01-20 02:28:14,72.48,0.001,9365,"Orinoco, River",South America,Venezuela,River,-67.8339,5.1978
2006-02-24 02:28:17,71.717,0.018,9365,"Orinoco, River",South America,Venezuela,River,-67.8339,5.1978
2006-03-31 02:28:13,72.599,0.001,9365,"Orinoco, River",South America,Venezuela,River,-67.8339,5.1978
2006-05-05 02:28:21,73.039,0.017,9365,"Orinoco, River",South America,Venezuela,River,-67.8339,5.1978
2006-06-09 02:28:22,76.655,0.008,9365,"Orinoco, River",South America,Venezuela,River,-67.8339,5.1978
2006-07-14 02:28:27,75.943,0.008,9365,"Orinoco, River",South America,Venezuela,River,-67.8339,5.1978
2006-08-18 02:28:25,76.629,0.023,9365,"Orinoco, River",South America,Venezuela,River,-67.8339,5.1978
2006-09-22 02:28:21,76.614,0.016,9365,"Orinoco, River",South America,Venezuela,River,-67.8339,5.1978
2006-10-27 02:28:25,75.454,0.005,9365,"Orinoco, River",South America,Venezuela,River,-67.8339,5.1978
2006-12-01 02:28:25,75.441,0.004,9365,"Orinoco, River",South America,Venezuela,River,-67.8339,5.1978
2007-01-05 02:28:21,72.931,0.039,9365,"Orinoco, River",South America,Venezuela,River,-67.8339,5.1978
2007-02-09 02:28:19,69.264,0.012,9365,"Orinoco, River",South America,Venezuela,River,-67.8339,5.1978
2007-03-16 02:28:19,68.501,0.017,9365,"Orinoco, River",South America,Venezuela,River,-67.8339,5.1978
2007-04-20 02:28:19,72.661,0.003,9365,"Orinoco, River",South America,Venezuela,River,-67.8339,5.1978
2007-05-25 02:28:22,75.979,0.006,9365,"Orinoco, River",South America,Venezuela,River,-67.8339,5.1978
2007-06-29 02:28:23,77.866,0.023,9365,"Orinoco, River",South America,Venezuela,River,-67.8339,5.1978
2007-08-03 02:28:23,78.175,0.024,9365,"Orinoco, River",South America,Venezuela,River,-67.8339,5.1978
2007-09-07 02:28:20,77.264,0.031,9365,"Orinoco, River",South America,Venezuela,River,-67.8339,5.1978
2007-10-12 02:28:18,76.633,0.019,9365,"Orinoco, River",South America,Venezuela,River,-67.8339,5.1978
2007-11-16 02:28:16,74.555,0.011,9365,"Orinoco, River",South America,Venezuela,River,-67.8339,5.1978
2007-12-21 02:28:15,72.437,0.013,9365,"Orinoco, River",South America,Venezuela,River,-67.8339,5.1978
2008-01-25 02:28:16,71.679,0.024,9365,"Orinoco, River",South America,Venezuela,River,-67.8339,5.1978
2008-02-29 02:28:16,70.299,0.003,9365,"Orinoco, River",South America,Venezuela,River,-67.8339,5.1978
2008-04-04 02:28:17,69.927,0.03,9365,"Orinoco, River",South America,Venezuela,River,-67.8339,5.1978
2008-05-09 02:28:16,73.089,0.011,9365,"Orinoco, River",South America,Venezuela,River,-67.8339,5.1978
2008-06-13 02:28:17,76.143,0.028,9365,"Orinoco, River",South America,Venezuela,River,-67.8339,5.1978
2008-07-18 02:28:18,78.028,0.014,9365,"Orinoco, River",South America,Venezuela,River,-67.8339,5.1978
2008-08-22 02:28:15,78.164,0.003,9365,"Orinoco, River",South America,Venezuela,River,-67.8339,5.1978
2008-09-26 02:28:14,75.571,0.027,9365,"Orinoco, River",South America,Venezuela,River,-67.8339,5.1978
2008-10-31 02:28:13,75.128,0.007,9365,"Orinoco, River",South America,Venezuela,River,-67.8339,5.1978
2008-12-05 02:28:14,75.492,0.026,9365,"Orinoco, River",South America,Venezuela,River,-67.8339,5.1978
2009-01-09 02:28:13,72.605,0.004,9365,"Orinoco, River",South America,Venezuela,River,-67.8339,5.1978
2009-02-13 02:28:14,72.112,0.016,9365,"Orinoco, River",South America,Venezuela,River,-67.8339,5.1978
2009-03-20 02:28:14,70.982,0.025,9365,"Orinoco, River",South America,Venezuela,River,-67.8339,5.1978
2009-04-24 02:28:13,72.521,0.005,9365,"Orinoco, River",South America,Venezuela,River,-67.8339,5.1978
2009-05-29 02:28:15,73.661,0.03,9365,"Orinoco, River",South America,Venezuela,River,-67.8339,5.1978
2009-07-03 02:28:16,76.51,0.003,9365,"Orinoco, River",South America,Venezuela,River,-67.8339,5.1978
2009-08-07 02:28:15,77.708,0.023,9365,"Orinoco, River",South America,Venezuela,River,-67.8339,5.1978
2009-09-11 02:28:12,76.839,0.001,9365,"Orinoco, River",South America,Venezuela,River,-67.8339,5.1978
2009-10-16 02:28:09,74.895,0.002,9365,"Orinoco, River",South America,Venezuela,River,-67.8339,5.1978
2009-11-20 02:28:09,72.644,0.003,9365,"Orinoco, River",South America,Venezuela,River,-67.8339,5.1978
2009-12-25 02:28:08,70.62,0.019,9365,"Orinoco, River",South America,Venezuela,River,-67.8339,5.1978
2010-01-29 02:28:09,68.907,0.016,9365,"Orinoco, River",South America,Venezuela,River,-67.8339,5.1978
2010-03-05 02:28:08,68.558,0.002,9365,"Orinoco, River",South America,Venezuela,River,-67.8339,5.1978
2010-04-09 02:28:08,70.067,0.01,9365,"Orinoco, River",South America,Venezuela,River,-67.8339,5.1978
2010-05-14 02:28:06,75.487,0.0,9365,"Orinoco, River",South America,Venezuela,River,-67.8339,5.1978
2010-10-01 02:28:03,75.637,0.035,9365,"Orinoco, River",South America,Venezuela,River,-67.8339,5.1978
2013-03-31 10:33:19,71.78,0.004,9365,"Orinoco, River",South America,Venezuela,River,-67.8339,5.1978
2013-05-05 10:32:58,74.649,0.001,9365,"Orinoco, River",South America,Venezuela,River,-67.8339,5.1978
2013-06-09 10:32:36,76.933,0.006,9365,"Orinoco, River",South America,Venezuela,River,-67.8339,5.1978
2013-07-14 10:32:14,77.399,0.003,9365,"Orinoco, River",South America,Venezuela,River,-67.8339,5.1978
2013-08-18 10:32:14,77.081,0.002,9365,"Orinoco, River",South America,Venezuela,River,-67.8339,5.1978
2013-09-22 10:32:27,76.627,0.005,9365,"Orinoco, River",South America,Venezuela,River,-67.8339,5.1978
2013-10-27 10:32:28,75.329,0.009,9365,"Orinoco, River",South America,Venezuela,River,-67.8339,5.1978
2013-12-01 10:32:26,74.483,0.001,9365,"Orinoco, River",South America,Venezuela,River,-67.8339,5.1978
2014-01-05 10:32:25,71.851,0.0,9365,"Orinoco, River",South America,Venezuela,River,-67.8339,5.1978
2014-02-09 10:32:24,68.465,0.007,9365,"Orinoco, River",South America,Venezuela,River,-67.8339,5.1978
2014-03-16 10:32:20,70.398,0.005,9365,"Orinoco, River",South America,Venezuela,River,-67.8339,5.1978
2014-04-20 10:32:18,71.784,0.002,9365,"Orinoco, River",South America,Venezuela,River,-67.8339,5.1978
2014-05-25 10:32:16,75.157,0.004,9365,"Orinoco, River",South America,Venezuela,River,-67.8339,5.1978
2014-06-29 10:32:14,76.996,0.008,9365,"Orinoco, River",South America,Venezuela,River,-67.8339,5.1978
2014-08-03 10:32:09,78.365,0.005,9365,"Orinoco, River",South America,Venezuela,River,-67.8339,5.1978
2014-09-07 10:32:06,78.155,0.004,9365,"Orinoco, River",South America,Venezuela,River,-67.8339,5.1978
2014-11-16 10:32:01,75.385,0.0,9365,"Orinoco, River",South America,Venezuela,River,-67.8339,5.1978
2014-12-21 10:31:58,72.886,0.001,9365,"Orinoco, River",South America,Venezuela,River,-67.8339,5.1978
2015-01-25 10:31:54,71.157,0.004,9365,"Orinoco, River",South America,Venezuela,River,-67.8339,5.1978
2015-03-01 10:31:53,69.493,0.019,9365,"Orinoco, River",South America,Venezuela,River,-67.8339,5.1978
2015-04-05 10:31:53,67.779,0.011,9365,"Orinoco, River",South America,Venezuela,River,-67.8339,5.1978
2015-08-23 10:31:29,78.016,0.0,9365,"Orinoco, River",South America,Venezuela,River,-67.8339,5.1978
2015-09-27 10:31:28,76.096,0.0,9365,"Orinoco, River",South America,Venezuela,River,-67.8339,5.1978
2015-11-01 10:31:24,74.079,0.003,9365,"Orinoco, River",South America,Venezuela,River,-67.8339,5.1978
2015-12-06 10:31:16,73.615,0.003,9365,"Orinoco, River",South America,Venezuela,River,-67.8339,5.1978
2016-02-14 10:31:05,68.595,0.004,9365,"Orinoco, River",South America,Venezuela,River,-67.8339,5.1978
2016-03-20 10:30:56,69.042,0.001,9365,"Orinoco, River",South America,Venezuela,River,-67.8339,5.1978
2016-04-24 10:30:58,70.191,0.037,9365,"Orinoco, River",South America,Venezuela,River,-67.8339,5.1978
2016-05-23 02:21:20,31.362,0.005,13273,"Orinoco, River",South America,Venezuela,River,-66.4951,7.4845
2016-06-19 02:21:21,33.546,0.039,13273,"Orinoco, River",South America,Venezuela,River,-66.4951,7.4845
2016-07-16 02:21:20,35.686,0.006,13273,"Orinoco, River",South America,Venezuela,River,-66.4951,7.4845
2016-08-12 02:21:19,36.596,0.018,13273,"Orinoco, River",South America,Venezuela,River,-66.4951,7.4845
2016-09-08 02:21:19,35.68,0.008,13273,"Orinoco, River",South America,Venezuela,River,-66.4951,7.4845
2016-10-05 02:21:24,34.337,0.008,13273,"Orinoco, River",South America,Venezuela,River,-66.4951,7.4845
2016-11-01 02:21:20,32.079,0.016,13273,"Orinoco, River",South America,Venezuela,River,-66.4951,7.4845
2016-11-28 02:21:18,30.604,0.038,13273,"Orinoco, River",South America,Venezuela,River,-66.4951,7.4845
2017-01-21 02:21:21,28.044,0.012,13273,"Orinoco, River",South America,Venezuela,River,-66.4951,7.4845
2017-02-17 02:21:20,26.191,0.02,13273,"Orinoco, River",South America,Venezuela,River,-66.4951,7.4845
2017-03-16 02:21:19,25.71,0.013,13273,"Orinoco, River",South America,Venezuela,River,-66.4951,7.4845
2017-04-12 02:21:24,27.125,0.001,13273,"Orinoco, River",South America,Venezuela,River,-66.4951,7.4845
2017-05-09 02:21:27,29.292,0.008,13273,"Orinoco, River",South America,Venezuela,River,-66.4951,7.4845
2017-06-05 02:21:30,31.41,0.038,13273,"Orinoco, River",South America,Venezuela,River,-66.4951,7.4845
2017-07-02 02:21:28,34.352,0.037,13273,"Orinoco, River",South America,Venezuela,River,-66.4951,7.4845
2017-07-29 02:21:26,36.05,0.005,13273,"Orinoco, River",South America,Venezuela,River,-66.4951,7.4845
2017-08-25 02:21:23,35.955,0.011,13273,"Orinoco, River",South America,Venezuela,River,-66.4951,7.4845
2017-09-21 02:21:22,33.621,0.009,13273,"Orinoco, River",South America,Venezuela,River,-66.4951,7.4845
2017-10-18 02:21:26,32.638,0.009,13273,"Orinoco, River",South America,Venezuela,River,-66.4951,7.4845
2017-11-14 02:21:26,31.863,0.004,13273,"Orinoco, River",South America,Venezuela,River,-66.4951,7.4845
2017-12-11 02:21:22,28.95,0.005,13273,"Orinoco, River",South America,Venezuela,River,-66.4951,7.4845
2018-01-07 02:21:26,26.378,0.008,13273,"Orinoco, River",South America,Venezuela,River,-66.4951,7.4845
2018-02-03 02:21:28,26.415,0.005,13273,"Orinoco, River",South America,Venezuela,River,-66.4951,7.4845
2018-03-02 02:21:27,24.503,0.009,13273,"Orinoco, River",South America,Venezuela,River,-66.4951,7.4845
2018-03-29 02:21:27,24.178,0.001,13273,"Orinoco, River",South America,Venezuela,River,-66.4951,7.4845
2018-04-25 02:21:30,27.046,0.002,13273,"Orinoco, River",South America,Venezuela,River,-66.4951,7.4845
2018-05-22 02:21:30,31.698,0.017,13273,"Orinoco, River",South America,Venezuela,River,-66.4951,7.4845
2018-06-18 02:21:32,33.892,0.01,13273,"Orinoco, River",South America,Venezuela,River,-66.4951,7.4845
2018-07-15 02:21:30,36.354,0.004,13273,"Orinoco, River",South America,Venezuela,River,-66.4951,7.4845
2018-09-07 02:21:26,37.168,0.013,13273,"Orinoco, River",South America,Venezuela,River,-66.4951,7.4845
2018-10-04 02:21:30,35.536,0.044,13273,"Orinoco, River",South America,Venezuela,River,-66.4951,7.4845
2018-10-31 02:21:31,32.713,0.038,13273,"Orinoco, River",South America,Venezuela,River,-66.4951,7.4845
2018-11-27 02:21:29,30.412,0.016,13273,"Orinoco, River",South America,Venezuela,River,-66.4951,7.4845
2018-12-24 02:21:26,27.338,0.004,13273,"Orinoco, River",South America,Venezuela,River,-66.4951,7.4845
2019-01-20 02:21:29,25.468,0.021,13273,"Orinoco, River",South America,Venezuela,River,-66.4951,7.4845
2019-02-16 02:21:30,25.246,0.045,13273,"Orinoco, River",South America,Venezuela,River,-66.4951,7.4845
2019-03-15 02:21:27,24.527,0.0,13273,"Orinoco, River",South America,Venezuela,River,-66.4951,7.4845
2019-04-11 02:21:33,25.279,0.003,13273,"Orinoco, River",South America,Venezuela,River,-66.4951,7.4845
2019-05-08 02:21:36,27.877,0.01,13273,"Orinoco, River",South America,Venezuela,River,-66.4951,7.4845
2019-06-04 02:21:35,31.245,0.005,13273,"Orinoco, River",South America,Venezuela,River,-66.4951,7.4845
2019-07-28 02:21:34,35.419,0.002,13273,"Orinoco, River",South America,Venezuela,River,-66.4951,7.4845
2019-08-24 02:21:30,35.904,0.002,13273,"Orinoco, River",South America,Venezuela,River,-66.4951,7.4845
2019-10-17 02:21:34,32.371,0.002,13273,"Orinoco, River",South America,Venezuela,River,-66.4951,7.4845
2019-11-13 02:21:32,31.515,0.006,13273,"Orinoco, River",South America,Venezuela,River,-66.4951,7.4845
2019-12-10 02:21:28,29.61,0.083,13273,"Orinoco, River",South America,Venezuela,River,-66.4951,7.4845
2020-01-06 02:21:31,28.245,0.061,13273,"Orinoco, River",South America,Venezuela,River,-66.4951,7.4845
2020-02-02 02:21:32,26.14,0.018,13273,"Orinoco, River",South America,Venezuela,River,-66.4951,7.4845
2020-02-29 02:21:31,24.604,0.042,13273,"Orinoco, River",South America,Venezuela,River,-66.4951,7.4845
2020-03-27 02:21:34,24.368,0.001,13273,"Orinoco, River",South America,Venezuela,River,-66.4951,7.4845
2020-04-23 02:21:38,25.727,0.005,13273,"Orinoco, River",South America,Venezuela,River,-66.4951,7.4845
2020-05-20 02:21:39,28.588,0.023,13273,"Orinoco, River",South America,Venezuela,River,-66.4951,7.4845
2020-06-16 02:21:37,31.09,0.02,13273,"Orinoco, River",South America,Venezuela,River,-66.4951,7.4845
2020-07-13 02:21:38,33.203,0.011,13273,"Orinoco, River",South America,Venezuela,River,-66.4951,7.4845
2020-08-09 02:21:37,34.42,0.005,13273,"Orinoco, River",South America,Venezuela,River,-66.4951,7.4845
2020-09-05 02:21:34,33.662,0.009,13273,"Orinoco, River",South America,Venezuela,River,-66.4951,7.4845
2020-10-02 02:21:37,31.788,0.009,13273,"Orinoco, River",South America,Venezuela,River,-66.4951,7.4845
2020-10-29 02:21:37,31.197,0.004,13273,"Orinoco, River",South America,Venezuela,River,-66.4951,7.4845
2020-12-22 02:21:32,29.797,0.039,13273,"Orinoco, River",South America,Venezuela,River,-66.4951,7.4845
2021-01-18 02:21:38,28.295,0.001,13273,"Orinoco, River",South America,Venezuela,River,-66.4951,7.4845
2021-03-13 02:21:35,25.43,0.01,13273,"Orinoco, River",South America,Venezuela,River,-66.4951,7.4845
2021-04-09 02:21:40,27.311,0.005,13273,"Orinoco, River",South America,Venezuela,River,-66.4951,7.4845
2021-05-06 02:21:43,30.247,0.026,13273,"Orinoco, River",South America,Venezuela,River,-66.4951,7.4845
2021-06-02 02:21:43,33.017,0.025,13273,"Orinoco, River",South America,Venezuela,River,-66.4951,7.4845
2021-07-26 02:21:43,35.417,0.004,13273,"Orinoco, River",South America,Venezuela,River,-66.4951,7.4845
2021-08-22 02:21:40,36.192,0.067,13273,"Orinoco, River",South America,Venezuela,River,-66.4951,7.4845
2021-10-15 02:21:42,34.146,0.011,13273,"Orinoco, River",South America,Venezuela,River,-66.4951,7.4845
2021-11-11 02:21:41,32.287,0.016,13273,"Orinoco, River",South America,Venezuela,River,-66.4951,7.4845
2021-12-08 02:21:40,29.425,0.059,13273,"Orinoco, River",South America,Venezuela,River,-66.4951,7.4845
2022-01-04 02:21:41,27.462,0.034,13273,"Orinoco, River",South America,Venezuela,River,-66.4951,7.4845
2022-01-31 02:21:45,25.456,0.015,13273,"Orinoco, River",South America,Venezuela,River,-66.4951,7.4845
2022-03-26 02:21:44,26.722,0.01,13273,"Orinoco, River",South America,Venezuela,River,-66.4951,7.4845
2022-04-22 02:21:46,27.529,0.013,13273,"Orinoco, River",South America,Venezuela,River,-66.4951,7.4845
2022-05-19 02:21:44,30.958,0.015,13273,"Orinoco, River",South America,Venezuela,River,-66.4951,7.4845
2022-06-15 02:21:43,33.625,0.035,13273,"Orinoco, River",South America,Venezuela,River,-66.4951,7.4845
2022-07-12 02:21:42,33.704,0.017,13273,"Orinoco, River",South America,Venezuela,River,-66.4951,7.4845
2022-08-08 02:21:39,36.006,0.017,13273,"Orinoco, River",South America,Venezuela,River,-66.4951,7.4845
2022-09-04 02:21:38,35.942,0.018,13273,"Orinoco, River",South America,Venezuela,River,-66.4951,7.4845
2022-10-01 02:21:39,34.363,0.009,13273,"Orinoco, River",South America,Venezuela,River,-66.4951,7.4845
2022-10-28 02:21:39,32.515,0.036,13273,"Orinoco, River",South America,Venezuela,River,-66.4951,7.4845
2022-11-24 02:21:35,32.025,0.003,13273,"Orinoco, River",South America,Venezuela,River,-66.4951,7.4845
2022-12-21 02:21:36,29.355,0.011,13273,"Orinoco, River",South America,Venezuela,River,-66.4951,7.4845
2023-01-17 02:21:37,26.897,0.012,13273,"Orinoco, River",South America,Venezuela,River,-66.4951,7.4845
2023-03-12 02:21:38,25.19,0.038,13273,"Orinoco, River",South America,Venezuela,River,-66.4951,7.4845
2023-04-08 02:21:43,25.486,0.032,13273,"Orinoco, River",South America,Venezuela,River,-66.4951,7.4845
2023-05-05 02:21:43,28.327,0.018,13273,"Orinoco, River",South America,Venezuela,River,-66.4951,7.4845
2023-06-01 02:21:42,30.831,0.013,13273,"Orinoco, River",South America,Venezuela,River,-66.4951,7.4845
2023-06-28 02:21:38,33.222,0.003,13273,"Orinoco, River",South America,Venezuela,River,-66.4951,7.4845
2023-08-21 02:21:32,35.251,0.003,13273,"Orinoco, River",South America,Venezuela,River,-66.4951,7.4845
2023-09-17 02:21:36,32.854,0.028,13273,"Orinoco, River",South America,Venezuela,River,-66.4951,7.4845
2023-10-14 02:21:35,29.566,0.006,13273,"Orinoco, River",South America,Venezuela,River,-66.4951,7.4845
2023-11-10 02:21:33,29.222,0.002,13273,"Orinoco, River",South America,Venezuela,River,-66.4951,7.4845
2023-12-07 02:21:33,28.14,0.043,13273,"Orinoco, River",South America,Venezuela,River,-66.4951,7.4845
2024-01-03 02:21:36,26.995,0.017,13273,"Orinoco, River",South America,Venezuela,River,-66.4951,7.4845
2024-01-30 02:21:38,25.334,0.004,13273,"Orinoco, River",South America,Venezuela,River,-66.4951,7.4845
2024-02-26 02:21:37,25.296,0.005,13273,"Orinoco, River",South America,Venezuela,River,-66.4951,7.4845
2024-03-24 02:21:40,24.55,0.001,13273,"Orinoco, River",South America,Venezuela,River,-66.4951,7.4845
2024-04-20 02:21:42,25.845,0.03,13273,"Orinoco, River",South America,Venezuela,River,-66.4951,7.4845
2024-05-17 02:21:43,29.534,0.017,13273,"Orinoco, River",South America,Venezuela,River,-66.4951,7.4845
2024-06-13 02:21:44,33.113,0.017,13273,"Orinoco, River",South America,Venezuela,River,-66.4951,7.4845
2024-08-06 02:21:39,36.037,0.036,13273,"Orinoco, River",South America,Venezuela,River,-66.4951,7.4845
2024-09-02 02:21:34,34.49,0.02,13273,"Orinoco, River",South America,Venezuela,River,-66.4951,7.4845
2024-09-29 02:21:39,31.629,0.026,13273,"Orinoco, River",South America,Venezuela,River,-66.4951,7.4845
2024-10-26 02:21:39,29.68,0.009,13273,"Orinoco, River",South America,Venezuela,River,-66.4951,7.4845
2024-11-22 02:21:37,28.651,0.018,13273,"Orinoco, River",South America,Venezuela,River,-66.4951,7.4845
2024-12-19 02:21:33,27.858,0.018,13273,"Orinoco, River",South America,Venezuela,River,-66.4951,7.4845
2025-01-15 02:21:39,27.882,0.023,13273,"Orinoco, River",South America,Venezuela,River,-66.4951,7.4845
2025-02-11 02:21:41,25.936,0.004,13273,"Orinoco, River",South America,Venezuela,River,-66.4951,7.4845
2025-03-10 02:21:38,25.581,0.021,13273,"Orinoco, River",South America,Venezuela,River,-66.4951,7.4845
2025-04-06 02:21:43,26.835,0.0,13273,"Orinoco, River",South America,Venezuela,River,-66.4951,7.4845
2025-05-03 02:21:46,29.357,0.015,13273,"Orinoco, River",South America,Venezuela,River,-66.4951,7.4845
2025-05-30 02:21:48,32.349,0.03,13273,"Orinoco, River",South America,Venezuela,River,-66.4951,7.4845
2025-06-26 02:21:48,34.319,0.066,13273,"Orinoco, River",South America,Venezuela,River,-66.4951,7.4845
2025-07-23 02:21:48,36.799,0.02,13273,"Orinoco, River",South America,Venezuela,River,-66.4951,7.4845
2025-08-19 02:21:45,37.29,0.017,13273,"Orinoco, River",South America,Venezuela,River,-66.4951,7.4845
2025-09-15 02:21:43,36.32,0.015,13273,"Orinoco, River",South America,Venezuela,River,-66.4951,7.4845
2025-10-12 02:21:46,33.976,0.004,13273,"Orinoco, River",South America,Venezuela,River,-66.4951,7.4845
2002-07-05 02:28:16,79.803,0.004,1259,"Orinoco, River",South America,Venezuela,River,-67.8061,5.0656
2002-09-13 02:28:14,77.901,0.016,1259,"Orinoco, River",South America,Venezuela,River,-67.8061,5.0656
2002-10-18 02:28:16,75.638,0.012,1259,"Orinoco, River",South America,Venezuela,River,-67.8061,5.0656
2002-11-22 02:28:18,77.129,0.008,1259,"Orinoco, River",South America,Venezuela,River,-67.8061,5.0656
2002-12-27 02:28:14,73.959,0.007,1259,"Orinoco, River",South America,Venezuela,River,-67.8061,5.0656
2003-01-31 02:28:15,71.321,0.087,1259,"Orinoco, River",South America,Venezuela,River,-67.8061,5.0656
2003-03-07 02:28:14,70.29,0.011,1259,"Orinoco, River",South America,Venezuela,River,-67.8061,5.0656
2003-04-11 02:28:17,71.418,0.041,1259,"Orinoco, River",South America,Venezuela,River,-67.8061,5.0656
2003-05-16 02:28:13,76.798,0.034,1259,"Orinoco, River",South America,Venezuela,River,-67.8061,5.0656
2003-06-20 02:28:19,78.495,0.003,1259,"Orinoco, River",South America,Venezuela,River,-67.8061,5.0656
2003-07-25 02:28:24,80.021,0.005,1259,"Orinoco, River",South America,Venezuela,River,-67.8061,5.0656
2003-08-29 02:28:27,79.814,0.026,1259,"Orinoco, River",South America,Venezuela,River,-67.8061,5.0656
2003-10-03 02:28:24,78.335,0.053,1259,"Orinoco, River",South America,Venezuela,River,-67.8061,5.0656
2003-11-07 02:28:20,76.912,0.047,1259,"Orinoco, River",South America,Venezuela,River,-67.8061,5.0656
2003-12-12 02:28:22,75.038,0.073,1259,"Orinoco, River",South America,Venezuela,River,-67.8061,5.0656
2004-01-16 02:28:21,73.522,0.006,1259,"Orinoco, River",South America,Venezuela,River,-67.8061,5.0656
2004-02-20 02:28:20,70.889,0.006,1259,"Orinoco, River",South America,Venezuela,River,-67.8061,5.0656
2004-03-26 02:28:24,71.115,0.016,1259,"Orinoco, River",South America,Venezuela,River,-67.8061,5.0656
2004-04-30 02:28:21,74.394,0.079,1259,"Orinoco, River",South America,Venezuela,River,-67.8061,5.0656
2004-06-04 02:28:26,78.234,0.031,1259,"Orinoco, River",South America,Venezuela,River,-67.8061,5.0656
2004-07-09 02:28:26,79.673,0.013,1259,"Orinoco, River",South America,Venezuela,River,-67.8061,5.0656
2004-08-13 02:28:25,79.499,0.003,1259,"Orinoco, River",South America,Venezuela,River,-67.8061,5.0656
2004-09-17 02:28:22,77.889,0.093,1259,"Orinoco, River",South America,Venezuela,River,-67.8061,5.0656
2004-10-22 02:28:26,76.754,0.022,1259,"Orinoco, River",South America,Venezuela,River,-67.8061,5.0656
2004-11-26 02:28:24,73.833,0.088,1259,"Orinoco, River",South America,Venezuela,River,-67.8061,5.0656
2004-12-31 02:28:19,73.08,0.059,1259,"Orinoco, River",South America,Venezuela,River,-67.8061,5.0656
2005-02-04 02:28:22,71.893,0.022,1259,"Orinoco, River",South America,Venezuela,River,-67.8061,5.0656
2005-03-11 02:28:20,72.024,0.002,1259,"Orinoco, River",South America,Venezuela,River,-67.8061,5.0656
2005-04-15 02:28:26,73.349,0.133,1259,"Orinoco, River",South America,Venezuela,River,-67.8061,5.0656
2005-05-20 02:28:27,77.694,0.045,1259,"Orinoco, River",South America,Venezuela,River,-67.8061,5.0656
2005-06-24 02:28:29,78.43,0.023,1259,"Orinoco, River",South America,Venezuela,River,-67.8061,5.0656
2005-09-02 02:28:23,77.768,0.027,1259,"Orinoco, River",South America,Venezuela,River,-67.8061,5.0656
2005-10-07 02:28:24,75.893,0.063,1259,"Orinoco, River",South America,Venezuela,River,-67.8061,5.0656
2005-11-11 02:28:25,75.043,0.01,1259,"Orinoco, River",South America,Venezuela,River,-67.8061,5.0656
2005-12-16 02:28:18,75.06,0.003,1259,"Orinoco, River",South America,Venezuela,River,-67.8061,5.0656
2006-01-20 02:28:12,73.269,0.011,1259,"Orinoco, River",South America,Venezuela,River,-67.8061,5.0656
2006-02-24 02:28:14,72.264,0.014,1259,"Orinoco, River",South America,Venezuela,River,-67.8061,5.0656
2006-03-31 02:28:10,73.637,0.053,1259,"Orinoco, River",South America,Venezuela,River,-67.8061,5.0656
2006-05-05 02:28:19,74.691,0.012,1259,"Orinoco, River",South America,Venezuela,River,-67.8061,5.0656
2006-06-09 02:28:20,78.172,0.03,1259,"Orinoco, River",South America,Venezuela,River,-67.8061,5.0656
2006-07-14 02:28:25,79.25,0.05,1259,"Orinoco, River",South America,Venezuela,River,-67.8061,5.0656
2006-08-18 02:28:23,79.706,0.007,1259,"Orinoco, River",South America,Venezuela,River,-67.8061,5.0656
2006-09-22 02:28:19,78.107,0.046,1259,"Orinoco, River",South America,Venezuela,River,-67.8061,5.0656
2006-10-27 02:28:23,75.126,0.421,1259,"Orinoco, River",South America,Venezuela,River,-67.8061,5.0656
2006-12-01 02:28:22,76.587,0.004,1259,"Orinoco, River",South America,Venezuela,River,-67.8061,5.0656
2007-01-05 02:28:18,73.014,0.014,1259,"Orinoco, River",South America,Venezuela,River,-67.8061,5.0656
2007-02-09 02:28:16,71.599,0.146,1259,"Orinoco, River",South America,Venezuela,River,-67.8061,5.0656
2007-03-16 02:28:17,71.049,0.008,1259,"Orinoco, River",South America,Venezuela,River,-67.8061,5.0656
2007-04-20 02:28:17,74.288,0.001,1259,"Orinoco, River",South America,Venezuela,River,-67.8061,5.0656
2007-05-25 02:28:20,77.558,0.001,1259,"Orinoco, River",South America,Venezuela,River,-67.8061,5.0656
2007-06-29 02:28:21,79.595,0.024,1259,"Orinoco, River",South America,Venezuela,River,-67.8061,5.0656
2007-08-03 02:28:21,79.779,0.026,1259,"Orinoco, River",South America,Venezuela,River,-67.8061,5.0656
2007-09-07 02:28:18,78.894,0.005,1259,"Orinoco, River",South America,Venezuela,River,-67.8061,5.0656
2007-10-12 02:28:15,78.086,0.001,1259,"Orinoco, River",South America,Venezuela,River,-67.8061,5.0656
2007-11-16 02:28:13,76.083,0.039,1259,"Orinoco, River",South America,Venezuela,River,-67.8061,5.0656
2007-12-21 02:28:13,74.021,0.113,1259,"Orinoco, River",South America,Venezuela,River,-67.8061,5.0656
2008-01-25 02:28:14,71.449,0.061,1259,"Orinoco, River",South America,Venezuela,River,-67.8061,5.0656
2008-02-29 02:28:14,71.789,0.033,1259,"Orinoco, River",South America,Venezuela,River,-67.8061,5.0656
2008-04-04 02:28:14,71.708,0.033,1259,"Orinoco, River",South America,Venezuela,River,-67.8061,5.0656
2008-05-09 02:28:14,73.288,0.001,1259,"Orinoco, River",South America,Venezuela,River,-67.8061,5.0656
2008-06-13 02:28:15,77.874,0.044,1259,"Orinoco, River",South America,Venezuela,River,-67.8061,5.0656
2008-07-18 02:28:15,79.968,0.002,1259,"Orinoco, River",South America,Venezuela,River,-67.8061,5.0656
2008-08-22 02:28:13,79.549,0.262,1259,"Orinoco, River",South America,Venezuela,River,-67.8061,5.0656
2008-09-26 02:28:12,77.46,0.553,1259,"Orinoco, River",South America,Venezuela,River,-67.8061,5.0656
2008-10-31 02:28:11,76.575,0.032,1259,"Orinoco, River",South America,Venezuela,River,-67.8061,5.0656
2008-12-05 02:28:11,76.91,0.008,1259,"Orinoco, River",South America,Venezuela,River,-67.8061,5.0656
2009-01-09 02:28:11,72.831,0.014,1259,"Orinoco, River",South America,Venezuela,River,-67.8061,5.0656
2009-02-13 02:28:11,73.677,0.469,1259,"Orinoco, River",South America,Venezuela,River,-67.8061,5.0656
2009-03-20 02:28:11,72.612,0.041,1259,"Orinoco, River",South America,Venezuela,River,-67.8061,5.0656
2009-04-24 02:28:11,73.057,0.078,1259,"Orinoco, River",South America,Venezuela,River,-67.8061,5.0656
2009-05-29 02:28:13,75.467,0.038,1259,"Orinoco, River",South America,Venezuela,River,-67.8061,5.0656
2009-07-03 02:28:13,78.156,0.006,1259,"Orinoco, River",South America,Venezuela,River,-67.8061,5.0656
2009-08-07 02:28:13,79.27,0.006,1259,"Orinoco, River",South America,Venezuela,River,-67.8061,5.0656
2009-09-11 02:28:10,78.213,0.003,1259,"Orinoco, River",South America,Venezuela,River,-67.8061,5.0656
2009-10-16 02:28:07,76.259,0.01,1259,"Orinoco, River",South America,Venezuela,River,-67.8061,5.0656
2009-11-20 02:28:06,74.19,0.032,1259,"Orinoco, River",South America,Venezuela,River,-67.8061,5.0656
2009-12-25 02:28:06,72.374,0.002,1259,"Orinoco, River",South America,Venezuela,River,-67.8061,5.0656
2010-01-29 02:28:06,71.415,0.016,1259,"Orinoco, River",South America,Venezuela,River,-67.8061,5.0656
2010-04-09 02:28:05,71.812,0.002,1259,"Orinoco, River",South America,Venezuela,River,-67.8061,5.0656
2010-05-14 02:28:04,77.427,0.012,1259,"Orinoco, River",South America,Venezuela,River,-67.8061,5.0656
2010-06-18 02:28:04,78.503,0.027,1259,"Orinoco, River",South America,Venezuela,River,-67.8061,5.0656
2010-07-23 02:28:05,79.351,0.008,1259,"Orinoco, River",South America,Venezuela,River,-67.8061,5.0656
2010-08-27 02:28:05,79.704,0.002,1259,"Orinoco, River",South America,Venezuela,River,-67.8061,5.0656
2010-10-01 02:28:01,76.105,0.068,1259,"Orinoco, River",South America,Venezuela,River,-67.8061,5.0656
2013-03-31 10:33:17,72.858,0.026,1259,"Orinoco, River",South America,Venezuela,River,-67.8061,5.0656
2013-05-05 10:32:56,75.48,0.007,1259,"Orinoco, River",South America,Venezuela,River,-67.8061,5.0656
2013-06-09 10:32:33,78.017,0.005,1259,"Orinoco, River",South America,Venezuela,River,-67.8061,5.0656
2013-07-14 10:32:11,78.802,0.015,1259,"Orinoco, River",South America,Venezuela,River,-67.8061,5.0656
2013-08-18 10:32:12,78.915,0.0,1259,"Orinoco, River",South America,Venezuela,River,-67.8061,5.0656
2013-09-22 10:32:25,78.501,0.004,1259,"Orinoco, River",South America,Venezuela,River,-67.8061,5.0656
2013-10-27 10:32:26,76.444,0.002,1259,"Orinoco, River",South America,Venezuela,River,-67.8061,5.0656
2013-12-01 10:32:24,75.277,0.01,1259,"Orinoco, River",South America,Venezuela,River,-67.8061,5.0656
2014-01-05 10:32:22,72.364,0.01,1259,"Orinoco, River",South America,Venezuela,River,-67.8061,5.0656
2014-02-09 10:32:22,71.106,0.095,1259,"Orinoco, River",South America,Venezuela,River,-67.8061,5.0656
2014-03-16 10:32:18,71.384,0.005,1259,"Orinoco, River",South America,Venezuela,River,-67.8061,5.0656
2014-04-20 10:32:15,72.418,0.004,1259,"Orinoco, River",South America,Venezuela,River,-67.8061,5.0656
2014-05-25 10:32:14,76.089,0.004,1259,"Orinoco, River",South America,Venezuela,River,-67.8061,5.0656
2014-06-29 10:32:11,79.038,0.002,1259,"Orinoco, River",South America,Venezuela,River,-67.8061,5.0656
2014-09-07 10:32:04,79.594,0.003,1259,"Orinoco, River",South America,Venezuela,River,-67.8061,5.0656
2014-10-12 10:32:11,73.377,0.031,1259,"Orinoco, River",South America,Venezuela,River,-67.8061,5.0656
2014-11-16 10:31:58,76.394,0.01,1259,"Orinoco, River",South America,Venezuela,River,-67.8061,5.0656
2014-12-21 10:31:55,73.477,0.001,1259,"Orinoco, River",South America,Venezuela,River,-67.8061,5.0656
2015-01-25 10:31:51,72.127,0.018,1259,"Orinoco, River",South America,Venezuela,River,-67.8061,5.0656
2015-03-01 10:31:51,71.627,0.001,1259,"Orinoco, River",South America,Venezuela,River,-67.8061,5.0656
2015-04-05 10:31:51,72.2,0.013,1259,"Orinoco, River",South America,Venezuela,River,-67.8061,5.0656
2015-05-10 10:31:37,73.679,0.002,1259,"Orinoco, River",South America,Venezuela,River,-67.8061,5.0656
2015-09-27 10:31:26,77.123,0.01,1259,"Orinoco, River",South America,Venezuela,River,-67.8061,5.0656
2015-11-01 10:31:22,74.93,0.004,1259,"Orinoco, River",South America,Venezuela,River,-67.8061,5.0656
2015-12-06 10:31:14,74.339,0.007,1259,"Orinoco, River",South America,Venezuela,River,-67.8061,5.0656
2016-01-10 10:31:01,68.905,0.628,1259,"Orinoco, River",South America,Venezuela,River,-67.8061,5.0656
2016-02-14 10:31:03,70.722,0.01,1259,"Orinoco, River",South America,Venezuela,River,-67.8061,5.0656
2016-03-20 10:30:54,70.744,0.027,1259,"Orinoco, River",South America,Venezuela,River,-67.8061,5.0656
2016-04-24 10:30:56,73.683,0.012,1259,"Orinoco, River",South America,Venezuela,River,-67.8061,5.0656
2008-07-21 22:48:41,67.968,0.067,13507,"Orinoco, River",South America,Venezuela,River,-67.8124,5.3402
2008-07-31 20:47:12,68.556,0.01,13507,"Orinoco, River",South America,Venezuela,River,-67.8124,5.3402
2008-08-20 16:44:15,68.138,0.001,13507,"Orinoco, River",South America,Venezuela,River,-67.8124,5.3402
2008-08-30 14:42:47,68.125,0.015,13507,"Orinoco, River",South America,Venezuela,River,-67.8124,5.3402
2008-09-09 12:41:19,67.261,0.032,13507,"Orinoco, River",South America,Venezuela,River,-67.8124,5.3402
2008-09-19 10:39:51,66.157,0.001,13507,"Orinoco, River",South America,Venezuela,River,-67.8124,5.3402
2008-09-29 08:38:23,65.42,0.004,13507,"Orinoco, River",South America,Venezuela,River,-67.8124,5.3402
2008-10-09 06:36:55,64.906,0.002,13507,"Orinoco, River",South America,Venezuela,River,-67.8124,5.3402
2008-10-29 02:33:59,64.349,0.02,13507,"Orinoco, River",South America,Venezuela,River,-67.8124,5.3402
2008-11-08 00:32:30,64.415,0.035,13507,"Orinoco, River",South America,Venezuela,River,-67.8124,5.3402
2008-11-17 22:31:01,63.999,0.033,13507,"Orinoco, River",South America,Venezuela,River,-67.8124,5.3402
2008-11-27 20:29:32,64.408,0.085,13507,"Orinoco, River",South America,Venezuela,River,-67.8124,5.3402
2008-12-07 18:28:04,64.289,0.013,13507,"Orinoco, River",South America,Venezuela,River,-67.8124,5.3402
2008-12-17 16:26:35,63.599,0.002,13507,"Orinoco, River",South America,Venezuela,River,-67.8124,5.3402
2009-01-06 12:23:38,60.25,0.009,13507,"Orinoco, River",South America,Venezuela,River,-67.8124,5.3402
2009-01-16 10:22:10,61.073,0.014,13507,"Orinoco, River",South America,Venezuela,River,-67.8124,5.3402
2009-02-05 06:19:14,60.149,0.019,13507,"Orinoco, River",South America,Venezuela,River,-67.8124,5.3402
2009-02-15 04:17:46,59.484,0.001,13507,"Orinoco, River",South America,Venezuela,River,-67.8124,5.3402
2009-02-25 02:16:18,59.202,0.038,13507,"Orinoco, River",South America,Venezuela,River,-67.8124,5.3402
2009-03-07 00:14:50,58.609,0.064,13507,"Orinoco, River",South America,Venezuela,River,-67.8124,5.3402
2009-03-16 22:13:21,58.575,0.002,13507,"Orinoco, River",South America,Venezuela,River,-67.8124,5.3402
2009-03-26 20:11:52,59.357,0.012,13507,"Orinoco, River",South America,Venezuela,River,-67.8124,5.3402
2009-04-05 18:10:23,60.012,0.013,13507,"Orinoco, River",South America,Venezuela,River,-67.8124,5.3402
2009-04-15 16:08:54,59.937,0.016,13507,"Orinoco, River",South America,Venezuela,River,-67.8124,5.3402
2009-04-25 14:07:25,60.931,0.021,13507,"Orinoco, River",South America,Venezuela,River,-67.8124,5.3402
2009-05-05 12:05:56,61.754,0.008,13507,"Orinoco, River",South America,Venezuela,River,-67.8124,5.3402
2009-05-15 10:04:28,62.065,0.003,13507,"Orinoco, River",South America,Venezuela,River,-67.8124,5.3402
2009-05-25 08:03:00,62.294,0.021,13507,"Orinoco, River",South America,Venezuela,River,-67.8124,5.3402
2009-06-04 06:01:32,62.353,0.003,13507,"Orinoco, River",South America,Venezuela,River,-67.8124,5.3402
2009-06-14 04:00:04,63.657,0.036,13507,"Orinoco, River",South America,Venezuela,River,-67.8124,5.3402
2009-06-24 01:58:35,64.359,0.087,13507,"Orinoco, River",South America,Venezuela,River,-67.8124,5.3402
2009-07-03 23:57:07,66.006,0.044,13507,"Orinoco, River",South America,Venezuela,River,-67.8124,5.3402
2009-07-13 21:55:38,66.661,0.061,13507,"Orinoco, River",South America,Venezuela,River,-67.8124,5.3402
2009-07-23 19:54:10,67.145,0.056,13507,"Orinoco, River",South America,Venezuela,River,-67.8124,5.3402
2009-08-02 17:52:41,67.879,0.009,13507,"Orinoco, River",South America,Venezuela,River,-67.8124,5.3402
2009-08-12 15:51:13,67.795,0.016,13507,"Orinoco, River",South America,Venezuela,River,-67.8124,5.3402
2009-08-22 13:49:44,67.552,0.019,13507,"Orinoco, River",South America,Venezuela,River,-67.8124,5.3402
2009-09-01 11:48:16,67.072,0.007,13507,"Orinoco, River",South America,Venezuela,River,-67.8124,5.3402
2009-09-11 09:46:48,66.4,0.003,13507,"Orinoco, River",South America,Venezuela,River,-67.8124,5.3402
2009-09-21 07:45:19,65.811,0.002,13507,"Orinoco, River",South America,Venezuela,River,-67.8124,5.3402
2009-10-01 05:43:51,64.61,0.01,13507,"Orinoco, River",South America,Venezuela,River,-67.8124,5.3402
2009-10-11 03:42:23,64.148,0.007,13507,"Orinoco, River",South America,Venezuela,River,-67.8124,5.3402
2009-10-21 01:40:55,63.442,0.015,13507,"Orinoco, River",South America,Venezuela,River,-67.8124,5.3402
2009-10-30 23:39:26,62.867,0.007,13507,"Orinoco, River",South America,Venezuela,River,-67.8124,5.3402
2009-11-09 21:37:57,62.32,0.032,13507,"Orinoco, River",South America,Venezuela,River,-67.8124,5.3402
2009-11-19 19:36:28,61.373,0.011,13507,"Orinoco, River",South America,Venezuela,River,-67.8124,5.3402
2009-12-09 15:33:31,60.407,0.033,13507,"Orinoco, River",South America,Venezuela,River,-67.8124,5.3402
2009-12-19 13:32:02,58.97,0.046,13507,"Orinoco, River",South America,Venezuela,River,-67.8124,5.3402
2009-12-29 11:30:34,58.717,0.01,13507,"Orinoco, River",South America,Venezuela,River,-67.8124,5.3402
2010-01-08 09:29:06,58.224,0.014,13507,"Orinoco, River",South America,Venezuela,River,-67.8124,5.3402
2010-01-18 07:27:38,57.522,0.006,13507,"Orinoco, River",South America,Venezuela,River,-67.8124,5.3402
2010-01-28 05:26:10,57.097,0.0,13507,"Orinoco, River",South America,Venezuela,River,-67.8124,5.3402
2010-02-07 03:24:42,56.8,0.071,13507,"Orinoco, River",South America,Venezuela,River,-67.8124,5.3402
2010-02-17 01:23:14,56.761,0.024,13507,"Orinoco, River",South America,Venezuela,River,-67.8124,5.3402
2010-02-26 23:21:45,56.643,0.022,13507,"Orinoco, River",South America,Venezuela,River,-67.8124,5.3402
2010-03-08 21:20:17,56.688,0.006,13507,"Orinoco, River",South America,Venezuela,River,-67.8124,5.3402
2010-03-18 19:18:48,57.321,0.028,13507,"Orinoco, River",South America,Venezuela,River,-67.8124,5.3402
2010-03-28 17:17:19,57.393,0.023,13507,"Orinoco, River",South America,Venezuela,River,-67.8124,5.3402
2010-04-07 15:15:50,57.38,0.024,13507,"Orinoco, River",South America,Venezuela,River,-67.8124,5.3402
2010-04-17 13:14:21,61.016,0.011,13507,"Orinoco, River",South America,Venezuela,River,-67.8124,5.3402
2010-06-06 03:06:59,67.012,0.004,13507,"Orinoco, River",South America,Venezuela,River,-67.8124,5.3402
2010-06-16 01:05:31,66.87,0.037,13507,"Orinoco, River",South America,Venezuela,River,-67.8124,5.3402
2010-06-25 23:04:02,67.452,0.001,13507,"Orinoco, River",South America,Venezuela,River,-67.8124,5.3402
2010-07-05 21:02:33,67.885,0.008,13507,"Orinoco, River",South America,Venezuela,River,-67.8124,5.3402
2010-07-15 19:01:04,68.018,0.004,13507,"Orinoco, River",South America,Venezuela,River,-67.8124,5.3402
2010-07-25 16:59:35,67.806,0.006,13507,"Orinoco, River",South America,Venezuela,River,-67.8124,5.3402
2010-08-04 14:58:07,68.022,0.013,13507,"Orinoco, River",South America,Venezuela,River,-67.8124,5.3402
2010-08-14 12:56:40,68.215,0.001,13507,"Orinoco, River",South America,Venezuela,River,-67.8124,5.3402
2010-08-24 10:55:11,68.381,0.004,13507,"Orinoco, River",South America,Venezuela,River,-67.8124,5.3402
2010-09-03 08:53:43,67.901,0.014,13507,"Orinoco, River",South America,Venezuela,River,-67.8124,5.3402
2010-09-13 06:52:15,67.113,0.001,13507,"Orinoco, River",South America,Venezuela,River,-67.8124,5.3402
2010-09-23 04:50:46,65.288,0.061,13507,"Orinoco, River",South America,Venezuela,River,-67.8124,5.3402
2010-10-03 02:49:17,64.461,0.005,13507,"Orinoco, River",South America,Venezuela,River,-67.8124,5.3402
2010-10-13 00:47:49,63.538,0.002,13507,"Orinoco, River",South America,Venezuela,River,-67.8124,5.3402
2010-10-22 22:46:19,63.139,0.01,13507,"Orinoco, River",South America,Venezuela,River,-67.8124,5.3402
2010-11-11 18:43:22,62.461,0.029,13507,"Orinoco, River",South America,Venezuela,River,-67.8124,5.3402
2010-11-21 16:41:54,63.26,0.009,13507,"Orinoco, River",South America,Venezuela,River,-67.8124,5.3402
2010-12-01 14:40:26,64.018,0.033,13507,"Orinoco, River",South America,Venezuela,River,-67.8124,5.3402
2010-12-11 12:38:58,63.248,0.062,13507,"Orinoco, River",South America,Venezuela,River,-67.8124,5.3402
2010-12-21 10:37:30,62.357,0.003,13507,"Orinoco, River",South America,Venezuela,River,-67.8124,5.3402
2010-12-31 08:36:01,61.105,0.021,13507,"Orinoco, River",South America,Venezuela,River,-67.8124,5.3402
2011-01-20 04:33:04,60.394,0.028,13507,"Orinoco, River",South America,Venezuela,River,-67.8124,5.3402
2011-01-30 02:31:35,59.214,0.066,13507,"Orinoco, River",South America,Venezuela,River,-67.8124,5.3402
2011-02-09 00:30:06,58.01,0.028,13507,"Orinoco, River",South America,Venezuela,River,-67.8124,5.3402
2011-02-18 22:28:37,57.684,0.038,13507,"Orinoco, River",South America,Venezuela,River,-67.8124,5.3402
2011-02-28 20:27:08,57.517,0.046,13507,"Orinoco, River",South America,Venezuela,River,-67.8124,5.3402
2011-03-20 16:24:12,59.111,0.005,13507,"Orinoco, River",South America,Venezuela,River,-67.8124,5.3402
2011-03-30 14:22:44,59.23,0.04,13507,"Orinoco, River",South America,Venezuela,River,-67.8124,5.3402
2011-04-09 12:21:16,59.183,0.017,13507,"Orinoco, River",South America,Venezuela,River,-67.8124,5.3402
2011-04-29 08:18:19,62.398,0.023,13507,"Orinoco, River",South America,Venezuela,River,-67.8124,5.3402
2011-05-09 06:16:50,64.061,0.025,13507,"Orinoco, River",South America,Venezuela,River,-67.8124,5.3402
2011-05-19 04:15:21,63.586,0.087,13507,"Orinoco, River",South America,Venezuela,River,-67.8124,5.3402
2011-05-29 02:13:52,66.336,0.006,13507,"Orinoco, River",South America,Venezuela,River,-67.8124,5.3402
2011-06-08 00:12:24,67.026,0.006,13507,"Orinoco, River",South America,Venezuela,River,-67.8124,5.3402
2011-06-17 22:10:56,67.11,0.071,13507,"Orinoco, River",South America,Venezuela,River,-67.8124,5.3402
2011-06-27 20:09:28,68.175,0.091,13507,"Orinoco, River",South America,Venezuela,River,-67.8124,5.3402
2011-07-07 18:08:00,68.138,0.004,13507,"Orinoco, River",South America,Venezuela,River,-67.8124,5.3402
2011-07-17 16:06:31,68.777,0.005,13507,"Orinoco, River",South America,Venezuela,River,-67.8124,5.3402
2011-07-27 14:05:02,68.746,0.004,13507,"Orinoco, River",South America,Venezuela,River,-67.8124,5.3402
2011-08-06 12:03:33,68.679,0.0,13507,"Orinoco, River",South America,Venezuela,River,-67.8124,5.3402
2011-08-16 10:02:04,68.159,0.009,13507,"Orinoco, River",South America,Venezuela,River,-67.8124,5.3402
2011-08-26 08:00:35,67.557,0.027,13507,"Orinoco, River",South America,Venezuela,River,-67.8124,5.3402
2011-09-05 05:59:07,66.584,0.003,13507,"Orinoco, River",South America,Venezuela,River,-67.8124,5.3402
2011-09-15 03:57:39,64.896,0.008,13507,"Orinoco, River",South America,Venezuela,River,-67.8124,5.3402
2011-09-25 01:56:10,62.839,0.002,13507,"Orinoco, River",South America,Venezuela,River,-67.8124,5.3402
2011-10-14 21:53:13,64.084,0.09,13507,"Orinoco, River",South America,Venezuela,River,-67.8124,5.3402
2011-10-24 19:51:44,64.561,0.009,13507,"Orinoco, River",South America,Venezuela,River,-67.8124,5.3402
2011-11-03 17:50:16,63.889,0.006,13507,"Orinoco, River",South America,Venezuela,River,-67.8124,5.3402
2011-11-13 15:48:48,64.032,0.032,13507,"Orinoco, River",South America,Venezuela,River,-67.8124,5.3402
2011-11-23 13:47:20,63.724,0.001,13507,"Orinoco, River",South America,Venezuela,River,-67.8124,5.3402
2011-12-13 09:44:22,64.226,0.004,13507,"Orinoco, River",South America,Venezuela,River,-67.8124,5.3402
2011-12-23 07:42:54,63.327,0.026,13507,"Orinoco, River",South America,Venezuela,River,-67.8124,5.3402
2012-01-02 05:41:26,63.258,0.008,13507,"Orinoco, River",South America,Venezuela,River,-67.8124,5.3402
2012-01-12 03:39:58,61.875,0.061,13507,"Orinoco, River",South America,Venezuela,River,-67.8124,5.3402
2012-01-22 01:38:30,60.535,0.004,13507,"Orinoco, River",South America,Venezuela,River,-67.8124,5.3402
2012-01-31 23:37:01,59.243,0.025,13507,"Orinoco, River",South America,Venezuela,River,-67.8124,5.3402
2012-02-10 21:35:32,59.565,0.015,13507,"Orinoco, River",South America,Venezuela,River,-67.8124,5.3402
2012-03-01 17:32:35,58.339,0.06,13507,"Orinoco, River",South America,Venezuela,River,-67.8124,5.3402
2012-03-11 15:31:06,58.465,0.007,13507,"Orinoco, River",South America,Venezuela,River,-67.8124,5.3402
2012-03-21 13:29:38,58.951,0.013,13507,"Orinoco, River",South America,Venezuela,River,-67.8124,5.3402
2012-04-10 09:26:42,62.324,0.034,13507,"Orinoco, River",South America,Venezuela,River,-67.8124,5.3402
2012-04-20 07:25:13,64.138,0.03,13507,"Orinoco, River",South America,Venezuela,River,-67.8124,5.3402
2012-04-30 05:23:45,65.01,0.005,13507,"Orinoco, River",South America,Venezuela,River,-67.8124,5.3402
2012-05-10 03:22:16,65.869,0.003,13507,"Orinoco, River",South America,Venezuela,River,-67.8124,5.3402
2012-05-20 01:20:46,66.621,0.02,13507,"Orinoco, River",South America,Venezuela,River,-67.8124,5.3402
2012-05-29 23:19:18,66.138,0.06,13507,"Orinoco, River",South America,Venezuela,River,-67.8124,5.3402
2012-06-08 21:17:50,66.046,0.036,13507,"Orinoco, River",South America,Venezuela,River,-67.8124,5.3402
2012-06-18 19:16:22,66.326,0.022,13507,"Orinoco, River",South America,Venezuela,River,-67.8124,5.3402
2012-06-28 17:14:54,66.774,0.001,13507,"Orinoco, River",South America,Venezuela,River,-67.8124,5.3402
2012-07-08 15:13:24,66.948,0.007,13507,"Orinoco, River",South America,Venezuela,River,-67.8124,5.3402
2012-07-18 13:11:55,67.274,0.005,13507,"Orinoco, River",South America,Venezuela,River,-67.8124,5.3402
2012-07-28 11:10:26,68.003,0.024,13507,"Orinoco, River",South America,Venezuela,River,-67.8124,5.3402
2012-08-17 07:07:30,67.801,0.002,13507,"Orinoco, River",South America,Venezuela,River,-67.8124,5.3402
2012-08-27 05:06:02,67.36,0.018,13507,"Orinoco, River",South America,Venezuela,River,-67.8124,5.3402
2012-09-16 01:03:05,67.313,0.001,13507,"Orinoco, River",South America,Venezuela,River,-67.8124,5.3402
2012-09-25 23:01:36,66.383,0.008,13507,"Orinoco, River",South America,Venezuela,River,-67.8124,5.3402
2012-10-15 18:58:38,63.63,0.038,13507,"Orinoco, River",South America,Venezuela,River,-67.8124,5.3402
2012-10-25 16:57:09,63.986,0.004,13507,"Orinoco, River",South America,Venezuela,River,-67.8124,5.3402
2012-11-04 14:55:42,63.134,0.047,13507,"Orinoco, River",South America,Venezuela,River,-67.8124,5.3402
2012-11-14 12:54:14,62.559,0.007,13507,"Orinoco, River",South America,Venezuela,River,-67.8124,5.3402
2012-11-24 10:52:46,62.503,0.003,13507,"Orinoco, River",South America,Venezuela,River,-67.8124,5.3402
2012-12-04 08:51:17,61.592,0.02,13507,"Orinoco, River",South America,Venezuela,River,-67.8124,5.3402
2012-12-14 06:49:49,60.727,0.026,13507,"Orinoco, River",South America,Venezuela,River,-67.8124,5.3402
2012-12-24 04:48:20,59.615,0.069,13507,"Orinoco, River",South America,Venezuela,River,-67.8124,5.3402
2013-01-03 02:46:53,59.419,0.01,13507,"Orinoco, River",South America,Venezuela,River,-67.8124,5.3402
2013-01-13 00:45:24,58.703,0.011,13507,"Orinoco, River",South America,Venezuela,River,-67.8124,5.3402
2013-02-01 20:42:27,57.769,0.051,13507,"Orinoco, River",South America,Venezuela,River,-67.8124,5.3402
2013-02-11 18:40:59,57.496,0.036,13507,"Orinoco, River",South America,Venezuela,River,-67.8124,5.3402
2013-02-21 16:39:30,57.679,0.015,13507,"Orinoco, River",South America,Venezuela,River,-67.8124,5.3402
2013-03-03 14:38:01,58.237,0.0,13507,"Orinoco, River",South America,Venezuela,River,-67.8124,5.3402
2013-03-13 12:36:33,58.837,0.051,13507,"Orinoco, River",South America,Venezuela,River,-67.8124,5.3402
2013-03-23 10:35:05,58.782,0.041,13507,"Orinoco, River",South America,Venezuela,River,-67.8124,5.3402
2013-04-12 06:32:08,59.671,0.021,13507,"Orinoco, River",South America,Venezuela,River,-67.8124,5.3402
2013-04-22 04:30:40,60.56,0.027,13507,"Orinoco, River",South America,Venezuela,River,-67.8124,5.3402
2013-05-02 02:29:11,62.459,0.003,13507,"Orinoco, River",South America,Venezuela,River,-67.8124,5.3402
2013-05-12 00:27:42,62.393,0.022,13507,"Orinoco, River",South America,Venezuela,River,-67.8124,5.3402
2013-05-21 22:26:13,64.189,0.021,13507,"Orinoco, River",South America,Venezuela,River,-67.8124,5.3402
2013-05-31 20:24:46,65.298,0.03,13507,"Orinoco, River",South America,Venezuela,River,-67.8124,5.3402
2013-06-10 18:23:18,66.493,0.005,13507,"Orinoco, River",South America,Venezuela,River,-67.8124,5.3402
2013-06-20 16:21:50,66.907,0.001,13507,"Orinoco, River",South America,Venezuela,River,-67.8124,5.3402
2013-06-30 14:20:21,67.441,0.027,13507,"Orinoco, River",South America,Venezuela,River,-67.8124,5.3402
2013-07-10 12:18:53,67.114,0.016,13507,"Orinoco, River",South America,Venezuela,River,-67.8124,5.3402
2013-07-20 10:17:24,67.249,0.016,13507,"Orinoco, River",South America,Venezuela,River,-67.8124,5.3402
2013-07-30 08:15:55,67.52,0.013,13507,"Orinoco, River",South America,Venezuela,River,-67.8124,5.3402
2013-08-09 06:14:25,67.477,0.015,13507,"Orinoco, River",South America,Venezuela,River,-67.8124,5.3402
2013-08-19 04:12:57,67.383,0.001,13507,"Orinoco, River",South America,Venezuela,River,-67.8124,5.3402
2013-08-29 02:11:30,67.191,0.005,13507,"Orinoco, River",South America,Venezuela,River,-67.8124,5.3402
2013-09-17 22:08:33,66.924,0.024,13507,"Orinoco, River",South America,Venezuela,River,-67.8124,5.3402
2013-09-27 20:07:05,66.305,0.011,13507,"Orinoco, River",South America,Venezuela,River,-67.8124,5.3402
2013-10-07 18:05:36,66.241,0.003,13507,"Orinoco, River",South America,Venezuela,River,-67.8124,5.3402
2013-10-17 16:04:08,65.421,0.039,13507,"Orinoco, River",South America,Venezuela,River,-67.8124,5.3402
2013-10-27 14:02:39,64.326,0.011,13507,"Orinoco, River",South America,Venezuela,River,-67.8124,5.3402
2013-11-06 12:01:11,63.769,0.005,13507,"Orinoco, River",South America,Venezuela,River,-67.8124,5.3402
2013-11-16 09:59:43,63.192,0.009,13507,"Orinoco, River",South America,Venezuela,River,-67.8124,5.3402
2013-12-06 05:56:46,62.788,0.001,13507,"Orinoco, River",South America,Venezuela,River,-67.8124,5.3402
2013-12-26 01:53:49,61.308,0.026,13507,"Orinoco, River",South America,Venezuela,River,-67.8124,5.3402
2014-01-04 23:52:21,59.668,0.017,13507,"Orinoco, River",South America,Venezuela,River,-67.8124,5.3402
2014-01-14 21:50:53,59.025,0.006,13507,"Orinoco, River",South America,Venezuela,River,-67.8124,5.3402
2014-01-24 19:49:25,58.522,0.045,13507,"Orinoco, River",South America,Venezuela,River,-67.8124,5.3402
2014-02-13 15:46:28,57.343,0.015,13507,"Orinoco, River",South America,Venezuela,River,-67.8124,5.3402
2014-03-05 11:43:30,56.999,0.042,13507,"Orinoco, River",South America,Venezuela,River,-67.8124,5.3402
2014-03-15 09:42:03,57.372,0.02,13507,"Orinoco, River",South America,Venezuela,River,-67.8124,5.3402
2014-03-25 07:40:35,57.919,0.037,13507,"Orinoco, River",South America,Venezuela,River,-67.8124,5.3402
2014-04-04 05:39:06,58.316,0.041,13507,"Orinoco, River",South America,Venezuela,River,-67.8124,5.3402
2014-04-14 03:37:37,58.63,0.019,13507,"Orinoco, River",South America,Venezuela,River,-67.8124,5.3402
2014-04-24 01:36:08,59.668,0.0,13507,"Orinoco, River",South America,Venezuela,River,-67.8124,5.3402
2014-05-03 23:34:40,61.438,0.093,13507,"Orinoco, River",South America,Venezuela,River,-67.8124,5.3402
2014-05-13 21:33:13,62.843,0.012,13507,"Orinoco, River",South America,Venezuela,River,-67.8124,5.3402
2014-05-23 19:31:45,63.385,0.041,13507,"Orinoco, River",South America,Venezuela,River,-67.8124,5.3402
2014-06-02 17:30:17,64.172,0.004,13507,"Orinoco, River",South America,Venezuela,River,-67.8124,5.3402
2014-06-12 15:28:48,64.869,0.003,13507,"Orinoco, River",South America,Venezuela,River,-67.8124,5.3402
2014-06-22 13:27:19,66.843,0.006,13507,"Orinoco, River",South America,Venezuela,River,-67.8124,5.3402
2014-07-02 11:25:50,67.452,0.0,13507,"Orinoco, River",South America,Venezuela,River,-67.8124,5.3402
2014-07-12 09:24:21,68.536,0.015,13507,"Orinoco, River",South America,Venezuela,River,-67.8124,5.3402
2014-07-22 07:22:53,68.723,0.01,13507,"Orinoco, River",South America,Venezuela,River,-67.8124,5.3402
2014-08-01 05:21:26,68.823,0.005,13507,"Orinoco, River",South America,Venezuela,River,-67.8124,5.3402
2014-08-11 03:19:58,68.434,0.019,13507,"Orinoco, River",South America,Venezuela,River,-67.8124,5.3402
2014-08-21 01:18:30,68.784,0.029,13507,"Orinoco, River",South America,Venezuela,River,-67.8124,5.3402
2014-08-30 23:17:02,68.432,0.021,13507,"Orinoco, River",South America,Venezuela,River,-67.8124,5.3402
2014-09-19 19:14:05,67.348,0.024,13507,"Orinoco, River",South America,Venezuela,River,-67.8124,5.3402
2014-09-29 17:12:36,66.497,0.013,13507,"Orinoco, River",South America,Venezuela,River,-67.8124,5.3402
2014-10-09 15:11:06,64.98,0.025,13507,"Orinoco, River",South America,Venezuela,River,-67.8124,5.3402
2014-10-19 13:09:38,64.937,0.086,13507,"Orinoco, River",South America,Venezuela,River,-67.8124,5.3402
2014-10-29 11:08:10,65.44,0.012,13507,"Orinoco, River",South America,Venezuela,River,-67.8124,5.3402
2014-11-08 09:06:42,65.205,0.005,13507,"Orinoco, River",South America,Venezuela,River,-67.8124,5.3402
2014-11-18 07:05:13,64.418,0.007,13507,"Orinoco, River",South America,Venezuela,River,-67.8124,5.3402
2014-11-28 05:03:45,63.808,0.004,13507,"Orinoco, River",South America,Venezuela,River,-67.8124,5.3402
2014-12-08 03:02:15,62.282,0.023,13507,"Orinoco, River",South America,Venezuela,River,-67.8124,5.3402
2014-12-18 01:00:48,61.335,0.036,13507,"Orinoco, River",South America,Venezuela,River,-67.8124,5.3402
2014-12-27 22:59:20,60.59,0.003,13507,"Orinoco, River",South America,Venezuela,River,-67.8124,5.3402
2015-01-06 20:57:52,59.494,0.005,13507,"Orinoco, River",South America,Venezuela,River,-67.8124,5.3402
2015-01-16 18:56:24,58.76,0.009,13507,"Orinoco, River",South America,Venezuela,River,-67.8124,5.3402
2015-01-26 16:54:56,58.7,0.046,13507,"Orinoco, River",South America,Venezuela,River,-67.8124,5.3402
2015-02-05 14:53:27,59.078,0.074,13507,"Orinoco, River",South America,Venezuela,River,-67.8124,5.3402
2015-02-15 12:51:58,59.014,0.007,13507,"Orinoco, River",South America,Venezuela,River,-67.8124,5.3402
2015-02-25 10:50:29,58.47,0.003,13507,"Orinoco, River",South America,Venezuela,River,-67.8124,5.3402
2015-03-07 08:49:00,58.451,0.025,13507,"Orinoco, River",South America,Venezuela,River,-67.8124,5.3402
2015-03-17 06:47:33,58.048,0.033,13507,"Orinoco, River",South America,Venezuela,River,-67.8124,5.3402
2015-03-27 04:46:05,58.584,0.006,13507,"Orinoco, River",South America,Venezuela,River,-67.8124,5.3402
2015-04-06 02:44:38,58.573,0.034,13507,"Orinoco, River",South America,Venezuela,River,-67.8124,5.3402
2015-04-16 00:43:09,59.041,0.05,13507,"Orinoco, River",South America,Venezuela,River,-67.8124,5.3402
2015-04-25 22:41:40,61.125,0.017,13507,"Orinoco, River",South America,Venezuela,River,-67.8124,5.3402
2015-05-05 20:40:11,62.043,0.013,13507,"Orinoco, River",South America,Venezuela,River,-67.8124,5.3402
2015-05-15 18:38:42,61.567,0.062,13507,"Orinoco, River",South America,Venezuela,River,-67.8124,5.3402
2015-05-25 16:37:14,63.179,0.008,13507,"Orinoco, River",South America,Venezuela,River,-67.8124,5.3402
2015-06-04 14:35:46,64.194,0.028,13507,"Orinoco, River",South America,Venezuela,River,-67.8124,5.3402
2015-06-14 12:34:19,64.928,0.027,13507,"Orinoco, River",South America,Venezuela,River,-67.8124,5.3402
2015-06-24 10:32:51,66.312,0.014,13507,"Orinoco, River",South America,Venezuela,River,-67.8124,5.3402
2015-07-04 08:31:22,67.227,0.0,13507,"Orinoco, River",South America,Venezuela,River,-67.8124,5.3402
2015-07-14 06:29:53,67.603,0.018,13507,"Orinoco, River",South America,Venezuela,River,-67.8124,5.3402
2015-07-24 04:28:25,68.331,0.004,13507,"Orinoco, River",South America,Venezuela,River,-67.8124,5.3402
2015-08-03 02:26:56,67.686,0.093,13507,"Orinoco, River",South America,Venezuela,River,-67.8124,5.3402
2015-08-22 22:23:58,67.942,0.001,13507,"Orinoco, River",South America,Venezuela,River,-67.8124,5.3402
2015-09-01 20:22:29,67.566,0.0,13507,"Orinoco, River",South America,Venezuela,River,-67.8124,5.3402
2015-09-11 18:21:01,67.091,0.008,13507,"Orinoco, River",South America,Venezuela,River,-67.8124,5.3402
2015-09-21 16:19:33,66.18,0.014,13507,"Orinoco, River",South America,Venezuela,River,-67.8124,5.3402
2015-10-11 12:16:38,62.709,0.011,13507,"Orinoco, River",South America,Venezuela,River,-67.8124,5.3402
2015-10-21 10:15:10,63.274,0.014,13507,"Orinoco, River",South America,Venezuela,River,-67.8124,5.3402
2015-10-31 08:13:42,62.714,0.048,13507,"Orinoco, River",South America,Venezuela,River,-67.8124,5.3402
2015-11-10 06:12:13,62.989,0.002,13507,"Orinoco, River",South America,Venezuela,River,-67.8124,5.3402
2015-11-20 04:10:45,62.799,0.009,13507,"Orinoco, River",South America,Venezuela,River,-67.8124,5.3402
2015-11-30 02:09:17,62.327,0.002,13507,"Orinoco, River",South America,Venezuela,River,-67.8124,5.3402
2015-12-10 00:07:48,61.753,0.013,13507,"Orinoco, River",South America,Venezuela,River,-67.8124,5.3402
2015-12-19 22:06:20,60.533,0.09,13507,"Orinoco, River",South America,Venezuela,River,-67.8124,5.3402
2015-12-29 20:04:51,59.817,0.006,13507,"Orinoco, River",South America,Venezuela,River,-67.8124,5.3402
2016-01-08 18:03:22,59.328,0.02,13507,"Orinoco, River",South America,Venezuela,River,-67.8124,5.3402
2016-01-18 16:01:53,58.151,0.027,13507,"Orinoco, River",South America,Venezuela,River,-67.8124,5.3402
2016-02-07 11:58:58,56.851,0.063,13507,"Orinoco, River",South America,Venezuela,River,-67.8124,5.3402
2016-02-27 07:56:54,56.825,0.009,13507,"Orinoco, River",South America,Venezuela,River,-67.8124,5.3402
2016-03-08 05:55:13,56.873,0.004,13507,"Orinoco, River",South America,Venezuela,River,-67.8124,5.3402
2016-03-18 03:53:46,56.434,0.001,13507,"Orinoco, River",South America,Venezuela,River,-67.8124,5.3402
2016-03-28 01:52:17,56.919,0.016,13507,"Orinoco, River",South America,Venezuela,River,-67.8124,5.3402
2016-04-06 23:51:10,57.452,0.013,13507,"Orinoco, River",South America,Venezuela,River,-67.8124,5.3402
2016-04-16 21:49:06,59.18,0.039,13507,"Orinoco, River",South America,Venezuela,River,-67.8124,5.3402
2016-04-26 19:47:51,60.1,0.003,13507,"Orinoco, River",South America,Venezuela,River,-67.8124,5.3402
2016-05-06 17:46:43,63.144,0.014,13507,"Orinoco, River",South America,Venezuela,River,-67.8124,5.3402
2016-05-16 15:44:54,64.28,0.0,13507,"Orinoco, River",South America,Venezuela,River,-67.8124,5.3402
2016-05-26 13:43:12,65.117,0.015,13507,"Orinoco, River",South America,Venezuela,River,-67.8124,5.3402
2016-06-05 11:41:45,65.878,0.013,13507,"Orinoco, River",South America,Venezuela,River,-67.8124,5.3402
2016-06-15 09:40:36,66.954,0.001,13507,"Orinoco, River",South America,Venezuela,River,-67.8124,5.3402
2016-06-25 07:39:02,67.565,0.001,13507,"Orinoco, River",South America,Venezuela,River,-67.8124,5.3402
2016-07-05 05:37:38,68.281,0.003,13507,"Orinoco, River",South America,Venezuela,River,-67.8124,5.3402
2016-07-15 03:36:06,68.516,0.008,13507,"Orinoco, River",South America,Venezuela,River,-67.8124,5.3402
2016-07-25 01:34:48,68.694,0.003,13507,"Orinoco, River",South America,Venezuela,River,-67.8124,5.3402
2016-08-03 23:33:34,69.102,0.001,13507,"Orinoco, River",South America,Venezuela,River,-67.8124,5.3402
2016-08-13 21:31:50,69.073,0.0,13507,"Orinoco, River",South America,Venezuela,River,-67.8124,5.3402
2016-08-23 19:30:36,68.534,0.005,13507,"Orinoco, River",South America,Venezuela,River,-67.8124,5.3402
2016-09-02 17:28:42,67.902,0.005,13507,"Orinoco, River",South America,Venezuela,River,-67.8124,5.3402
2016-09-12 15:27:14,67.54,0.002,13507,"Orinoco, River",South America,Venezuela,River,-67.8124,5.3402
2016-09-22 13:25:52,66.653,0.007,13507,"Orinoco, River",South America,Venezuela,River,-67.8124,5.3402
2016-10-02 11:23:38,65.761,0.01,13507,"Orinoco, River",South America,Venezuela,River,-67.8124,5.3402
2016-10-12 09:23:31,64.835,0.003,13507,"Orinoco, River",South America,Venezuela,River,-67.8124,5.3402
2016-10-22 07:22:03,64.736,0.009,13507,"Orinoco, River",South America,Venezuela,River,-67.8124,5.3402
2016-11-01 05:20:34,63.795,0.024,13507,"Orinoco, River",South America,Venezuela,River,-67.8124,5.3402
2016-11-11 03:19:06,63.664,0.004,13507,"Orinoco, River",South America,Venezuela,River,-67.8124,5.3402
2016-11-21 01:17:38,62.94,0.0,13507,"Orinoco, River",South America,Venezuela,River,-67.8124,5.3402
2016-11-30 23:16:09,62.862,0.068,13507,"Orinoco, River",South America,Venezuela,River,-67.8124,5.3402
2016-12-10 21:14:40,62.566,0.008,13507,"Orinoco, River",South America,Venezuela,River,-67.8124,5.3402
2016-12-20 19:13:11,62.069,0.06,13507,"Orinoco, River",South America,Venezuela,River,-67.8124,5.3402
2016-12-30 17:11:43,61.727,0.071,13507,"Orinoco, River",South America,Venezuela,River,-67.8124,5.3402
2017-01-09 15:10:14,61.878,0.006,13507,"Orinoco, River",South America,Venezuela,River,-67.8124,5.3402
2017-01-19 13:08:46,60.95,0.0,13507,"Orinoco, River",South America,Venezuela,River,-67.8124,5.3402
2017-01-29 11:07:18,59.329,0.003,13507,"Orinoco, River",South America,Venezuela,River,-67.8124,5.3402
2017-02-08 09:05:49,59.27,0.001,13507,"Orinoco, River",South America,Venezuela,River,-67.8124,5.3402
2017-02-18 07:04:21,58.615,0.001,13507,"Orinoco, River",South America,Venezuela,River,-67.8124,5.3402
2017-02-28 05:02:53,58.042,0.002,13507,"Orinoco, River",South America,Venezuela,River,-67.8124,5.3402
2017-03-10 03:01:25,58.104,0.001,13507,"Orinoco, River",South America,Venezuela,River,-67.8124,5.3402
2017-03-20 00:59:56,59.211,0.044,13507,"Orinoco, River",South America,Venezuela,River,-67.8124,5.3402
2017-03-29 22:58:27,59.861,0.008,13507,"Orinoco, River",South America,Venezuela,River,-67.8124,5.3402
2017-04-08 20:56:57,60.254,0.01,13507,"Orinoco, River",South America,Venezuela,River,-67.8124,5.3402
2017-04-18 18:55:29,60.181,0.003,13507,"Orinoco, River",South America,Venezuela,River,-67.8124,5.3402
2017-04-28 16:54:02,61.374,0.068,13507,"Orinoco, River",South America,Venezuela,River,-67.8124,5.3402
2017-05-08 14:52:34,62.772,0.042,13507,"Orinoco, River",South America,Venezuela,River,-67.8124,5.3402
2017-05-18 12:51:06,64.879,0.004,13507,"Orinoco, River",South America,Venezuela,River,-67.8124,5.3402
2017-05-28 10:49:38,65.232,0.032,13507,"Orinoco, River",South America,Venezuela,River,-67.8124,5.3402
2017-06-07 08:48:10,65.502,0.003,13507,"Orinoco, River",South America,Venezuela,River,-67.8124,5.3402
2017-06-17 06:46:42,66.142,0.007,13507,"Orinoco, River",South America,Venezuela,River,-67.8124,5.3402
2017-06-27 04:45:13,67.62,0.002,13507,"Orinoco, River",South America,Venezuela,River,-67.8124,5.3402
2017-07-07 02:43:45,67.466,0.055,13507,"Orinoco, River",South America,Venezuela,River,-67.8124,5.3402
2017-07-17 00:42:17,68.082,0.002,13507,"Orinoco, River",South America,Venezuela,River,-67.8124,5.3402
2017-07-26 22:40:48,68.338,0.031,13507,"Orinoco, River",South America,Venezuela,River,-67.8124,5.3402
2017-08-05 20:39:19,68.868,0.014,13507,"Orinoco, River",South America,Venezuela,River,-67.8124,5.3402
2017-08-15 18:37:51,68.689,0.077,13507,"Orinoco, River",South America,Venezuela,River,-67.8124,5.3402
2017-08-25 16:36:22,68.022,0.002,13507,"Orinoco, River",South America,Venezuela,River,-67.8124,5.3402
2017-09-04 14:34:53,66.907,0.001,13507,"Orinoco, River",South America,Venezuela,River,-67.8124,5.3402
2017-09-14 12:33:25,65.075,0.003,13507,"Orinoco, River",South America,Venezuela,River,-67.8124,5.3402
2017-09-24 10:31:57,64.29,0.004,13507,"Orinoco, River",South America,Venezuela,River,-67.8124,5.3402
2017-10-04 08:30:29,64.828,0.023,13507,"Orinoco, River",South America,Venezuela,River,-67.8124,5.3402
2017-10-14 06:29:01,64.34,0.003,13507,"Orinoco, River",South America,Venezuela,River,-67.8124,5.3402
2017-10-24 04:27:33,64.315,0.002,13507,"Orinoco, River",South America,Venezuela,River,-67.8124,5.3402
2017-11-03 02:26:04,63.664,0.007,13507,"Orinoco, River",South America,Venezuela,River,-67.8124,5.3402
2017-11-13 00:24:36,63.936,0.019,13507,"Orinoco, River",South America,Venezuela,River,-67.8124,5.3402
2017-11-22 22:23:07,62.93,0.004,13507,"Orinoco, River",South America,Venezuela,River,-67.8124,5.3402
2017-12-02 20:21:38,61.97,0.06,13507,"Orinoco, River",South America,Venezuela,River,-67.8124,5.3402
2017-12-12 18:20:09,61.561,0.001,13507,"Orinoco, River",South America,Venezuela,River,-67.8124,5.3402
2017-12-22 16:18:41,60.093,0.023,13507,"Orinoco, River",South America,Venezuela,River,-67.8124,5.3402
2018-01-01 14:17:13,58.64,0.005,13507,"Orinoco, River",South America,Venezuela,River,-67.8124,5.3402
2018-01-11 12:15:45,59.026,0.006,13507,"Orinoco, River",South America,Venezuela,River,-67.8124,5.3402
2018-01-21 10:14:16,59.522,0.005,13507,"Orinoco, River",South America,Venezuela,River,-67.8124,5.3402
2018-01-31 08:12:48,59.059,0.003,13507,"Orinoco, River",South America,Venezuela,River,-67.8124,5.3402
2018-02-10 06:11:20,58.191,0.001,13507,"Orinoco, River",South America,Venezuela,River,-67.8124,5.3402
2018-02-20 04:09:51,57.223,0.034,13507,"Orinoco, River",South America,Venezuela,River,-67.8124,5.3402
2018-03-02 02:08:23,57.232,0.031,13507,"Orinoco, River",South America,Venezuela,River,-67.8124,5.3402
2018-03-12 00:06:54,56.689,0.005,13507,"Orinoco, River",South America,Venezuela,River,-67.8124,5.3402
2018-03-21 22:05:24,56.415,0.017,13507,"Orinoco, River",South America,Venezuela,River,-67.8124,5.3402
2018-03-31 20:03:55,56.409,0.043,13507,"Orinoco, River",South America,Venezuela,River,-67.8124,5.3402
2018-04-10 18:02:27,57.862,0.006,13507,"Orinoco, River",South America,Venezuela,River,-67.8124,5.3402
2018-04-20 16:00:59,59.647,0.002,13507,"Orinoco, River",South America,Venezuela,River,-67.8124,5.3402
2018-04-30 13:59:31,61.987,0.0,13507,"Orinoco, River",South America,Venezuela,River,-67.8124,5.3402
2018-05-10 11:58:03,64.686,0.001,13507,"Orinoco, River",South America,Venezuela,River,-67.8124,5.3402
2018-05-20 09:56:35,65.239,0.007,13507,"Orinoco, River",South America,Venezuela,River,-67.8124,5.3402
2018-05-30 07:55:07,66.226,0.01,13507,"Orinoco, River",South America,Venezuela,River,-67.8124,5.3402
2018-06-09 05:53:38,67.3,0.001,13507,"Orinoco, River",South America,Venezuela,River,-67.8124,5.3402
2018-06-19 03:52:10,68.659,0.054,13507,"Orinoco, River",South America,Venezuela,River,-67.8124,5.3402
2018-06-29 01:50:42,69.005,0.018,13507,"Orinoco, River",South America,Venezuela,River,-67.8124,5.3402
2018-07-18 21:47:44,69.951,0.001,13507,"Orinoco, River",South America,Venezuela,River,-67.8124,5.3402
2018-07-28 19:46:15,70.05,0.029,13507,"Orinoco, River",South America,Venezuela,River,-67.8124,5.3402
2018-08-07 17:44:46,70.51,0.001,13507,"Orinoco, River",South America,Venezuela,River,-67.8124,5.3402
2018-08-17 15:43:17,70.328,0.02,13507,"Orinoco, River",South America,Venezuela,River,-67.8124,5.3402
2018-08-27 13:41:49,69.678,0.052,13507,"Orinoco, River",South America,Venezuela,River,-67.8124,5.3402
2018-09-06 11:40:21,69.04,0.001,13507,"Orinoco, River",South America,Venezuela,River,-67.8124,5.3402
2018-09-16 09:38:53,68.595,0.0,13507,"Orinoco, River",South America,Venezuela,River,-67.8124,5.3402
2018-09-26 07:37:25,68.087,0.0,13507,"Orinoco, River",South America,Venezuela,River,-67.8124,5.3402
2018-10-06 05:35:57,67.257,0.0,13507,"Orinoco, River",South America,Venezuela,River,-67.8124,5.3402
2018-10-16 03:34:29,64.93,0.002,13507,"Orinoco, River",South America,Venezuela,River,-67.8124,5.3402
2018-10-26 01:33:00,63.732,0.014,13507,"Orinoco, River",South America,Venezuela,River,-67.8124,5.3402
2018-11-04 23:31:32,63.238,0.083,13507,"Orinoco, River",South America,Venezuela,River,-67.8124,5.3402
2018-11-14 21:30:03,62.894,0.009,13507,"Orinoco, River",South America,Venezuela,River,-67.8124,5.3402
2018-11-24 19:28:34,63.117,0.002,13507,"Orinoco, River",South America,Venezuela,River,-67.8124,5.3402
2018-12-04 17:27:05,62.564,0.001,13507,"Orinoco, River",South America,Venezuela,River,-67.8124,5.3402
2018-12-14 15:25:36,60.785,0.012,13507,"Orinoco, River",South America,Venezuela,River,-67.8124,5.3402
2018-12-24 13:24:07,59.639,0.022,13507,"Orinoco, River",South America,Venezuela,River,-67.8124,5.3402
2019-01-03 11:22:40,58.869,0.021,13507,"Orinoco, River",South America,Venezuela,River,-67.8124,5.3402
2019-01-13 09:21:12,58.207,0.0,13507,"Orinoco, River",South America,Venezuela,River,-67.8124,5.3402
2019-01-23 07:19:44,57.881,0.005,13507,"Orinoco, River",South America,Venezuela,River,-67.8124,5.3402
2019-02-02 05:18:16,58.007,0.013,13507,"Orinoco, River",South America,Venezuela,River,-67.8124,5.3402
2019-02-12 03:16:48,57.988,0.02,13507,"Orinoco, River",South America,Venezuela,River,-67.8124,5.3402
2019-02-22 01:15:19,57.526,0.003,13507,"Orinoco, River",South America,Venezuela,River,-67.8124,5.3402
2019-03-13 21:12:21,56.903,0.002,13507,"Orinoco, River",South America,Venezuela,River,-67.8124,5.3402
2019-03-23 19:10:52,57.269,0.013,13507,"Orinoco, River",South America,Venezuela,River,-67.8124,5.3402
2019-04-02 17:09:23,57.788,0.005,13507,"Orinoco, River",South America,Venezuela,River,-67.8124,5.3402
2019-04-12 15:07:53,57.736,0.052,13507,"Orinoco, River",South America,Venezuela,River,-67.8124,5.3402
2019-04-22 13:06:25,58.456,0.011,13507,"Orinoco, River",South America,Venezuela,River,-67.8124,5.3402
2019-05-02 11:04:57,60.298,0.001,13507,"Orinoco, River",South America,Venezuela,River,-67.8124,5.3402
2019-05-12 09:03:30,61.687,0.013,13507,"Orinoco, River",South America,Venezuela,River,-67.8124,5.3402
2019-05-22 07:02:02,63.911,0.0,13507,"Orinoco, River",South America,Venezuela,River,-67.8124,5.3402
2019-06-11 02:59:06,65.88,0.0,13507,"Orinoco, River",South America,Venezuela,River,-67.8124,5.3402
2019-06-21 00:57:37,66.966,0.0,13507,"Orinoco, River",South America,Venezuela,River,-67.8124,5.3402
2019-06-30 22:56:09,67.538,0.015,13507,"Orinoco, River",South America,Venezuela,River,-67.8124,5.3402
2019-07-10 20:54:40,68.714,0.0,13507,"Orinoco, River",South America,Venezuela,River,-67.8124,5.3402
2019-07-20 18:53:11,68.568,0.002,13507,"Orinoco, River",South America,Venezuela,River,-67.8124,5.3402
2019-07-30 16:51:41,68.509,0.002,13507,"Orinoco, River",South America,Venezuela,River,-67.8124,5.3402
2019-08-09 14:50:13,68.878,0.035,13507,"Orinoco, River",South America,Venezuela,River,-67.8124,5.3402
2019-08-19 12:48:45,68.841,0.047,13507,"Orinoco, River",South America,Venezuela,River,-67.8124,5.3402
2019-08-29 10:47:16,69.209,0.003,13507,"Orinoco, River",South America,Venezuela,River,-67.8124,5.3402
2019-09-08 08:45:48,68.442,0.01,13507,"Orinoco, River",South America,Venezuela,River,-67.8124,5.3402
2019-09-18 06:44:20,67.591,0.005,13507,"Orinoco, River",South America,Venezuela,River,-67.8124,5.3402
2019-09-28 04:42:52,66.338,0.009,13507,"Orinoco, River",South America,Venezuela,River,-67.8124,5.3402
2019-10-08 02:41:23,64.856,0.0,13507,"Orinoco, River",South America,Venezuela,River,-67.8124,5.3402
2019-10-18 00:39:54,65.189,0.003,13507,"Orinoco, River",South America,Venezuela,River,-67.8124,5.3402
2019-10-27 22:38:26,65.052,0.024,13507,"Orinoco, River",South America,Venezuela,River,-67.8124,5.3402
2019-11-06 20:36:56,64.546,0.004,13507,"Orinoco, River",South America,Venezuela,River,-67.8124,5.3402
2019-11-16 18:35:27,64.034,0.005,13507,"Orinoco, River",South America,Venezuela,River,-67.8124,5.3402
2019-11-26 16:33:58,63.384,0.002,13507,"Orinoco, River",South America,Venezuela,River,-67.8124,5.3402
2019-12-06 14:32:29,62.466,0.041,13507,"Orinoco, River",South America,Venezuela,River,-67.8124,5.3402
2019-12-16 12:31:01,61.774,0.001,13507,"Orinoco, River",South America,Venezuela,River,-67.8124,5.3402
2019-12-26 10:29:33,62.374,0.002,13507,"Orinoco, River",South America,Venezuela,River,-67.8124,5.3402
2020-01-05 08:28:05,61.503,0.026,13507,"Orinoco, River",South America,Venezuela,River,-67.8124,5.3402
2020-01-15 06:26:37,60.008,0.007,13507,"Orinoco, River",South America,Venezuela,River,-67.8124,5.3402
2020-01-25 04:25:09,58.983,0.0,13507,"Orinoco, River",South America,Venezuela,River,-67.8124,5.3402
2020-02-14 00:22:11,57.727,0.027,13507,"Orinoco, River",South America,Venezuela,River,-67.8124,5.3402
2020-02-23 22:20:42,58.132,0.068,13507,"Orinoco, River",South America,Venezuela,River,-67.8124,5.3402
2020-03-04 20:19:13,57.192,0.015,13507,"Orinoco, River",South America,Venezuela,River,-67.8124,5.3402
2020-03-14 18:17:45,56.588,0.07,13507,"Orinoco, River",South America,Venezuela,River,-67.8124,5.3402
2020-03-24 16:16:17,56.736,0.018,13507,"Orinoco, River",South America,Venezuela,River,-67.8124,5.3402
2020-04-03 14:14:49,56.443,0.001,13507,"Orinoco, River",South America,Venezuela,River,-67.8124,5.3402
2020-04-13 12:13:21,57.788,0.006,13507,"Orinoco, River",South America,Venezuela,River,-67.8124,5.3402
2020-04-23 10:11:52,58.062,0.002,13507,"Orinoco, River",South America,Venezuela,River,-67.8124,5.3402
2020-05-03 08:10:24,58.575,0.007,13507,"Orinoco, River",South America,Venezuela,River,-67.8124,5.3402
2020-05-13 06:08:56,60.788,0.006,13507,"Orinoco, River",South America,Venezuela,River,-67.8124,5.3402
2020-05-23 04:07:28,62.967,0.008,13507,"Orinoco, River",South America,Venezuela,River,-67.8124,5.3402
2020-06-02 02:05:59,64.256,0.003,13507,"Orinoco, River",South America,Venezuela,River,-67.8124,5.3402
2020-06-12 00:04:31,64.918,0.001,13507,"Orinoco, River",South America,Venezuela,River,-67.8124,5.3402
2020-06-21 22:03:02,65.654,0.002,13507,"Orinoco, River",South America,Venezuela,River,-67.8124,5.3402
2020-07-01 20:01:33,66.637,0.001,13507,"Orinoco, River",South America,Venezuela,River,-67.8124,5.3402
2020-07-11 18:00:04,67.337,0.004,13507,"Orinoco, River",South America,Venezuela,River,-67.8124,5.3402
2020-07-21 15:58:35,67.495,0.002,13507,"Orinoco, River",South America,Venezuela,River,-67.8124,5.3402
2020-07-31 13:57:07,67.978,0.002,13507,"Orinoco, River",South America,Venezuela,River,-67.8124,5.3402
2020-08-10 11:55:38,66.845,0.093,13507,"Orinoco, River",South America,Venezuela,River,-67.8124,5.3402
2020-08-20 09:54:10,66.898,0.003,13507,"Orinoco, River",South America,Venezuela,River,-67.8124,5.3402
2020-09-09 05:51:14,65.509,0.0,13507,"Orinoco, River",South America,Venezuela,River,-67.8124,5.3402
2020-09-19 03:49:45,64.755,0.003,13507,"Orinoco, River",South America,Venezuela,River,-67.8124,5.3402
2020-09-29 01:48:17,63.834,0.027,13507,"Orinoco, River",South America,Venezuela,River,-67.8124,5.3402
2020-10-08 23:46:48,64.082,0.0,13507,"Orinoco, River",South America,Venezuela,River,-67.8124,5.3402
2020-10-18 21:45:19,64.174,0.0,13507,"Orinoco, River",South America,Venezuela,River,-67.8124,5.3402
2020-11-07 17:42:22,63.723,0.051,13507,"Orinoco, River",South America,Venezuela,River,-67.8124,5.3402
2020-11-17 15:40:54,63.713,0.016,13507,"Orinoco, River",South America,Venezuela,River,-67.8124,5.3402
2020-11-27 13:39:25,63.037,0.024,13507,"Orinoco, River",South America,Venezuela,River,-67.8124,5.3402
2020-12-17 09:36:28,63.588,0.001,13507,"Orinoco, River",South America,Venezuela,River,-67.8124,5.3402
2020-12-27 07:35:19,62.425,0.035,13507,"Orinoco, River",South America,Venezuela,River,-67.8124,5.3402
2021-01-06 05:33:41,62.506,0.027,13507,"Orinoco, River",South America,Venezuela,River,-67.8124,5.3402
2021-01-16 03:32:13,61.552,0.001,13507,"Orinoco, River",South America,Venezuela,River,-67.8124,5.3402
2021-01-26 01:30:39,60.198,0.0,13507,"Orinoco, River",South America,Venezuela,River,-67.8124,5.3402
2021-02-04 23:29:19,59.193,0.007,13507,"Orinoco, River",South America,Venezuela,River,-67.8124,5.3402
2021-02-14 21:27:54,58.79,0.013,13507,"Orinoco, River",South America,Venezuela,River,-67.8124,5.3402
2021-02-24 19:26:25,58.156,0.007,13507,"Orinoco, River",South America,Venezuela,River,-67.8124,5.3402
2021-03-06 17:24:52,57.846,0.003,13507,"Orinoco, River",South America,Venezuela,River,-67.8124,5.3402
2021-03-16 15:23:26,58.471,0.01,13507,"Orinoco, River",South America,Venezuela,River,-67.8124,5.3402
2021-03-26 13:22:07,59.127,0.003,13507,"Orinoco, River",South America,Venezuela,River,-67.8124,5.3402
2021-04-05 11:20:29,60.323,0.001,13507,"Orinoco, River",South America,Venezuela,River,-67.8124,5.3402
2021-04-15 09:19:02,62.286,0.0,13507,"Orinoco, River",South America,Venezuela,River,-67.8124,5.3402
2021-04-25 07:17:25,63.706,0.004,13507,"Orinoco, River",South America,Venezuela,River,-67.8124,5.3402
2021-05-05 05:16:04,64.576,0.0,13507,"Orinoco, River",South America,Venezuela,River,-67.8124,5.3402
2021-05-15 03:14:34,65.448,0.0,13507,"Orinoco, River",South America,Venezuela,River,-67.8124,5.3402
2021-05-25 01:13:13,65.736,0.035,13507,"Orinoco, River",South America,Venezuela,River,-67.8124,5.3402
2021-06-03 23:11:39,67.483,0.002,13507,"Orinoco, River",South America,Venezuela,River,-67.8124,5.3402
2021-06-13 21:10:08,68.306,0.003,13507,"Orinoco, River",South America,Venezuela,River,-67.8124,5.3402
2021-06-23 19:08:42,68.323,0.0,13507,"Orinoco, River",South America,Venezuela,River,-67.8124,5.3402
2021-07-03 17:07:14,68.367,0.0,13507,"Orinoco, River",South America,Venezuela,River,-67.8124,5.3402
2021-07-13 15:05:43,68.382,0.0,13507,"Orinoco, River",South America,Venezuela,River,-67.8124,5.3402
2021-07-23 13:04:16,68.816,0.0,13507,"Orinoco, River",South America,Venezuela,River,-67.8124,5.3402
2021-08-02 11:02:49,69.047,0.0,13507,"Orinoco, River",South America,Venezuela,River,-67.8124,5.3402
2021-08-12 09:01:19,68.826,0.009,13507,"Orinoco, River",South America,Venezuela,River,-67.8124,5.3402
2021-08-22 06:59:48,68.353,0.008,13507,"Orinoco, River",South America,Venezuela,River,-67.8124,5.3402
2021-09-01 04:58:20,67.883,0.002,13507,"Orinoco, River",South America,Venezuela,River,-67.8124,5.3402
2021-09-11 02:56:56,67.864,0.001,13507,"Orinoco, River",South America,Venezuela,River,-67.8124,5.3402
2021-09-21 00:55:31,67.074,0.02,13507,"Orinoco, River",South America,Venezuela,River,-67.8124,5.3402
2021-09-30 22:53:57,66.927,0.0,13507,"Orinoco, River",South America,Venezuela,River,-67.8124,5.3402
2021-10-10 20:52:23,65.707,0.011,13507,"Orinoco, River",South America,Venezuela,River,-67.8124,5.3402
2021-10-20 18:51:15,64.644,0.021,13507,"Orinoco, River",South America,Venezuela,River,-67.8124,5.3402
2021-10-30 16:49:31,65.089,0.001,13507,"Orinoco, River",South America,Venezuela,River,-67.8124,5.3402
2021-11-09 14:48:06,64.576,0.001,13507,"Orinoco, River",South America,Venezuela,River,-67.8124,5.3402
2021-11-19 12:46:49,63.406,0.016,13507,"Orinoco, River",South America,Venezuela,River,-67.8124,5.3402
2021-11-29 10:45:01,62.59,0.005,13507,"Orinoco, River",South America,Venezuela,River,-67.8124,5.3402
2021-12-09 08:43:40,61.63,0.006,13507,"Orinoco, River",South America,Venezuela,River,-67.8124,5.3402
2021-12-19 06:42:24,61.127,0.037,13507,"Orinoco, River",South America,Venezuela,River,-67.8124,5.3402
2021-12-29 04:40:46,60.792,0.032,13507,"Orinoco, River",South America,Venezuela,River,-67.8124,5.3402
2022-01-08 02:39:18,59.397,0.003,13507,"Orinoco, River",South America,Venezuela,River,-67.8124,5.3402
2022-01-18 00:37:44,58.088,0.0,13507,"Orinoco, River",South America,Venezuela,River,-67.8124,5.3402
2022-01-27 22:36:17,58.051,0.004,13507,"Orinoco, River",South America,Venezuela,River,-67.8124,5.3402
2022-02-06 20:34:55,57.613,0.002,13507,"Orinoco, River",South America,Venezuela,River,-67.8124,5.3402
2022-02-16 18:33:17,57.281,0.0,13507,"Orinoco, River",South America,Venezuela,River,-67.8124,5.3402
2022-02-26 16:31:56,57.251,0.009,13507,"Orinoco, River",South America,Venezuela,River,-67.8124,5.3402
2022-03-08 14:30:23,58.546,0.01,13507,"Orinoco, River",South America,Venezuela,River,-67.8124,5.3402
2022-03-18 12:28:53,59.02,0.005,13507,"Orinoco, River",South America,Venezuela,River,-67.8124,5.3402
2022-03-28 10:27:31,60.807,0.004,13507,"Orinoco, River",South America,Venezuela,River,-67.8124,5.3402
2022-04-07 08:26:04,61.025,0.0,13507,"Orinoco, River",South America,Venezuela,River,-67.8124,5.3402
2022-04-17 06:24:41,60.582,0.012,13507,"Orinoco, River",South America,Venezuela,River,-67.8124,5.3402
2022-04-27 04:23:13,61.522,0.002,13507,"Orinoco, River",South America,Venezuela,River,-67.8124,5.3402
2022-05-17 00:20:16,64.733,0.003,13507,"Orinoco, River",South America,Venezuela,River,-67.8124,5.3402
2022-05-26 22:18:48,66.181,0.014,13507,"Orinoco, River",South America,Venezuela,River,-67.8124,5.3402
2022-06-05 20:17:18,66.733,0.057,13507,"Orinoco, River",South America,Venezuela,River,-67.8124,5.3402
2022-06-15 18:15:49,67.107,0.081,13507,"Orinoco, River",South America,Venezuela,River,-67.8124,5.3402
2022-06-25 16:14:21,67.846,0.001,13507,"Orinoco, River",South America,Venezuela,River,-67.8124,5.3402
2022-07-05 14:12:53,68.409,0.0,13507,"Orinoco, River",South America,Venezuela,River,-67.8124,5.3402
2022-07-15 12:11:25,68.827,0.009,13507,"Orinoco, River",South America,Venezuela,River,-67.8124,5.3402
2022-07-25 10:09:57,69.136,0.02,13507,"Orinoco, River",South America,Venezuela,River,-67.8124,5.3402
2022-08-04 08:08:29,69.007,0.069,13507,"Orinoco, River",South America,Venezuela,River,-67.8124,5.3402
2022-08-14 06:07:00,68.899,0.005,13507,"Orinoco, River",South America,Venezuela,River,-67.8124,5.3402
2022-08-24 04:05:32,68.638,0.012,13507,"Orinoco, River",South America,Venezuela,River,-67.8124,5.3402
2022-09-03 02:04:03,68.065,0.002,13507,"Orinoco, River",South America,Venezuela,River,-67.8124,5.3402
2022-09-13 00:02:35,67.787,0.01,13507,"Orinoco, River",South America,Venezuela,River,-67.8124,5.3402
2022-09-22 22:01:06,66.963,0.004,13507,"Orinoco, River",South America,Venezuela,River,-67.8124,5.3402
2022-10-02 19:59:37,65.343,0.0,13507,"Orinoco, River",South America,Venezuela,River,-67.8124,5.3402
2022-10-12 17:58:08,64.383,0.014,13507,"Orinoco, River",South America,Venezuela,River,-67.8124,5.3402
2022-10-22 15:56:40,64.331,0.016,13507,"Orinoco, River",South America,Venezuela,River,-67.8124,5.3402
2022-11-01 13:55:13,64.298,0.016,13507,"Orinoco, River",South America,Venezuela,River,-67.8124,5.3402
2022-11-11 11:53:45,63.929,0.011,13507,"Orinoco, River",South America,Venezuela,River,-67.8124,5.3402
2022-11-21 09:52:17,64.236,0.002,13507,"Orinoco, River",South America,Venezuela,River,-67.8124,5.3402
2022-12-01 07:50:49,63.619,0.037,13507,"Orinoco, River",South America,Venezuela,River,-67.8124,5.3402
2022-12-11 05:49:21,63.277,0.001,13507,"Orinoco, River",South America,Venezuela,River,-67.8124,5.3402
2022-12-21 03:47:52,61.458,0.014,13507,"Orinoco, River",South America,Venezuela,River,-67.8124,5.3402
2022-12-31 01:46:22,59.429,0.006,13507,"Orinoco, River",South America,Venezuela,River,-67.8124,5.3402
2023-01-09 23:44:53,58.971,0.016,13507,"Orinoco, River",South America,Venezuela,River,-67.8124,5.3402
2023-01-19 21:43:24,59.886,0.009,13507,"Orinoco, River",South America,Venezuela,River,-67.8124,5.3402
2023-01-29 19:41:56,59.563,0.015,13507,"Orinoco, River",South America,Venezuela,River,-67.8124,5.3402
2023-02-08 17:40:29,58.022,0.001,13507,"Orinoco, River",South America,Venezuela,River,-67.8124,5.3402
2023-02-18 15:39:01,58.188,0.008,13507,"Orinoco, River",South America,Venezuela,River,-67.8124,5.3402
2023-02-28 13:37:33,57.886,0.011,13507,"Orinoco, River",South America,Venezuela,River,-67.8124,5.3402
2023-03-10 11:36:05,58.023,0.013,13507,"Orinoco, River",South America,Venezuela,River,-67.8124,5.3402
2023-03-20 09:34:37,58.837,0.002,13507,"Orinoco, River",South America,Venezuela,River,-67.8124,5.3402
2023-03-30 07:33:08,58.865,0.0,13507,"Orinoco, River",South America,Venezuela,River,-67.8124,5.3402
2023-04-09 05:31:39,58.649,0.018,13507,"Orinoco, River",South America,Venezuela,River,-67.8124,5.3402
2023-04-19 03:30:11,59.089,0.045,13507,"Orinoco, River",South America,Venezuela,River,-67.8124,5.3402
2023-05-18 21:25:43,63.355,0.001,13507,"Orinoco, River",South America,Venezuela,River,-67.8124,5.3402
2023-05-28 19:24:15,64.77,0.023,13507,"Orinoco, River",South America,Venezuela,River,-67.8124,5.3402
2023-06-07 17:22:47,65.437,0.032,13507,"Orinoco, River",South America,Venezuela,River,-67.8124,5.3402
2023-06-27 13:19:51,66.442,0.007,13507,"Orinoco, River",South America,Venezuela,River,-67.8124,5.3402
2023-07-07 11:18:22,66.854,0.001,13507,"Orinoco, River",South America,Venezuela,River,-67.8124,5.3402
2023-07-17 09:16:54,67.514,0.003,13507,"Orinoco, River",South America,Venezuela,River,-67.8124,5.3402
2023-07-27 07:15:25,67.718,0.002,13507,"Orinoco, River",South America,Venezuela,River,-67.8124,5.3402
2023-08-06 05:13:56,67.971,0.002,13507,"Orinoco, River",South America,Venezuela,River,-67.8124,5.3402
2023-08-16 03:12:28,67.819,0.008,13507,"Orinoco, River",South America,Venezuela,River,-67.8124,5.3402
2023-08-26 01:11:01,67.018,0.059,13507,"Orinoco, River",South America,Venezuela,River,-67.8124,5.3402
2023-09-04 23:09:33,65.831,0.06,13507,"Orinoco, River",South America,Venezuela,River,-67.8124,5.3402
2023-09-14 21:08:04,64.44,0.002,13507,"Orinoco, River",South America,Venezuela,River,-67.8124,5.3402
2023-09-24 19:06:36,63.059,0.0,13507,"Orinoco, River",South America,Venezuela,River,-67.8124,5.3402
2023-10-04 17:05:08,62.808,0.023,13507,"Orinoco, River",South America,Venezuela,River,-67.8124,5.3402
2023-10-14 15:03:40,61.194,0.017,13507,"Orinoco, River",South America,Venezuela,River,-67.8124,5.3402
2023-10-24 13:02:11,61.395,0.005,13507,"Orinoco, River",South America,Venezuela,River,-67.8124,5.3402
2023-11-03 11:00:42,61.185,0.009,13507,"Orinoco, River",South America,Venezuela,River,-67.8124,5.3402
2023-11-13 08:59:13,61.024,0.006,13507,"Orinoco, River",South America,Venezuela,River,-67.8124,5.3402
2023-11-23 06:57:44,61.224,0.003,13507,"Orinoco, River",South America,Venezuela,River,-67.8124,5.3402
2023-12-03 04:56:15,61.09,0.004,13507,"Orinoco, River",South America,Venezuela,River,-67.8124,5.3402
2023-12-13 02:54:48,59.76,0.013,13507,"Orinoco, River",South America,Venezuela,River,-67.8124,5.3402
2023-12-23 00:53:20,59.156,0.005,13507,"Orinoco, River",South America,Venezuela,River,-67.8124,5.3402
2024-01-01 22:51:52,59.609,0.0,13507,"Orinoco, River",South America,Venezuela,River,-67.8124,5.3402
2024-01-11 20:50:23,59.041,0.003,13507,"Orinoco, River",South America,Venezuela,River,-67.8124,5.3402
2024-01-21 18:48:55,58.295,0.002,13507,"Orinoco, River",South America,Venezuela,River,-67.8124,5.3402
2024-01-31 16:47:26,57.607,0.008,13507,"Orinoco, River",South America,Venezuela,River,-67.8124,5.3402
2024-02-20 12:44:29,57.559,0.013,13507,"Orinoco, River",South America,Venezuela,River,-67.8124,5.3402
2024-03-21 06:40:04,56.595,0.089,13507,"Orinoco, River",South America,Venezuela,River,-67.8124,5.3402
2024-03-31 04:38:36,57.385,0.018,13507,"Orinoco, River",South America,Venezuela,River,-67.8124,5.3402
2024-04-10 02:37:08,57.873,0.001,13507,"Orinoco, River",South America,Venezuela,River,-67.8124,5.3402
2024-04-20 00:35:40,58.291,0.03,13507,"Orinoco, River",South America,Venezuela,River,-67.8124,5.3402
2024-04-29 22:34:12,59.163,0.018,13507,"Orinoco, River",South America,Venezuela,River,-67.8124,5.3402
2024-05-09 20:32:43,61.785,0.034,13507,"Orinoco, River",South America,Venezuela,River,-67.8124,5.3402
2024-05-19 18:31:14,64.371,0.012,13507,"Orinoco, River",South America,Venezuela,River,-67.8124,5.3402
2024-05-29 16:29:45,65.158,0.004,13507,"Orinoco, River",South America,Venezuela,River,-67.8124,5.3402
2024-06-08 14:28:17,66.511,0.005,13507,"Orinoco, River",South America,Venezuela,River,-67.8124,5.3402
2024-06-18 12:26:50,67.319,0.038,13507,"Orinoco, River",South America,Venezuela,River,-67.8124,5.3402
2024-06-28 10:25:22,68.029,0.001,13507,"Orinoco, River",South America,Venezuela,River,-67.8124,5.3402
2024-07-08 08:23:54,68.481,0.017,13507,"Orinoco, River",South America,Venezuela,River,-67.8124,5.3402
2024-07-18 06:22:26,68.455,0.006,13507,"Orinoco, River",South America,Venezuela,River,-67.8124,5.3402
2024-07-28 04:20:57,68.83,0.004,13507,"Orinoco, River",South America,Venezuela,River,-67.8124,5.3402
2024-08-07 02:19:29,68.342,0.002,13507,"Orinoco, River",South America,Venezuela,River,-67.8124,5.3402
2024-08-17 00:18:00,67.923,0.0,13507,"Orinoco, River",South America,Venezuela,River,-67.8124,5.3402
2024-08-26 22:16:31,66.927,0.004,13507,"Orinoco, River",South America,Venezuela,River,-67.8124,5.3402
2024-09-05 20:15:02,66.153,0.004,13507,"Orinoco, River",South America,Venezuela,River,-67.8124,5.3402
2024-09-15 18:13:32,65.074,0.005,13507,"Orinoco, River",South America,Venezuela,River,-67.8124,5.3402
2024-09-25 16:12:05,63.595,0.022,13507,"Orinoco, River",South America,Venezuela,River,-67.8124,5.3402
2024-10-05 14:10:38,62.487,0.01,13507,"Orinoco, River",South America,Venezuela,River,-67.8124,5.3402
2024-10-15 12:09:10,61.841,0.0,13507,"Orinoco, River",South America,Venezuela,River,-67.8124,5.3402
2024-10-25 10:07:42,60.831,0.04,13507,"Orinoco, River",South America,Venezuela,River,-67.8124,5.3402
2024-11-04 08:06:13,61.133,0.021,13507,"Orinoco, River",South America,Venezuela,River,-67.8124,5.3402
2024-11-14 06:04:44,60.745,0.005,13507,"Orinoco, River",South America,Venezuela,River,-67.8124,5.3402
2024-11-24 04:03:16,61.482,0.0,13507,"Orinoco, River",South America,Venezuela,River,-67.8124,5.3402
2024-12-04 02:01:46,62.386,0.036,13507,"Orinoco, River",South America,Venezuela,River,-67.8124,5.3402
2024-12-14 00:00:17,61.042,0.002,13507,"Orinoco, River",South America,Venezuela,River,-67.8124,5.3402
2024-12-23 21:58:50,60.029,0.013,13507,"Orinoco, River",South America,Venezuela,River,-67.8124,5.3402
2025-01-12 17:55:54,61.008,0.002,13507,"Orinoco, River",South America,Venezuela,River,-67.8124,5.3402
2025-01-22 15:54:26,59.328,0.017,13507,"Orinoco, River",South America,Venezuela,River,-67.8124,5.3402
2025-02-01 13:52:58,59.1,0.0,13507,"Orinoco, River",South America,Venezuela,River,-67.8124,5.3402
2025-02-11 11:51:30,58.122,0.031,13507,"Orinoco, River",South America,Venezuela,River,-67.8124,5.3402
2025-02-21 09:50:01,58.021,0.028,13507,"Orinoco, River",South America,Venezuela,River,-67.8124,5.3402
2025-03-03 07:48:32,58.555,0.029,13507,"Orinoco, River",South America,Venezuela,River,-67.8124,5.3402
2025-03-13 05:47:03,58.294,0.038,13507,"Orinoco, River",South America,Venezuela,River,-67.8124,5.3402
2025-03-23 03:45:35,59.74,0.001,13507,"Orinoco, River",South America,Venezuela,River,-67.8124,5.3402
2025-04-02 01:44:07,60.274,0.002,13507,"Orinoco, River",South America,Venezuela,River,-67.8124,5.3402
2025-04-11 23:42:39,61.802,0.003,13507,"Orinoco, River",South America,Venezuela,River,-67.8124,5.3402
2025-04-21 21:41:11,62.807,0.023,13507,"Orinoco, River",South America,Venezuela,River,-67.8124,5.3402
2025-05-01 19:39:43,62.674,0.022,13507,"Orinoco, River",South America,Venezuela,River,-67.8124,5.3402
2025-05-11 17:38:14,64.156,0.011,13507,"Orinoco, River",South America,Venezuela,River,-67.8124,5.3402
2025-05-21 15:36:46,65.259,0.016,13507,"Orinoco, River",South America,Venezuela,River,-67.8124,5.3402
2025-05-31 13:35:17,66.79,0.002,13507,"Orinoco, River",South America,Venezuela,River,-67.8124,5.3402
2025-06-10 11:33:48,67.827,0.001,13507,"Orinoco, River",South America,Venezuela,River,-67.8124,5.3402
2025-06-20 09:32:19,68.702,0.004,13507,"Orinoco, River",South America,Venezuela,River,-67.8124,5.3402
2025-06-30 07:30:51,69.223,0.065,13507,"Orinoco, River",South America,Venezuela,River,-67.8124,5.3402
2025-07-20 03:27:55,70.041,0.001,13507,"Orinoco, River",South America,Venezuela,River,-67.8124,5.3402
2025-07-30 01:26:27,70.441,0.0,13507,"Orinoco, River",South America,Venezuela,River,-67.8124,5.3402
2025-08-08 23:24:59,70.12,0.0,13507,"Orinoco, River",South America,Venezuela,River,-67.8124,5.3402
2025-08-18 21:23:30,69.081,0.053,13507,"Orinoco, River",South America,Venezuela,River,-67.8124,5.3402
2025-08-28 19:22:02,68.703,0.042,13507,"Orinoco, River",South America,Venezuela,River,-67.8124,5.3402
2025-09-07 17:20:33,68.972,0.0,13507,"Orinoco, River",South America,Venezuela,River,-67.8124,5.3402
2025-09-17 15:19:05,68.27,0.003,13507,"Orinoco, River",South America,Venezuela,River,-67.8124,5.3402
2025-09-27 13:17:36,67.198,0.031,13507,"Orinoco, River",South America,Venezuela,River,-67.8124,5.3402
2025-10-07 11:16:07,66.349,0.001,13507,"Orinoco, River",South America,Venezuela,River,-67.8124,5.3402
2025-10-17 09:14:39,65.431,0.002,13507,"Orinoco, River",South America,Venezuela,River,-67.8124,5.3402
2025-10-27 07:13:11,65.224,0.002,13507,"Orinoco, River",South America,Venezuela,River,-67.8124,5.3402
2025-11-06 05:11:43,64.486,0.017,13507,"Orinoco, River",South America,Venezuela,River,-67.8124,5.3402
2025-11-16 03:10:15,64.168,0.0,13507,"Orinoco, River",South America,Venezuela,River,-67.8124,5.3402
2018-12-16 14:22:25,14.366,0.001,17628,"Orinoco, River",South America,Venezuela,River,-64.4803,7.8031
2019-01-12 14:22:28,10.929,0.083,17628,"Orinoco, River",South America,Venezuela,River,-64.4803,7.8031
2019-04-30 14:22:34,11.497,0.033,17628,"Orinoco, River",South America,Venezuela,River,-64.4803,7.8031
2019-05-27 14:22:30,16.448,0.01,17628,"Orinoco, River",South America,Venezuela,River,-64.4803,7.8031
2019-06-23 14:22:27,19.477,0.037,17628,"Orinoco, River",South America,Venezuela,River,-64.4803,7.8031
2019-07-20 14:22:30,22.21,0.003,17628,"Orinoco, River",South America,Venezuela,River,-64.4803,7.8031
2019-08-16 14:22:30,23.598,0.018,17628,"Orinoco, River",South America,Venezuela,River,-64.4803,7.8031
2019-09-12 14:22:29,23.536,0.083,17628,"Orinoco, River",South America,Venezuela,River,-64.4803,7.8031
2019-10-09 14:22:27,20.552,0.009,17628,"Orinoco, River",South America,Venezuela,River,-64.4803,7.8031
2019-11-05 14:22:29,18.825,0.006,17628,"Orinoco, River",South America,Venezuela,River,-64.4803,7.8031
2019-12-29 14:22:30,14.8,0.029,17628,"Orinoco, River",South America,Venezuela,River,-64.4803,7.8031
2020-01-25 14:22:28,12.129,0.032,17628,"Orinoco, River",South America,Venezuela,River,-64.4803,7.8031
2020-02-21 14:22:29,10.284,0.026,17628,"Orinoco, River",South America,Venezuela,River,-64.4803,7.8031
2020-03-19 14:22:31,9.382,0.008,17628,"Orinoco, River",South America,Venezuela,River,-64.4803,7.8031
2020-04-15 14:22:32,9.653,0.175,17628,"Orinoco, River",South America,Venezuela,River,-64.4803,7.8031
2020-05-12 14:22:36,10.307,0.186,17628,"Orinoco, River",South America,Venezuela,River,-64.4803,7.8031
2020-06-08 14:22:39,16.44,0.003,17628,"Orinoco, River",South America,Venezuela,River,-64.4803,7.8031
2020-07-05 14:22:41,18.875,0.165,17628,"Orinoco, River",South America,Venezuela,River,-64.4803,7.8031
2020-08-01 14:22:41,21.134,0.079,17628,"Orinoco, River",South America,Venezuela,River,-64.4803,7.8031
2020-08-28 14:22:41,21.139,0.133,17628,"Orinoco, River",South America,Venezuela,River,-64.4803,7.8031
2020-09-24 14:22:39,19.436,0.036,17628,"Orinoco, River",South America,Venezuela,River,-64.4803,7.8031
2020-10-21 14:22:40,18.429,0.003,17628,"Orinoco, River",South America,Venezuela,River,-64.4803,7.8031
2020-11-17 14:22:43,17.832,0.018,17628,"Orinoco, River",South America,Venezuela,River,-64.4803,7.8031
2020-12-14 14:22:41,17.575,0.001,17628,"Orinoco, River",South America,Venezuela,River,-64.4803,7.8031
2021-01-10 14:22:42,14.829,0.009,17628,"Orinoco, River",South America,Venezuela,River,-64.4803,7.8031
2021-03-05 14:22:41,10.451,0.221,17628,"Orinoco, River",South America,Venezuela,River,-64.4803,7.8031
2021-04-01 14:22:41,12.053,0.178,17628,"Orinoco, River",South America,Venezuela,River,-64.4803,7.8031
2021-04-28 14:22:42,15.669,0.045,17628,"Orinoco, River",South America,Venezuela,River,-64.4803,7.8031
2021-05-25 14:22:45,18.59,0.15,17628,"Orinoco, River",South America,Venezuela,River,-64.4803,7.8031
2021-06-21 14:22:50,21.516,0.101,17628,"Orinoco, River",South America,Venezuela,River,-64.4803,7.8031
2021-07-18 14:22:50,22.622,0.004,17628,"Orinoco, River",South America,Venezuela,River,-64.4803,7.8031
2021-08-14 14:22:53,24.291,0.142,17628,"Orinoco, River",South America,Venezuela,River,-64.4803,7.8031
2021-09-10 14:22:52,23.998,0.055,17628,"Orinoco, River",South America,Venezuela,River,-64.4803,7.8031
2021-11-03 14:22:48,19.619,0.334,17628,"Orinoco, River",South America,Venezuela,River,-64.4803,7.8031
2021-11-30 14:22:47,16.427,0.001,17628,"Orinoco, River",South America,Venezuela,River,-64.4803,7.8031
2021-12-27 14:22:49,14.423,0.016,17628,"Orinoco, River",South America,Venezuela,River,-64.4803,7.8031
2022-01-23 14:22:45,10.218,0.394,17628,"Orinoco, River",South America,Venezuela,River,-64.4803,7.8031
2022-02-19 14:22:47,10.327,0.113,17628,"Orinoco, River",South America,Venezuela,River,-64.4803,7.8031
2022-03-18 14:22:47,10.122,0.879,17628,"Orinoco, River",South America,Venezuela,River,-64.4803,7.8031
2022-04-14 14:22:49,12.459,0.006,17628,"Orinoco, River",South America,Venezuela,River,-64.4803,7.8031
2022-05-11 14:22:54,15.601,0.03,17628,"Orinoco, River",South America,Venezuela,River,-64.4803,7.8031
2022-06-07 14:22:58,19.042,0.067,17628,"Orinoco, River",South America,Venezuela,River,-64.4803,7.8031
2022-07-04 14:22:59,22.433,0.036,17628,"Orinoco, River",South America,Venezuela,River,-64.4803,7.8031
2022-07-31 14:23:01,23.945,0.055,17628,"Orinoco, River",South America,Venezuela,River,-64.4803,7.8031
2022-08-27 14:23:02,24.378,0.012,17628,"Orinoco, River",South America,Venezuela,River,-64.4803,7.8031
2022-09-23 14:22:58,23.311,0.012,17628,"Orinoco, River",South America,Venezuela,River,-64.4803,7.8031
2022-10-20 14:22:58,20.059,0.055,17628,"Orinoco, River",South America,Venezuela,River,-64.4803,7.8031
2022-11-16 14:23:01,19.837,0.002,17628,"Orinoco, River",South America,Venezuela,River,-64.4803,7.8031
2022-12-13 14:23:01,17.579,0.062,17628,"Orinoco, River",South America,Venezuela,River,-64.4803,7.8031
2023-01-09 14:22:58,13.25,0.01,17628,"Orinoco, River",South America,Venezuela,River,-64.4803,7.8031
2023-02-05 14:23:00,12.002,0.065,17628,"Orinoco, River",South America,Venezuela,River,-64.4803,7.8031
2023-03-04 14:23:00,11.099,0.896,17628,"Orinoco, River",South America,Venezuela,River,-64.4803,7.8031
2023-03-31 14:22:59,11.325,0.038,17628,"Orinoco, River",South America,Venezuela,River,-64.4803,7.8031
2023-05-24 14:23:06,15.697,0.057,17628,"Orinoco, River",South America,Venezuela,River,-64.4803,7.8031
2023-06-20 14:23:08,19.692,0.019,17628,"Orinoco, River",South America,Venezuela,River,-64.4803,7.8031
2023-08-13 14:23:11,22.95,0.058,17628,"Orinoco, River",South America,Venezuela,River,-64.4803,7.8031
2023-11-02 14:23:12,15.792,0.029,17628,"Orinoco, River",South America,Venezuela,River,-64.4803,7.8031
2023-11-29 14:23:12,14.925,0.022,17628,"Orinoco, River",South America,Venezuela,River,-64.4803,7.8031
2023-12-26 14:23:10,12.301,0.05,17628,"Orinoco, River",South America,Venezuela,River,-64.4803,7.8031
2024-02-18 14:23:11,10.423,0.202,17628,"Orinoco, River",South America,Venezuela,River,-64.4803,7.8031
2024-03-16 14:23:10,9.483,0.038,17628,"Orinoco, River",South America,Venezuela,River,-64.4803,7.8031
2024-04-12 14:23:12,9.273,0.583,17628,"Orinoco, River",South America,Venezuela,River,-64.4803,7.8031
2024-05-09 14:23:18,13.07,0.007,17628,"Orinoco, River",South America,Venezuela,River,-64.4803,7.8031
2024-06-05 14:23:22,18.822,0.043,17628,"Orinoco, River",South America,Venezuela,River,-64.4803,7.8031
2024-07-02 14:23:23,22.192,0.028,17628,"Orinoco, River",South America,Venezuela,River,-64.4803,7.8031
2024-07-29 14:23:24,23.693,0.576,17628,"Orinoco, River",South America,Venezuela,River,-64.4803,7.8031
2024-08-25 14:23:24,24.052,0.055,17628,"Orinoco, River",South America,Venezuela,River,-64.4803,7.8031
2024-09-21 14:23:21,21.159,0.034,17628,"Orinoco, River",South America,Venezuela,River,-64.4803,7.8031
2024-10-18 14:23:21,17.533,0.045,17628,"Orinoco, River",South America,Venezuela,River,-64.4803,7.8031
2024-11-14 14:23:22,15.6,0.045,17628,"Orinoco, River",South America,Venezuela,River,-64.4803,7.8031
2024-12-11 14:23:23,15.714,0.024,17628,"Orinoco, River",South America,Venezuela,River,-64.4803,7.8031
2025-01-07 14:23:20,14.344,0.891,17628,"Orinoco, River",South America,Venezuela,River,-64.4803,7.8031
2025-02-03 14:23:19,12.396,0.111,17628,"Orinoco, River",South America,Venezuela,River,-64.4803,7.8031
2025-03-29 14:23:21,11.336,0.857,17628,"Orinoco, River",South America,Venezuela,River,-64.4803,7.8031
2025-04-25 14:23:22,15.329,0.015,17628,"Orinoco, River",South America,Venezuela,River,-64.4803,7.8031
2025-06-18 14:23:33,21.871,0.119,17628,"Orinoco, River",South America,Venezuela,River,-64.4803,7.8031
2025-10-04 14:23:32,23.692,0.015,17628,"Orinoco, River",South America,Venezuela,River,-64.4803,7.8031
2025-10-31 14:23:37,20.487,0.048,17628,"Orinoco, River",South America,Venezuela,River,-64.4803,7.8031
2025-11-27 14:23:39,17.495,0.035,17628,"Orinoco, River",South America,Venezuela,River,-64.4803,7.8031
2016-05-16 02:02:58,2.996,0.025,19805,"Orinoco, River",South America,Venezuela,River,-62.0915,8.7018
2016-06-12 02:02:58,4.515,0.007,19805,"Orinoco, River",South America,Venezuela,River,-62.0915,8.7018
2016-07-09 02:02:59,5.654,0.092,19805,"Orinoco, River",South America,Venezuela,River,-62.0915,8.7018
2016-08-05 02:02:58,6.793,0.022,19805,"Orinoco, River",South America,Venezuela,River,-62.0915,8.7018
2016-09-01 02:02:56,7.004,0.07,19805,"Orinoco, River",South America,Venezuela,River,-62.0915,8.7018
2016-09-28 02:03:02,6.866,0.005,19805,"Orinoco, River",South America,Venezuela,River,-62.0915,8.7018
2016-10-25 02:03:00,5.284,0.037,19805,"Orinoco, River",South America,Venezuela,River,-62.0915,8.7018
2016-11-21 02:02:58,3.624,0.002,19805,"Orinoco, River",South America,Venezuela,River,-62.0915,8.7018
2016-12-18 02:02:56,3.287,0.018,19805,"Orinoco, River",South America,Venezuela,River,-62.0915,8.7018
2017-01-14 02:02:59,2.553,0.008,19805,"Orinoco, River",South America,Venezuela,River,-62.0915,8.7018
2017-02-10 02:02:59,1.996,0.094,19805,"Orinoco, River",South America,Venezuela,River,-62.0915,8.7018
2017-03-09 02:02:57,1.256,0.051,19805,"Orinoco, River",South America,Venezuela,River,-62.0915,8.7018
2017-04-05 02:03:01,0.963,0.141,19805,"Orinoco, River",South America,Venezuela,River,-62.0915,8.7018
2017-05-02 02:03:04,1.66,0.169,19805,"Orinoco, River",South America,Venezuela,River,-62.0915,8.7018
2017-05-29 02:03:08,4.146,0.008,19805,"Orinoco, River",South America,Venezuela,River,-62.0915,8.7018
2017-06-25 02:03:07,5.218,0.001,19805,"Orinoco, River",South America,Venezuela,River,-62.0915,8.7018
2017-07-22 02:03:05,7.101,0.023,19805,"Orinoco, River",South America,Venezuela,River,-62.0915,8.7018
2017-08-18 02:03:02,7.552,0.011,19805,"Orinoco, River",South America,Venezuela,River,-62.0915,8.7018
2017-09-14 02:03:00,6.909,0.043,19805,"Orinoco, River",South America,Venezuela,River,-62.0915,8.7018
2017-10-11 02:03:04,5.331,0.029,19805,"Orinoco, River",South America,Venezuela,River,-62.0915,8.7018
2017-11-07 02:03:05,4.897,0.008,19805,"Orinoco, River",South America,Venezuela,River,-62.0915,8.7018
2017-12-04 02:03:01,2.847,0.033,19805,"Orinoco, River",South America,Venezuela,River,-62.0915,8.7018
2017-12-31 02:03:04,2.624,0.121,19805,"Orinoco, River",South America,Venezuela,River,-62.0915,8.7018
2018-01-27 02:03:06,1.178,0.029,19805,"Orinoco, River",South America,Venezuela,River,-62.0915,8.7018
2018-02-23 02:03:06,0.796,0.213,19805,"Orinoco, River",South America,Venezuela,River,-62.0915,8.7018
2018-03-22 02:03:04,0.808,0.117,19805,"Orinoco, River",South America,Venezuela,River,-62.0915,8.7018
2018-04-18 02:03:08,1.178,0.087,19805,"Orinoco, River",South America,Venezuela,River,-62.0915,8.7018
2018-05-15 02:03:09,3.136,0.082,19805,"Orinoco, River",South America,Venezuela,River,-62.0915,8.7018
2018-06-11 02:03:10,4.588,0.046,19805,"Orinoco, River",South America,Venezuela,River,-62.0915,8.7018
2018-07-08 02:03:09,7.242,0.052,19805,"Orinoco, River",South America,Venezuela,River,-62.0915,8.7018
2018-08-04 02:03:06,7.554,0.054,19805,"Orinoco, River",South America,Venezuela,River,-62.0915,8.7018
2018-08-31 02:03:03,8.32,0.053,19805,"Orinoco, River",South America,Venezuela,River,-62.0915,8.7018
2018-09-27 02:03:08,7.722,0.024,19805,"Orinoco, River",South America,Venezuela,River,-62.0915,8.7018
2018-10-24 02:03:10,6.229,0.024,19805,"Orinoco, River",South America,Venezuela,River,-62.0915,8.7018
2018-11-20 02:03:08,3.666,0.049,19805,"Orinoco, River",South America,Venezuela,River,-62.0915,8.7018
2018-12-17 02:03:04,2.344,0.077,19805,"Orinoco, River",South America,Venezuela,River,-62.0915,8.7018
2019-02-09 02:03:08,0.817,0.016,19805,"Orinoco, River",South America,Venezuela,River,-62.0915,8.7018
2019-03-08 02:03:06,1.21,0.11,19805,"Orinoco, River",South America,Venezuela,River,-62.0915,8.7018
2019-04-04 02:03:11,0.957,0.096,19805,"Orinoco, River",South America,Venezuela,River,-62.0915,8.7018
2019-05-01 02:03:14,1.128,0.032,19805,"Orinoco, River",South America,Venezuela,River,-62.0915,8.7018
2019-05-28 02:03:14,2.591,0.027,19805,"Orinoco, River",South America,Venezuela,River,-62.0915,8.7018
2019-06-24 02:03:13,4.481,0.07,19805,"Orinoco, River",South America,Venezuela,River,-62.0915,8.7018
2019-07-21 02:03:13,6.572,0.209,19805,"Orinoco, River",South America,Venezuela,River,-62.0915,8.7018
2019-08-17 02:03:10,7.531,0.038,19805,"Orinoco, River",South America,Venezuela,River,-62.0915,8.7018
2019-09-13 02:03:10,7.255,0.05,19805,"Orinoco, River",South America,Venezuela,River,-62.0915,8.7018
2019-10-10 02:03:12,5.634,0.04,19805,"Orinoco, River",South America,Venezuela,River,-62.0915,8.7018
2019-11-06 02:03:11,4.322,0.009,19805,"Orinoco, River",South America,Venezuela,River,-62.0915,8.7018
2019-12-03 02:03:07,3.167,0.029,19805,"Orinoco, River",South America,Venezuela,River,-62.0915,8.7018
2019-12-30 02:03:09,2.495,0.067,19805,"Orinoco, River",South America,Venezuela,River,-62.0915,8.7018
2020-01-26 02:03:11,1.634,0.078,19805,"Orinoco, River",South America,Venezuela,River,-62.0915,8.7018
2020-02-22 02:03:10,1.428,0.012,19805,"Orinoco, River",South America,Venezuela,River,-62.0915,8.7018
2020-03-20 02:03:11,0.801,0.147,19805,"Orinoco, River",South America,Venezuela,River,-62.0915,8.7018
2020-05-13 02:03:18,0.73,0.08,19805,"Orinoco, River",South America,Venezuela,River,-62.0915,8.7018
2020-06-09 02:03:17,2.97,0.014,19805,"Orinoco, River",South America,Venezuela,River,-62.0915,8.7018
2020-07-06 02:03:17,4.514,0.033,19805,"Orinoco, River",South America,Venezuela,River,-62.0915,8.7018
2020-08-02 02:03:16,5.918,0.008,19805,"Orinoco, River",South America,Venezuela,River,-62.0915,8.7018
2020-08-29 02:03:12,6.799,0.037,19805,"Orinoco, River",South America,Venezuela,River,-62.0915,8.7018
2020-09-25 02:03:15,5.119,0.01,19805,"Orinoco, River",South America,Venezuela,River,-62.0915,8.7018
2020-10-22 02:03:16,4.051,0.036,19805,"Orinoco, River",South America,Venezuela,River,-62.0915,8.7018
2020-11-18 02:03:13,4.052,0.039,19805,"Orinoco, River",South America,Venezuela,River,-62.0915,8.7018
2020-12-15 02:03:09,4.215,0.007,19805,"Orinoco, River",South America,Venezuela,River,-62.0915,8.7018
2021-01-11 02:03:15,2.856,0.037,19805,"Orinoco, River",South America,Venezuela,River,-62.0915,8.7018
2021-02-07 02:03:17,1.328,0.043,19805,"Orinoco, River",South America,Venezuela,River,-62.0915,8.7018
2021-03-06 02:03:15,0.771,0.394,19805,"Orinoco, River",South America,Venezuela,River,-62.0915,8.7018
2021-04-02 02:03:17,0.838,0.042,19805,"Orinoco, River",South America,Venezuela,River,-62.0915,8.7018
2021-04-29 02:03:21,3.304,0.03,19805,"Orinoco, River",South America,Venezuela,River,-62.0915,8.7018
2021-05-26 02:03:22,5.102,0.0,19805,"Orinoco, River",South America,Venezuela,River,-62.0915,8.7018
2021-06-22 02:03:23,6.656,0.004,19805,"Orinoco, River",South America,Venezuela,River,-62.0915,8.7018
2021-07-19 02:03:22,7.016,0.024,19805,"Orinoco, River",South America,Venezuela,River,-62.0915,8.7018
2021-08-15 02:03:19,7.331,0.08,19805,"Orinoco, River",South America,Venezuela,River,-62.0915,8.7018
2021-09-11 02:03:17,7.647,0.01,19805,"Orinoco, River",South America,Venezuela,River,-62.0915,8.7018
2021-10-08 02:03:20,6.568,0.009,19805,"Orinoco, River",South America,Venezuela,River,-62.0915,8.7018
2021-11-04 02:03:18,5.031,0.079,19805,"Orinoco, River",South America,Venezuela,River,-62.0915,8.7018
2021-12-01 02:03:18,3.44,0.055,19805,"Orinoco, River",South America,Venezuela,River,-62.0915,8.7018
2021-12-28 02:03:19,1.547,0.368,19805,"Orinoco, River",South America,Venezuela,River,-62.0915,8.7018
2022-01-24 02:03:23,0.99,0.014,19805,"Orinoco, River",South America,Venezuela,River,-62.0915,8.7018
2022-02-20 02:03:21,0.917,0.061,19805,"Orinoco, River",South America,Venezuela,River,-62.0915,8.7018
2022-03-19 02:03:21,1.668,0.008,19805,"Orinoco, River",South America,Venezuela,River,-62.0915,8.7018
2022-04-15 02:03:22,2.195,0.014,19805,"Orinoco, River",South America,Venezuela,River,-62.0915,8.7018
2022-05-12 02:03:24,3.217,0.041,19805,"Orinoco, River",South America,Venezuela,River,-62.0915,8.7018
2022-06-08 02:03:23,5.29,0.056,19805,"Orinoco, River",South America,Venezuela,River,-62.0915,8.7018
2022-07-05 02:03:22,7.184,0.11,19805,"Orinoco, River",South America,Venezuela,River,-62.0915,8.7018
2022-08-01 02:03:18,7.007,0.044,19805,"Orinoco, River",South America,Venezuela,River,-62.0915,8.7018
2022-08-28 02:03:15,7.592,0.051,19805,"Orinoco, River",South America,Venezuela,River,-62.0915,8.7018
2022-09-24 02:03:19,7.295,0.042,19805,"Orinoco, River",South America,Venezuela,River,-62.0915,8.7018
2022-10-21 02:03:18,5.877,0.047,19805,"Orinoco, River",South America,Venezuela,River,-62.0915,8.7018
2022-11-17 02:03:15,5.303,0.018,19805,"Orinoco, River",South America,Venezuela,River,-62.0915,8.7018
2022-12-14 02:03:14,4.453,0.045,19805,"Orinoco, River",South America,Venezuela,River,-62.0915,8.7018
2023-01-10 02:03:16,2.09,0.109,19805,"Orinoco, River",South America,Venezuela,River,-62.0915,8.7018
2023-02-06 02:03:18,1.569,0.052,19805,"Orinoco, River",South America,Venezuela,River,-62.0915,8.7018
2023-03-05 02:03:16,1.185,0.034,19805,"Orinoco, River",South America,Venezuela,River,-62.0915,8.7018
2023-04-01 02:03:21,1.002,0.018,19805,"Orinoco, River",South America,Venezuela,River,-62.0915,8.7018
2023-04-28 02:03:21,0.766,0.017,19805,"Orinoco, River",South America,Venezuela,River,-62.0915,8.7018
2023-05-25 02:03:21,1.836,0.009,19805,"Orinoco, River",South America,Venezuela,River,-62.0915,8.7018
2023-06-21 02:03:17,5.543,0.022,19805,"Orinoco, River",South America,Venezuela,River,-62.0915,8.7018
2023-07-18 02:03:15,6.452,0.033,19805,"Orinoco, River",South America,Venezuela,River,-62.0915,8.7018
2023-08-14 02:03:10,7.167,0.003,19805,"Orinoco, River",South America,Venezuela,River,-62.0915,8.7018
2023-09-10 02:03:13,6.326,0.035,19805,"Orinoco, River",South America,Venezuela,River,-62.0915,8.7018
2023-10-07 02:03:14,3.516,0.016,19805,"Orinoco, River",South America,Venezuela,River,-62.0915,8.7018
2023-11-03 02:03:14,2.391,0.002,19805,"Orinoco, River",South America,Venezuela,River,-62.0915,8.7018
2023-11-30 02:03:10,2.381,0.023,19805,"Orinoco, River",South America,Venezuela,River,-62.0915,8.7018
2023-12-27 02:03:16,1.616,0.007,19805,"Orinoco, River",South America,Venezuela,River,-62.0915,8.7018
2024-01-23 02:03:16,1.349,0.044,19805,"Orinoco, River",South America,Venezuela,River,-62.0915,8.7018
2024-04-13 02:03:21,0.776,0.001,19805,"Orinoco, River",South America,Venezuela,River,-62.0915,8.7018
2024-05-10 02:03:22,1.44,0.009,19805,"Orinoco, River",South America,Venezuela,River,-62.0915,8.7018
2024-06-06 02:03:23,4.099,0.032,19805,"Orinoco, River",South America,Venezuela,River,-62.0915,8.7018
2024-07-03 02:03:21,5.987,0.0,19805,"Orinoco, River",South America,Venezuela,River,-62.0915,8.7018
2024-07-30 02:03:18,7.285,0.035,19805,"Orinoco, River",South America,Venezuela,River,-62.0915,8.7018
2024-08-26 02:03:15,7.31,0.022,19805,"Orinoco, River",South America,Venezuela,River,-62.0915,8.7018
2024-09-22 02:03:15,5.68,0.008,19805,"Orinoco, River",South America,Venezuela,River,-62.0915,8.7018
2024-10-19 02:03:17,3.476,0.008,19805,"Orinoco, River",South America,Venezuela,River,-62.0915,8.7018
2024-11-15 02:03:15,2.768,0.024,19805,"Orinoco, River",South America,Venezuela,River,-62.0915,8.7018
2024-12-12 02:03:12,2.429,0.057,19805,"Orinoco, River",South America,Venezuela,River,-62.0915,8.7018
2025-01-08 02:03:15,1.731,0.01,19805,"Orinoco, River",South America,Venezuela,River,-62.0915,8.7018
2025-02-04 02:03:18,0.741,0.012,19805,"Orinoco, River",South America,Venezuela,River,-62.0915,8.7018
2025-03-03 02:03:17,0.983,0.047,19805,"Orinoco, River",South America,Venezuela,River,-62.0915,8.7018
2025-03-30 02:03:19,1.729,0.035,19805,"Orinoco, River",South America,Venezuela,River,-62.0915,8.7018
2025-04-26 02:03:22,1.854,0.141,19805,"Orinoco, River",South America,Venezuela,River,-62.0915,8.7018
2025-05-23 02:03:26,3.571,0.056,19805,"Orinoco, River",South America,Venezuela,River,-62.0915,8.7018
2025-06-19 02:03:25,5.622,0.008,19805,"Orinoco, River",South America,Venezuela,River,-62.0915,8.7018
2025-07-16 02:03:26,7.424,0.057,19805,"Orinoco, River",South America,Venezuela,River,-62.0915,8.7018
2025-08-12 02:03:24,8.15,0.007,19805,"Orinoco, River",South America,Venezuela,River,-62.0915,8.7018
2025-09-08 02:03:20,8.044,0.019,19805,"Orinoco, River",South America,Venezuela,River,-62.0915,8.7018
2025-10-05 02:03:24,7.071,0.054,19805,"Orinoco, River",South America,Venezuela,River,-62.0915,8.7018
2025-11-01 02:03:26,5.153,0.027,19805,"Orinoco, River",South America,Venezuela,River,-62.0915,8.7018
2025-11-28 02:03:24,3.367,0.023,19805,"Orinoco, River",South America,Venezuela,River,-62.0915,8.7018
2016-05-19 02:23:59,96.701,0.0,19802,"Orinoco, River",South America,Venezuela,River,-66.5688,3.6262
2016-06-15 02:24:00,96.729,0.026,19802,"Orinoco, River",South America,Venezuela,River,-66.5688,3.6262
2016-10-01 02:24:03,96.44,0.029,19802,"Orinoco, River",South America,Venezuela,River,-66.5688,3.6262
2016-12-21 02:23:57,96.081,0.141,19802,"Orinoco, River",South America,Venezuela,River,-66.5688,3.6262
2017-01-17 02:24:00,95.363,0.077,19802,"Orinoco, River",South America,Venezuela,River,-66.5688,3.6262
2017-03-12 02:23:58,94.301,0.151,19802,"Orinoco, River",South America,Venezuela,River,-66.5688,3.6262
2017-04-08 02:24:02,95.948,0.064,19802,"Orinoco, River",South America,Venezuela,River,-66.5688,3.6262
2017-05-05 02:24:06,96.866,0.134,19802,"Orinoco, River",South America,Venezuela,River,-66.5688,3.6262
2017-06-01 02:24:09,96.47,0.022,19802,"Orinoco, River",South America,Venezuela,River,-66.5688,3.6262
2017-06-28 02:24:08,97.599,0.006,19802,"Orinoco, River",South America,Venezuela,River,-66.5688,3.6262
2017-07-25 02:24:06,97.318,0.038,19802,"Orinoco, River",South America,Venezuela,River,-66.5688,3.6262
2017-08-21 02:24:03,96.806,0.001,19802,"Orinoco, River",South America,Venezuela,River,-66.5688,3.6262
2017-10-14 02:24:05,96.221,0.028,19802,"Orinoco, River",South America,Venezuela,River,-66.5688,3.6262
2017-11-10 02:24:05,95.981,0.033,19802,"Orinoco, River",South America,Venezuela,River,-66.5688,3.6262
2017-12-07 02:24:02,95.645,0.046,19802,"Orinoco, River",South America,Venezuela,River,-66.5688,3.6262
2018-01-03 02:24:05,94.736,0.039,19802,"Orinoco, River",South America,Venezuela,River,-66.5688,3.6262
2018-01-30 02:24:07,94.926,0.009,19802,"Orinoco, River",South America,Venezuela,River,-66.5688,3.6262
2018-02-26 02:24:06,93.479,0.001,19802,"Orinoco, River",South America,Venezuela,River,-66.5688,3.6262
2018-03-25 02:24:05,93.519,0.0,19802,"Orinoco, River",South America,Venezuela,River,-66.5688,3.6262
2018-04-21 02:24:09,96.042,0.009,19802,"Orinoco, River",South America,Venezuela,River,-66.5688,3.6262
2018-06-14 02:24:11,97.882,0.011,19802,"Orinoco, River",South America,Venezuela,River,-66.5688,3.6262
2018-07-11 02:24:10,97.53,0.021,19802,"Orinoco, River",South America,Venezuela,River,-66.5688,3.6262
2018-08-07 02:24:06,98.17,0.007,19802,"Orinoco, River",South America,Venezuela,River,-66.5688,3.6262
2018-09-03 02:24:05,96.864,0.029,19802,"Orinoco, River",South America,Venezuela,River,-66.5688,3.6262
2018-09-30 02:24:09,96.42,0.033,19802,"Orinoco, River",South America,Venezuela,River,-66.5688,3.6262
2018-10-27 02:24:11,95.986,0.034,19802,"Orinoco, River",South America,Venezuela,River,-66.5688,3.6262
2018-11-23 02:24:09,95.631,0.015,19802,"Orinoco, River",South America,Venezuela,River,-66.5688,3.6262
2019-01-16 02:24:08,93.903,0.162,19802,"Orinoco, River",South America,Venezuela,River,-66.5688,3.6262
2019-02-12 02:24:09,93.955,0.004,19802,"Orinoco, River",South America,Venezuela,River,-66.5688,3.6262
2019-03-11 02:24:07,93.637,0.012,19802,"Orinoco, River",South America,Venezuela,River,-66.5688,3.6262
2019-04-07 02:24:12,94.014,0.059,19802,"Orinoco, River",South America,Venezuela,River,-66.5688,3.6262
2019-05-04 02:24:15,95.768,0.011,19802,"Orinoco, River",South America,Venezuela,River,-66.5688,3.6262
2019-05-31 02:24:15,96.691,0.015,19802,"Orinoco, River",South America,Venezuela,River,-66.5688,3.6262
2019-06-27 02:24:14,97.341,0.066,19802,"Orinoco, River",South America,Venezuela,River,-66.5688,3.6262
2019-07-24 02:24:13,97.121,0.01,19802,"Orinoco, River",South America,Venezuela,River,-66.5688,3.6262
2019-08-20 02:24:10,97.726,0.077,19802,"Orinoco, River",South America,Venezuela,River,-66.5688,3.6262
2019-09-16 02:24:11,96.904,0.006,19802,"Orinoco, River",South America,Venezuela,River,-66.5688,3.6262
2019-10-13 02:24:13,96.464,0.013,19802,"Orinoco, River",South America,Venezuela,River,-66.5688,3.6262
2019-11-09 02:24:12,96.276,0.027,19802,"Orinoco, River",South America,Venezuela,River,-66.5688,3.6262
2019-12-06 02:24:07,95.997,0.005,19802,"Orinoco, River",South America,Venezuela,River,-66.5688,3.6262
2020-01-02 02:24:10,95.957,0.001,19802,"Orinoco, River",South America,Venezuela,River,-66.5688,3.6262
2020-01-29 02:24:12,94.594,0.014,19802,"Orinoco, River",South America,Venezuela,River,-66.5688,3.6262
2020-02-25 02:24:11,93.703,0.004,19802,"Orinoco, River",South America,Venezuela,River,-66.5688,3.6262
2020-03-23 02:24:12,94.385,0.031,19802,"Orinoco, River",South America,Venezuela,River,-66.5688,3.6262
2020-04-19 02:24:17,94.696,0.01,19802,"Orinoco, River",South America,Venezuela,River,-66.5688,3.6262
2020-05-16 02:24:19,96.304,0.026,19802,"Orinoco, River",South America,Venezuela,River,-66.5688,3.6262
2020-07-09 02:24:18,97.293,0.131,19802,"Orinoco, River",South America,Venezuela,River,-66.5688,3.6262
2020-08-05 02:24:16,97.095,0.011,19802,"Orinoco, River",South America,Venezuela,River,-66.5688,3.6262
2020-09-01 02:24:13,97.272,0.036,19802,"Orinoco, River",South America,Venezuela,River,-66.5688,3.6262
2020-09-28 02:24:16,96.537,0.006,19802,"Orinoco, River",South America,Venezuela,River,-66.5688,3.6262
2020-10-25 02:24:16,96.193,0.015,19802,"Orinoco, River",South America,Venezuela,River,-66.5688,3.6262
2020-11-21 02:24:13,96.568,0.021,19802,"Orinoco, River",South America,Venezuela,River,-66.5688,3.6262
2020-12-18 02:24:10,96.243,0.053,19802,"Orinoco, River",South America,Venezuela,River,-66.5688,3.6262
2021-01-14 02:24:16,96.012,0.009,19802,"Orinoco, River",South America,Venezuela,River,-66.5688,3.6262
2021-02-10 02:24:18,94.984,0.034,19802,"Orinoco, River",South America,Venezuela,River,-66.5688,3.6262
2021-03-09 02:24:15,94.179,0.048,19802,"Orinoco, River",South America,Venezuela,River,-66.5688,3.6262
2021-04-05 02:24:18,95.624,0.026,19802,"Orinoco, River",South America,Venezuela,River,-66.5688,3.6262
2021-05-02 02:24:22,96.194,0.032,19802,"Orinoco, River",South America,Venezuela,River,-66.5688,3.6262
2021-06-25 02:24:24,97.503,0.018,19802,"Orinoco, River",South America,Venezuela,River,-66.5688,3.6262
2021-07-22 02:24:23,97.683,0.015,19802,"Orinoco, River",South America,Venezuela,River,-66.5688,3.6262
2021-09-14 02:24:19,96.686,0.045,19802,"Orinoco, River",South America,Venezuela,River,-66.5688,3.6262
2021-10-11 02:24:21,96.545,0.022,19802,"Orinoco, River",South America,Venezuela,River,-66.5688,3.6262
2021-12-04 02:24:18,95.832,0.007,19802,"Orinoco, River",South America,Venezuela,River,-66.5688,3.6262
2021-12-31 02:24:20,95.618,0.042,19802,"Orinoco, River",South America,Venezuela,River,-66.5688,3.6262
2022-01-27 02:24:24,94.6,0.009,19802,"Orinoco, River",South America,Venezuela,River,-66.5688,3.6262
2022-02-23 02:24:21,93.784,0.051,19802,"Orinoco, River",South America,Venezuela,River,-66.5688,3.6262
2022-03-22 02:24:22,95.992,0.005,19802,"Orinoco, River",South America,Venezuela,River,-66.5688,3.6262
2022-04-18 02:24:24,96.035,0.006,19802,"Orinoco, River",South America,Venezuela,River,-66.5688,3.6262
2022-06-11 02:24:23,97.805,0.027,19802,"Orinoco, River",South America,Venezuela,River,-66.5688,3.6262
2022-07-08 02:24:22,97.676,0.001,19802,"Orinoco, River",South America,Venezuela,River,-66.5688,3.6262
2022-08-04 02:24:19,97.626,0.017,19802,"Orinoco, River",South America,Venezuela,River,-66.5688,3.6262
2022-08-31 02:24:17,96.768,0.018,19802,"Orinoco, River",South America,Venezuela,River,-66.5688,3.6262
2022-09-27 02:24:19,96.475,0.002,19802,"Orinoco, River",South America,Venezuela,River,-66.5688,3.6262
2022-12-17 02:24:15,95.737,0.067,19802,"Orinoco, River",South America,Venezuela,River,-66.5688,3.6262
2023-02-09 02:24:19,94.626,0.012,19802,"Orinoco, River",South America,Venezuela,River,-66.5688,3.6262
2023-03-08 02:24:17,94.344,0.042,19802,"Orinoco, River",South America,Venezuela,River,-66.5688,3.6262
2023-04-04 02:24:21,94.764,0.003,19802,"Orinoco, River",South America,Venezuela,River,-66.5688,3.6262
2023-05-01 02:24:22,96.42,0.035,19802,"Orinoco, River",South America,Venezuela,River,-66.5688,3.6262
2023-05-28 02:24:21,96.912,0.006,19802,"Orinoco, River",South America,Venezuela,River,-66.5688,3.6262
2023-06-24 02:24:18,97.169,0.015,19802,"Orinoco, River",South America,Venezuela,River,-66.5688,3.6262
2023-07-21 02:24:15,97.327,0.021,19802,"Orinoco, River",South America,Venezuela,River,-66.5688,3.6262
2023-08-17 02:24:10,96.802,0.081,19802,"Orinoco, River",South America,Venezuela,River,-66.5688,3.6262
2023-09-13 02:24:15,96.012,0.0,19802,"Orinoco, River",South America,Venezuela,River,-66.5688,3.6262
2023-10-10 02:24:15,95.632,0.012,19802,"Orinoco, River",South America,Venezuela,River,-66.5688,3.6262
2023-11-06 02:24:14,95.73,0.039,19802,"Orinoco, River",South America,Venezuela,River,-66.5688,3.6262
2023-12-03 02:24:12,95.289,0.07,19802,"Orinoco, River",South America,Venezuela,River,-66.5688,3.6262
2023-12-30 02:24:16,95.78,0.011,19802,"Orinoco, River",South America,Venezuela,River,-66.5688,3.6262
2024-02-22 02:24:17,94.667,0.046,19802,"Orinoco, River",South America,Venezuela,River,-66.5688,3.6262
2024-03-20 02:24:18,93.899,0.026,19802,"Orinoco, River",South America,Venezuela,River,-66.5688,3.6262
2024-04-16 02:24:22,94.013,0.023,19802,"Orinoco, River",South America,Venezuela,River,-66.5688,3.6262
2024-05-13 02:24:22,96.569,0.013,19802,"Orinoco, River",South America,Venezuela,River,-66.5688,3.6262
2024-06-09 02:24:24,96.996,0.015,19802,"Orinoco, River",South America,Venezuela,River,-66.5688,3.6262
2024-07-06 02:24:21,97.872,0.066,19802,"Orinoco, River",South America,Venezuela,River,-66.5688,3.6262
2024-08-02 02:24:19,97.602,0.008,19802,"Orinoco, River",South America,Venezuela,River,-66.5688,3.6262
2024-08-29 02:24:15,96.682,0.031,19802,"Orinoco, River",South America,Venezuela,River,-66.5688,3.6262
2024-09-25 02:24:17,96.039,0.013,19802,"Orinoco, River",South America,Venezuela,River,-66.5688,3.6262
2024-10-22 02:24:18,95.788,0.01,19802,"Orinoco, River",South America,Venezuela,River,-66.5688,3.6262
2024-11-18 02:24:16,95.831,0.068,19802,"Orinoco, River",South America,Venezuela,River,-66.5688,3.6262
2024-12-15 02:24:12,95.4,0.038,19802,"Orinoco, River",South America,Venezuela,River,-66.5688,3.6262
2025-01-11 02:24:17,95.626,0.019,19802,"Orinoco, River",South America,Venezuela,River,-66.5688,3.6262
2025-02-07 02:24:19,95.016,0.049,19802,"Orinoco, River",South America,Venezuela,River,-66.5688,3.6262
2025-03-06 02:24:18,94.472,0.049,19802,"Orinoco, River",South America,Venezuela,River,-66.5688,3.6262
2025-04-29 02:24:24,96.636,0.019,19802,"Orinoco, River",South America,Venezuela,River,-66.5688,3.6262
2025-05-26 02:24:27,97.158,0.009,19802,"Orinoco, River",South America,Venezuela,River,-66.5688,3.6262
2025-06-22 02:24:26,97.21,0.009,19802,"Orinoco, River",South America,Venezuela,River,-66.5688,3.6262
2025-07-19 02:24:27,98.176,0.007,19802,"Orinoco, River",South America,Venezuela,River,-66.5688,3.6262
2025-08-15 02:24:25,96.882,0.043,19802,"Orinoco, River",South America,Venezuela,River,-66.5688,3.6262
2025-09-11 02:24:22,96.756,0.101,19802,"Orinoco, River",South America,Venezuela,River,-66.5688,3.6262
2025-11-04 02:24:27,96.408,0.012,19802,"Orinoco, River",South America,Venezuela,River,-66.5688,3.6262
2002-06-20 02:00:34,2.543,0.026,9398,"Orinoco, River",South America,Venezuela,River,-61.4048,8.6081
2002-07-25 02:00:34,4.316,0.005,9398,"Orinoco, River",South America,Venezuela,River,-61.4048,8.6081
2002-08-29 02:00:29,4.057,0.019,9398,"Orinoco, River",South America,Venezuela,River,-61.4048,8.6081
2002-10-03 02:00:33,3.759,0.009,9398,"Orinoco, River",South America,Venezuela,River,-61.4048,8.6081
2002-11-07 02:00:31,2.287,0.095,9398,"Orinoco, River",South America,Venezuela,River,-61.4048,8.6081
2002-12-12 02:00:30,1.705,0.301,9398,"Orinoco, River",South America,Venezuela,River,-61.4048,8.6081
2003-02-20 02:00:28,1.478,0.538,9398,"Orinoco, River",South America,Venezuela,River,-61.4048,8.6081
2003-05-01 02:00:34,1.376,0.009,9398,"Orinoco, River",South America,Venezuela,River,-61.4048,8.6081
2003-06-05 02:00:30,2.277,0.106,9398,"Orinoco, River",South America,Venezuela,River,-61.4048,8.6081
2003-07-10 02:00:36,3.419,0.001,9398,"Orinoco, River",South America,Venezuela,River,-61.4048,8.6081
2003-08-14 02:00:39,4.48,0.011,9398,"Orinoco, River",South America,Venezuela,River,-61.4048,8.6081
2003-09-18 02:00:42,4.307,0.011,9398,"Orinoco, River",South America,Venezuela,River,-61.4048,8.6081
2003-10-23 02:00:37,2.779,0.008,9398,"Orinoco, River",South America,Venezuela,River,-61.4048,8.6081
2003-11-27 02:00:39,2.882,0.065,9398,"Orinoco, River",South America,Venezuela,River,-61.4048,8.6081
2004-01-01 02:00:40,2.278,0.151,9398,"Orinoco, River",South America,Venezuela,River,-61.4048,8.6081
2004-02-05 02:00:36,2.127,0.479,9398,"Orinoco, River",South America,Venezuela,River,-61.4048,8.6081
2004-06-24 02:00:40,2.773,0.013,9398,"Orinoco, River",South America,Venezuela,River,-61.4048,8.6081
2004-07-29 02:00:42,3.355,0.011,9398,"Orinoco, River",South America,Venezuela,River,-61.4048,8.6081
2004-09-02 02:00:40,4.248,0.004,9398,"Orinoco, River",South America,Venezuela,River,-61.4048,8.6081
2004-10-07 02:00:40,3.748,0.059,9398,"Orinoco, River",South America,Venezuela,River,-61.4048,8.6081
2004-11-11 02:00:38,2.534,0.056,9398,"Orinoco, River",South America,Venezuela,River,-61.4048,8.6081
2004-12-16 02:00:35,2.333,0.004,9398,"Orinoco, River",South America,Venezuela,River,-61.4048,8.6081
2005-02-24 02:00:36,1.447,0.029,9398,"Orinoco, River",South America,Venezuela,River,-61.4048,8.6081
2005-05-05 02:00:44,2.151,0.002,9398,"Orinoco, River",South America,Venezuela,River,-61.4048,8.6081
2005-06-09 02:00:42,2.946,0.077,9398,"Orinoco, River",South America,Venezuela,River,-61.4048,8.6081
2005-07-14 02:00:44,3.763,0.0,9398,"Orinoco, River",South America,Venezuela,River,-61.4048,8.6081
2005-08-18 02:00:39,3.552,0.031,9398,"Orinoco, River",South America,Venezuela,River,-61.4048,8.6081
2005-09-22 02:00:39,3.618,0.09,9398,"Orinoco, River",South America,Venezuela,River,-61.4048,8.6081
2005-10-27 02:00:41,2.715,0.002,9398,"Orinoco, River",South America,Venezuela,River,-61.4048,8.6081
2005-12-01 02:00:35,1.888,0.159,9398,"Orinoco, River",South America,Venezuela,River,-61.4048,8.6081
2006-01-05 02:00:28,1.772,0.091,9398,"Orinoco, River",South America,Venezuela,River,-61.4048,8.6081
2006-02-09 02:00:29,1.567,0.126,9398,"Orinoco, River",South America,Venezuela,River,-61.4048,8.6081
2006-03-16 02:00:28,1.519,0.012,9398,"Orinoco, River",South America,Venezuela,River,-61.4048,8.6081
2006-05-25 02:00:34,1.99,0.038,9398,"Orinoco, River",South America,Venezuela,River,-61.4048,8.6081
2006-06-29 02:00:39,3.423,0.015,9398,"Orinoco, River",South America,Venezuela,River,-61.4048,8.6081
2006-08-03 02:00:40,4.536,0.008,9398,"Orinoco, River",South America,Venezuela,River,-61.4048,8.6081
2006-09-07 02:00:34,4.512,0.036,9398,"Orinoco, River",South America,Venezuela,River,-61.4048,8.6081
2006-10-12 02:00:37,3.121,0.018,9398,"Orinoco, River",South America,Venezuela,River,-61.4048,8.6081
2006-11-16 02:00:37,1.817,0.02,9398,"Orinoco, River",South America,Venezuela,River,-61.4048,8.6081
2006-12-21 02:00:36,2.182,0.043,9398,"Orinoco, River",South America,Venezuela,River,-61.4048,8.6081
2007-01-25 02:00:29,1.323,0.264,9398,"Orinoco, River",South America,Venezuela,River,-61.4048,8.6081
2007-04-05 02:00:29,1.418,0.077,9398,"Orinoco, River",South America,Venezuela,River,-61.4048,8.6081
2007-05-10 02:00:34,1.347,0.034,9398,"Orinoco, River",South America,Venezuela,River,-61.4048,8.6081
2007-06-14 02:00:35,2.859,0.001,9398,"Orinoco, River",South America,Venezuela,River,-61.4048,8.6081
2007-08-23 02:00:35,4.664,0.003,9398,"Orinoco, River",South America,Venezuela,River,-61.4048,8.6081
2007-11-01 02:00:30,3.563,0.003,9398,"Orinoco, River",South America,Venezuela,River,-61.4048,8.6081
2007-12-06 02:00:26,2.202,0.002,9398,"Orinoco, River",South America,Venezuela,River,-61.4048,8.6081
2008-01-10 02:00:29,2.156,0.074,9398,"Orinoco, River",South America,Venezuela,River,-61.4048,8.6081
2008-02-14 02:00:28,1.418,0.035,9398,"Orinoco, River",South America,Venezuela,River,-61.4048,8.6081
2008-03-20 02:00:30,1.409,0.117,9398,"Orinoco, River",South America,Venezuela,River,-61.4048,8.6081
2008-04-24 02:00:27,1.436,0.036,9398,"Orinoco, River",South America,Venezuela,River,-61.4048,8.6081
2008-05-29 02:00:29,1.573,0.0,9398,"Orinoco, River",South America,Venezuela,River,-61.4048,8.6081
2008-07-03 02:00:30,3.24,0.057,9398,"Orinoco, River",South America,Venezuela,River,-61.4048,8.6081
2008-08-07 02:00:30,4.113,0.021,9398,"Orinoco, River",South America,Venezuela,River,-61.4048,8.6081
2008-09-11 02:00:25,4.354,0.064,9398,"Orinoco, River",South America,Venezuela,River,-61.4048,8.6081
2008-10-16 02:00:27,3.711,0.042,9398,"Orinoco, River",South America,Venezuela,River,-61.4048,8.6081
2008-11-20 02:00:25,2.775,0.051,9398,"Orinoco, River",South America,Venezuela,River,-61.4048,8.6081
2008-12-25 02:00:27,2.762,0.006,9398,"Orinoco, River",South America,Venezuela,River,-61.4048,8.6081
2009-01-29 02:00:24,2.074,0.008,9398,"Orinoco, River",South America,Venezuela,River,-61.4048,8.6081
2009-04-09 02:00:24,1.662,0.018,9398,"Orinoco, River",South America,Venezuela,River,-61.4048,8.6081
2009-05-14 02:00:27,1.775,0.023,9398,"Orinoco, River",South America,Venezuela,River,-61.4048,8.6081
2009-06-18 02:00:29,1.8,0.082,9398,"Orinoco, River",South America,Venezuela,River,-61.4048,8.6081
2009-07-23 02:00:28,3.337,0.009,9398,"Orinoco, River",South America,Venezuela,River,-61.4048,8.6081
2009-08-27 02:00:27,4.121,0.088,9398,"Orinoco, River",South America,Venezuela,River,-61.4048,8.6081
2009-10-01 02:00:22,3.261,0.008,9398,"Orinoco, River",South America,Venezuela,River,-61.4048,8.6081
2009-11-05 02:00:22,2.696,0.043,9398,"Orinoco, River",South America,Venezuela,River,-61.4048,8.6081
2009-12-10 02:00:19,1.413,0.1,9398,"Orinoco, River",South America,Venezuela,River,-61.4048,8.6081
2010-01-14 02:00:22,1.366,0.081,9398,"Orinoco, River",South America,Venezuela,River,-61.4048,8.6081
2010-02-18 02:00:20,1.472,0.005,9398,"Orinoco, River",South America,Venezuela,River,-61.4048,8.6081
2010-04-29 02:00:19,2.271,0.058,9398,"Orinoco, River",South America,Venezuela,River,-61.4048,8.6081
2010-06-03 02:00:19,2.839,0.158,9398,"Orinoco, River",South America,Venezuela,River,-61.4048,8.6081
2010-07-08 02:00:18,3.903,0.012,9398,"Orinoco, River",South America,Venezuela,River,-61.4048,8.6081
2010-08-12 02:00:21,4.787,0.045,9398,"Orinoco, River",South America,Venezuela,River,-61.4048,8.6081
2010-09-16 02:00:19,4.741,0.04,9398,"Orinoco, River",South America,Venezuela,River,-61.4048,8.6081
2013-04-20 10:05:19,1.272,0.002,9398,"Orinoco, River",South America,Venezuela,River,-61.4048,8.6081
2013-05-25 10:04:58,2.221,0.012,9398,"Orinoco, River",South America,Venezuela,River,-61.4048,8.6081
2013-06-29 10:04:39,3.512,0.011,9398,"Orinoco, River",South America,Venezuela,River,-61.4048,8.6081
2013-08-03 10:04:20,3.722,0.003,9398,"Orinoco, River",South America,Venezuela,River,-61.4048,8.6081
2013-09-07 10:04:34,4.279,0.005,9398,"Orinoco, River",South America,Venezuela,River,-61.4048,8.6081
2013-10-12 10:04:39,3.189,0.001,9398,"Orinoco, River",South America,Venezuela,River,-61.4048,8.6081
2013-11-16 10:04:41,2.481,0.028,9398,"Orinoco, River",South America,Venezuela,River,-61.4048,8.6081
2013-12-21 10:04:38,1.609,0.033,9398,"Orinoco, River",South America,Venezuela,River,-61.4048,8.6081
2014-01-25 10:04:35,1.124,0.006,9398,"Orinoco, River",South America,Venezuela,River,-61.4048,8.6081
2014-03-01 10:04:33,1.027,0.023,9398,"Orinoco, River",South America,Venezuela,River,-61.4048,8.6081
2014-04-05 10:04:33,0.902,0.004,9398,"Orinoco, River",South America,Venezuela,River,-61.4048,8.6081
2014-05-10 10:04:31,1.687,0.028,9398,"Orinoco, River",South America,Venezuela,River,-61.4048,8.6081
2014-06-14 10:04:29,2.266,0.016,9398,"Orinoco, River",South America,Venezuela,River,-61.4048,8.6081
2014-07-19 10:04:24,3.407,0.008,9398,"Orinoco, River",South America,Venezuela,River,-61.4048,8.6081
2014-08-23 10:04:21,4.311,0.006,9398,"Orinoco, River",South America,Venezuela,River,-61.4048,8.6081
2014-09-27 10:04:18,3.994,0.026,9398,"Orinoco, River",South America,Venezuela,River,-61.4048,8.6081
2014-11-01 10:04:14,3.069,0.019,9398,"Orinoco, River",South America,Venezuela,River,-61.4048,8.6081
2014-12-06 10:04:12,2.415,0.007,9398,"Orinoco, River",South America,Venezuela,River,-61.4048,8.6081
2015-01-10 10:04:09,1.203,0.003,9398,"Orinoco, River",South America,Venezuela,River,-61.4048,8.6081
2015-02-14 10:04:06,1.319,0.016,9398,"Orinoco, River",South America,Venezuela,River,-61.4048,8.6081
2015-03-21 10:04:04,1.139,0.007,9398,"Orinoco, River",South America,Venezuela,River,-61.4048,8.6081
2015-04-25 10:04:04,0.961,0.013,9398,"Orinoco, River",South America,Venezuela,River,-61.4048,8.6081
2015-08-08 10:03:47,4.119,0.027,9398,"Orinoco, River",South America,Venezuela,River,-61.4048,8.6081
2015-09-12 10:03:42,4.316,0.006,9398,"Orinoco, River",South America,Venezuela,River,-61.4048,8.6081
2015-10-17 10:03:36,2.413,0.021,9398,"Orinoco, River",South America,Venezuela,River,-61.4048,8.6081
2015-11-21 10:03:34,2.188,0.014,9398,"Orinoco, River",South America,Venezuela,River,-61.4048,8.6081
2015-12-26 10:03:22,1.29,0.058,9398,"Orinoco, River",South America,Venezuela,River,-61.4048,8.6081
2016-01-30 10:03:19,0.664,0.031,9398,"Orinoco, River",South America,Venezuela,River,-61.4048,8.6081
2016-03-05 10:03:13,1.324,0.011,9398,"Orinoco, River",South America,Venezuela,River,-61.4048,8.6081
2016-05-14 10:02:59,1.682,0.02,9398,"Orinoco, River",South America,Venezuela,River,-61.4048,8.6081
2002-06-16 02:25:47,44.717,0.004,1209,"Orinoco, River",South America,Venezuela,River,-67.3596,6.2668
2002-07-21 02:25:46,47.742,0.068,1209,"Orinoco, River",South America,Venezuela,River,-67.3596,6.2668
2002-08-25 02:25:42,47.162,0.026,1209,"Orinoco, River",South America,Venezuela,River,-67.3596,6.2668
2002-09-29 02:25:44,44.842,0.075,1209,"Orinoco, River",South America,Venezuela,River,-67.3596,6.2668
2002-11-03 02:25:46,42.094,0.023,1209,"Orinoco, River",South America,Venezuela,River,-67.3596,6.2668
2002-12-08 02:25:43,41.624,0.032,1209,"Orinoco, River",South America,Venezuela,River,-67.3596,6.2668
2003-01-12 02:25:41,37.146,0.081,1209,"Orinoco, River",South America,Venezuela,River,-67.3596,6.2668
2003-02-16 02:25:41,35.006,0.045,1209,"Orinoco, River",South America,Venezuela,River,-67.3596,6.2668
2003-04-27 02:25:47,38.705,0.032,1209,"Orinoco, River",South America,Venezuela,River,-67.3596,6.2668
2003-06-01 02:25:43,44.536,0.021,1209,"Orinoco, River",South America,Venezuela,River,-67.3596,6.2668
2003-07-06 02:25:49,45.899,0.025,1209,"Orinoco, River",South America,Venezuela,River,-67.3596,6.2668
2003-08-10 02:25:52,47.346,0.018,1209,"Orinoco, River",South America,Venezuela,River,-67.3596,6.2668
2003-09-14 02:25:55,46.028,0.016,1209,"Orinoco, River",South America,Venezuela,River,-67.3596,6.2668
2003-10-19 02:25:51,44.275,0.063,1209,"Orinoco, River",South America,Venezuela,River,-67.3596,6.2668
2003-11-23 02:25:50,43.525,0.007,1209,"Orinoco, River",South America,Venezuela,River,-67.3596,6.2668
2004-02-01 02:25:49,36.286,0.039,1209,"Orinoco, River",South America,Venezuela,River,-67.3596,6.2668
2004-03-07 02:25:50,35.272,0.053,1209,"Orinoco, River",South America,Venezuela,River,-67.3596,6.2668
2004-04-11 02:25:49,36.825,0.035,1209,"Orinoco, River",South America,Venezuela,River,-67.3596,6.2668
2004-05-16 02:25:51,42.371,0.02,1209,"Orinoco, River",South America,Venezuela,River,-67.3596,6.2668
2004-07-25 02:25:55,47.225,0.006,1209,"Orinoco, River",South America,Venezuela,River,-67.3596,6.2668
2004-08-29 02:25:52,46.586,0.017,1209,"Orinoco, River",South America,Venezuela,River,-67.3596,6.2668
2004-10-03 02:25:51,44.913,0.012,1209,"Orinoco, River",South America,Venezuela,River,-67.3596,6.2668
2004-11-07 02:25:52,42.105,0.003,1209,"Orinoco, River",South America,Venezuela,River,-67.3596,6.2668
2004-12-12 02:25:49,40.925,0.009,1209,"Orinoco, River",South America,Venezuela,River,-67.3596,6.2668
2005-01-16 02:25:48,37.626,0.03,1209,"Orinoco, River",South America,Venezuela,River,-67.3596,6.2668
2005-02-20 02:25:48,38.01,0.041,1209,"Orinoco, River",South America,Venezuela,River,-67.3596,6.2668
2005-03-27 02:25:49,36.343,0.043,1209,"Orinoco, River",South America,Venezuela,River,-67.3596,6.2668
2005-05-01 02:25:56,42.002,0.031,1209,"Orinoco, River",South America,Venezuela,River,-67.3596,6.2668
2005-06-05 02:25:55,44.012,0.016,1209,"Orinoco, River",South America,Venezuela,River,-67.3596,6.2668
2005-07-10 02:25:57,45.337,0.03,1209,"Orinoco, River",South America,Venezuela,River,-67.3596,6.2668
2005-08-14 02:25:52,45.573,0.051,1209,"Orinoco, River",South America,Venezuela,River,-67.3596,6.2668
2005-09-18 02:25:51,44.973,0.013,1209,"Orinoco, River",South America,Venezuela,River,-67.3596,6.2668
2005-10-23 02:25:53,40.22,0.042,1209,"Orinoco, River",South America,Venezuela,River,-67.3596,6.2668
2005-11-27 02:25:49,42.607,0.016,1209,"Orinoco, River",South America,Venezuela,River,-67.3596,6.2668
2006-01-01 02:25:41,39.006,0.067,1209,"Orinoco, River",South America,Venezuela,River,-67.3596,6.2668
2006-02-05 02:25:42,38.723,0.135,1209,"Orinoco, River",South America,Venezuela,River,-67.3596,6.2668
2006-03-12 02:25:41,36.305,0.053,1209,"Orinoco, River",South America,Venezuela,River,-67.3596,6.2668
2006-04-16 02:25:43,38.307,0.024,1209,"Orinoco, River",South America,Venezuela,River,-67.3596,6.2668
2006-06-25 02:25:51,45.623,0.004,1209,"Orinoco, River",South America,Venezuela,River,-67.3596,6.2668
2006-07-30 02:25:53,47.613,0.001,1209,"Orinoco, River",South America,Venezuela,River,-67.3596,6.2668
2006-09-03 02:25:48,46.211,0.0,1209,"Orinoco, River",South America,Venezuela,River,-67.3596,6.2668
2006-10-08 02:25:50,43.232,0.012,1209,"Orinoco, River",South America,Venezuela,River,-67.3596,6.2668
2006-11-12 02:25:50,42.243,0.014,1209,"Orinoco, River",South America,Venezuela,River,-67.3596,6.2668
2006-12-17 02:25:49,40.969,0.003,1209,"Orinoco, River",South America,Venezuela,River,-67.3596,6.2668
2007-01-21 02:25:43,37.388,0.032,1209,"Orinoco, River",South America,Venezuela,River,-67.3596,6.2668
2007-02-25 02:25:45,34.73,0.084,1209,"Orinoco, River",South America,Venezuela,River,-67.3596,6.2668
2007-04-01 02:25:42,35.503,0.004,1209,"Orinoco, River",South America,Venezuela,River,-67.3596,6.2668
2007-05-06 02:25:46,39.886,0.054,1209,"Orinoco, River",South America,Venezuela,River,-67.3596,6.2668
2007-06-10 02:25:48,44.212,0.022,1209,"Orinoco, River",South America,Venezuela,River,-67.3596,6.2668
2007-07-15 02:25:48,47.973,0.016,1209,"Orinoco, River",South America,Venezuela,River,-67.3596,6.2668
2007-08-19 02:25:48,46.242,0.037,1209,"Orinoco, River",South America,Venezuela,River,-67.3596,6.2668
2007-09-23 02:25:43,45.405,0.013,1209,"Orinoco, River",South America,Venezuela,River,-67.3596,6.2668
2007-12-02 02:25:39,40.486,0.071,1209,"Orinoco, River",South America,Venezuela,River,-67.3596,6.2668
2008-01-06 02:25:41,39.103,0.058,1209,"Orinoco, River",South America,Venezuela,River,-67.3596,6.2668
2008-02-10 02:25:40,35.653,0.125,1209,"Orinoco, River",South America,Venezuela,River,-67.3596,6.2668
2008-03-16 02:25:43,35.45,0.065,1209,"Orinoco, River",South America,Venezuela,River,-67.3596,6.2668
2008-04-20 02:25:40,36.073,0.077,1209,"Orinoco, River",South America,Venezuela,River,-67.3596,6.2668
2008-05-25 02:25:42,40.56,0.026,1209,"Orinoco, River",South America,Venezuela,River,-67.3596,6.2668
2008-06-29 02:25:43,45.31,0.0,1209,"Orinoco, River",South America,Venezuela,River,-67.3596,6.2668
2008-08-03 02:25:43,46.814,0.057,1209,"Orinoco, River",South America,Venezuela,River,-67.3596,6.2668
2008-09-07 02:25:39,45.462,0.127,1209,"Orinoco, River",South America,Venezuela,River,-67.3596,6.2668
2008-10-12 02:25:40,43.12,0.044,1209,"Orinoco, River",South America,Venezuela,River,-67.3596,6.2668
2008-11-16 02:25:37,42.677,0.005,1209,"Orinoco, River",South America,Venezuela,River,-67.3596,6.2668
2008-12-21 02:25:40,40.766,0.016,1209,"Orinoco, River",South America,Venezuela,River,-67.3596,6.2668
2009-01-25 02:25:37,38.264,0.047,1209,"Orinoco, River",South America,Venezuela,River,-67.3596,6.2668
2009-03-01 02:25:40,36.855,0.035,1209,"Orinoco, River",South America,Venezuela,River,-67.3596,6.2668
2009-04-05 02:25:37,37.567,0.107,1209,"Orinoco, River",South America,Venezuela,River,-67.3596,6.2668
2009-05-10 02:25:40,38.959,0.009,1209,"Orinoco, River",South America,Venezuela,River,-67.3596,6.2668
2009-06-14 02:25:42,41.872,0.013,1209,"Orinoco, River",South America,Venezuela,River,-67.3596,6.2668
2009-07-19 02:25:41,46.425,0.038,1209,"Orinoco, River",South America,Venezuela,River,-67.3596,6.2668
2009-08-23 02:25:40,46.43,0.007,1209,"Orinoco, River",South America,Venezuela,River,-67.3596,6.2668
2009-09-27 02:25:35,43.667,0.009,1209,"Orinoco, River",South America,Venezuela,River,-67.3596,6.2668
2009-11-01 02:25:35,41.491,0.008,1209,"Orinoco, River",South America,Venezuela,River,-67.3596,6.2668
2009-12-06 02:25:32,38.475,0.018,1209,"Orinoco, River",South America,Venezuela,River,-67.3596,6.2668
2010-01-10 02:25:35,36.157,0.01,1209,"Orinoco, River",South America,Venezuela,River,-67.3596,6.2668
2010-02-14 02:25:33,34.177,0.096,1209,"Orinoco, River",South America,Venezuela,River,-67.3596,6.2668
2010-03-21 02:25:34,35.33,0.126,1209,"Orinoco, River",South America,Venezuela,River,-67.3596,6.2668
2010-05-30 02:25:31,44.936,0.007,1209,"Orinoco, River",South America,Venezuela,River,-67.3596,6.2668
2010-07-04 02:25:31,46.493,0.01,1209,"Orinoco, River",South America,Venezuela,River,-67.3596,6.2668
2010-08-08 02:25:33,47.076,0.007,1209,"Orinoco, River",South America,Venezuela,River,-67.3596,6.2668
2010-09-12 02:25:32,45.676,0.065,1209,"Orinoco, River",South America,Venezuela,River,-67.3596,6.2668
2010-10-17 02:25:25,42.272,0.012,1209,"Orinoco, River",South America,Venezuela,River,-67.3596,6.2668
2013-05-21 10:30:13,41.642,0.004,1209,"Orinoco, River",South America,Venezuela,River,-67.3596,6.2668
2013-06-25 10:29:54,45.161,0.001,1209,"Orinoco, River",South America,Venezuela,River,-67.3596,6.2668
2013-07-30 10:29:31,45.744,0.005,1209,"Orinoco, River",South America,Venezuela,River,-67.3596,6.2668
2013-09-03 10:29:45,45.663,0.011,1209,"Orinoco, River",South America,Venezuela,River,-67.3596,6.2668
2013-10-08 10:29:52,44.247,0.022,1209,"Orinoco, River",South America,Venezuela,River,-67.3596,6.2668
2013-11-12 10:29:54,41.754,0.0,1209,"Orinoco, River",South America,Venezuela,River,-67.3596,6.2668
2013-12-17 10:29:51,39.67,0.005,1209,"Orinoco, River",South America,Venezuela,River,-67.3596,6.2668
2014-01-21 10:29:49,36.483,0.012,1209,"Orinoco, River",South America,Venezuela,River,-67.3596,6.2668
2014-02-25 10:29:47,34.938,0.028,1209,"Orinoco, River",South America,Venezuela,River,-67.3596,6.2668
2014-04-01 10:29:45,35.479,0.013,1209,"Orinoco, River",South America,Venezuela,River,-67.3596,6.2668
2014-05-06 10:29:44,39.275,0.005,1209,"Orinoco, River",South America,Venezuela,River,-67.3596,6.2668
2014-06-10 10:29:42,42.167,0.012,1209,"Orinoco, River",South America,Venezuela,River,-67.3596,6.2668
2014-07-15 10:29:36,46.688,0.006,1209,"Orinoco, River",South America,Venezuela,River,-67.3596,6.2668
2014-08-19 10:29:33,46.98,0.002,1209,"Orinoco, River",South America,Venezuela,River,-67.3596,6.2668
2014-09-23 10:29:31,45.297,0.007,1209,"Orinoco, River",South America,Venezuela,River,-67.3596,6.2668
2014-10-28 10:29:28,43.609,0.001,1209,"Orinoco, River",South America,Venezuela,River,-67.3596,6.2668
2014-12-02 10:29:25,41.215,0.013,1209,"Orinoco, River",South America,Venezuela,River,-67.3596,6.2668
2015-01-06 10:29:22,37.758,0.008,1209,"Orinoco, River",South America,Venezuela,River,-67.3596,6.2668
2015-02-10 10:29:20,37.124,0.01,1209,"Orinoco, River",South America,Venezuela,River,-67.3596,6.2668
2015-03-17 10:29:18,35.656,0.01,1209,"Orinoco, River",South America,Venezuela,River,-67.3596,6.2668
2015-04-21 10:29:19,37.648,0.001,1209,"Orinoco, River",South America,Venezuela,River,-67.3596,6.2668
2015-08-04 10:28:57,46.516,0.011,1209,"Orinoco, River",South America,Venezuela,River,-67.3596,6.2668
2015-09-08 10:28:55,45.891,0.003,1209,"Orinoco, River",South America,Venezuela,River,-67.3596,6.2668
2015-10-13 10:28:50,40.853,0.013,1209,"Orinoco, River",South America,Venezuela,River,-67.3596,6.2668
2015-11-17 10:28:48,40.63,0.005,1209,"Orinoco, River",South America,Venezuela,River,-67.3596,6.2668
2015-12-22 10:28:36,38.702,0.001,1209,"Orinoco, River",South America,Venezuela,River,-67.3596,6.2668
2016-01-26 10:28:31,37.318,0.027,1209,"Orinoco, River",South America,Venezuela,River,-67.3596,6.2668
2016-03-01 10:28:27,34.849,0.002,1209,"Orinoco, River",South America,Venezuela,River,-67.3596,6.2668
2016-04-05 10:28:31,32.39,0.004,1209,"Orinoco, River",South America,Venezuela,River,-67.3596,6.2668
2016-05-10 10:28:14,41.774,0.006,1209,"Orinoco, River",South America,Venezuela,River,-67.3596,6.2668
2018-12-19 02:12:01,11.741,0.018,15310,"Orinoco, River",South America,Venezuela,River,-64.2836,8.0805
2019-02-11 02:12:03,8.897,0.17,15310,"Orinoco, River",South America,Venezuela,River,-64.2836,8.0805
2019-03-10 02:12:08,8.36,0.047,15310,"Orinoco, River",South America,Venezuela,River,-64.2836,8.0805
2019-04-06 02:12:10,8.029,0.026,15310,"Orinoco, River",South America,Venezuela,River,-64.2836,8.0805
2019-05-03 02:12:09,9.984,0.015,15310,"Orinoco, River",South America,Venezuela,River,-64.2836,8.0805
2019-05-30 02:12:05,13.978,0.025,15310,"Orinoco, River",South America,Venezuela,River,-64.2836,8.0805
2019-06-26 02:12:03,16.791,0.02,15310,"Orinoco, River",South America,Venezuela,River,-64.2836,8.0805
2019-07-23 02:12:06,19.552,0.032,15310,"Orinoco, River",South America,Venezuela,River,-64.2836,8.0805
2019-08-19 02:12:05,20.867,0.003,15310,"Orinoco, River",South America,Venezuela,River,-64.2836,8.0805
2019-09-15 02:12:04,20.527,0.01,15310,"Orinoco, River",South America,Venezuela,River,-64.2836,8.0805
2019-10-12 02:12:02,17.453,0.006,15310,"Orinoco, River",South America,Venezuela,River,-64.2836,8.0805
2019-11-08 02:12:04,16.211,0.008,15310,"Orinoco, River",South America,Venezuela,River,-64.2836,8.0805
2020-01-28 02:12:03,9.881,0.015,15310,"Orinoco, River",South America,Venezuela,River,-64.2836,8.0805
2020-02-24 02:12:04,8.176,0.003,15310,"Orinoco, River",South America,Venezuela,River,-64.2836,8.0805
2020-04-18 02:12:08,8.083,0.006,15310,"Orinoco, River",South America,Venezuela,River,-64.2836,8.0805
2020-05-15 02:12:12,9.8,0.04,15310,"Orinoco, River",South America,Venezuela,River,-64.2836,8.0805
2020-06-11 02:12:15,13.908,0.008,15310,"Orinoco, River",South America,Venezuela,River,-64.2836,8.0805
2020-07-08 02:12:17,16.316,0.007,15310,"Orinoco, River",South America,Venezuela,River,-64.2836,8.0805
2020-08-04 02:12:17,18.657,0.001,15310,"Orinoco, River",South America,Venezuela,River,-64.2836,8.0805
2020-08-31 02:12:16,18.514,0.01,15310,"Orinoco, River",South America,Venezuela,River,-64.2836,8.0805
2020-09-27 02:12:13,16.37,0.023,15310,"Orinoco, River",South America,Venezuela,River,-64.2836,8.0805
2020-10-24 02:12:15,15.849,0.067,15310,"Orinoco, River",South America,Venezuela,River,-64.2836,8.0805
2020-12-17 02:12:16,14.849,0.007,15310,"Orinoco, River",South America,Venezuela,River,-64.2836,8.0805
2021-01-13 02:12:17,12.88,0.196,15310,"Orinoco, River",South America,Venezuela,River,-64.2836,8.0805
2021-02-09 02:12:13,10.201,0.017,15310,"Orinoco, River",South America,Venezuela,River,-64.2836,8.0805
2021-04-04 02:12:16,10.118,0.002,15310,"Orinoco, River",South America,Venezuela,River,-64.2836,8.0805
2021-05-01 02:12:18,13.279,0.022,15310,"Orinoco, River",South America,Venezuela,River,-64.2836,8.0805
2021-05-28 02:12:21,16.162,0.009,15310,"Orinoco, River",South America,Venezuela,River,-64.2836,8.0805
2021-06-24 02:12:25,18.998,0.026,15310,"Orinoco, River",South America,Venezuela,River,-64.2836,8.0805
2021-07-21 02:12:26,20.147,0.015,15310,"Orinoco, River",South America,Venezuela,River,-64.2836,8.0805
2021-08-17 02:12:28,21.621,0.004,15310,"Orinoco, River",South America,Venezuela,River,-64.2836,8.0805
2021-09-13 02:12:27,20.935,0.007,15310,"Orinoco, River",South America,Venezuela,River,-64.2836,8.0805
2021-10-10 02:12:22,19.126,0.012,15310,"Orinoco, River",South America,Venezuela,River,-64.2836,8.0805
2021-11-06 02:12:23,17.131,0.001,15310,"Orinoco, River",South America,Venezuela,River,-64.2836,8.0805
2021-12-30 02:12:24,11.666,0.17,15310,"Orinoco, River",South America,Venezuela,River,-64.2836,8.0805
2022-01-26 02:12:20,9.839,0.039,15310,"Orinoco, River",South America,Venezuela,River,-64.2836,8.0805
2022-03-21 02:12:22,10.294,0.019,15310,"Orinoco, River",South America,Venezuela,River,-64.2836,8.0805
2022-04-17 02:12:24,10.704,0.024,15310,"Orinoco, River",South America,Venezuela,River,-64.2836,8.0805
2022-05-14 02:12:30,13.6,0.075,15310,"Orinoco, River",South America,Venezuela,River,-64.2836,8.0805
2022-07-07 02:12:35,19.76,0.012,15310,"Orinoco, River",South America,Venezuela,River,-64.2836,8.0805
2022-08-03 02:12:36,21.085,0.02,15310,"Orinoco, River",South America,Venezuela,River,-64.2836,8.0805
2022-08-30 02:12:37,21.371,0.03,15310,"Orinoco, River",South America,Venezuela,River,-64.2836,8.0805
2022-09-26 02:12:33,20.278,0.01,15310,"Orinoco, River",South America,Venezuela,River,-64.2836,8.0805
2022-10-23 02:12:34,17.316,0.005,15310,"Orinoco, River",South America,Venezuela,River,-64.2836,8.0805
2022-11-19 02:12:36,16.92,0.031,15310,"Orinoco, River",South America,Venezuela,River,-64.2836,8.0805
2022-12-16 02:12:36,14.212,0.456,15310,"Orinoco, River",South America,Venezuela,River,-64.2836,8.0805
2023-01-12 02:12:32,10.988,0.007,15310,"Orinoco, River",South America,Venezuela,River,-64.2836,8.0805
2023-02-08 02:12:36,9.952,0.103,15310,"Orinoco, River",South America,Venezuela,River,-64.2836,8.0805
2023-04-03 02:12:33,9.221,0.064,15310,"Orinoco, River",South America,Venezuela,River,-64.2836,8.0805
2023-04-30 02:12:38,10.662,0.046,15310,"Orinoco, River",South America,Venezuela,River,-64.2836,8.0805
2023-05-27 02:12:41,13.401,0.02,15310,"Orinoco, River",South America,Venezuela,River,-64.2836,8.0805
2023-06-23 02:12:43,17.294,0.01,15310,"Orinoco, River",South America,Venezuela,River,-64.2836,8.0805
2023-07-20 02:12:46,19.059,0.024,15310,"Orinoco, River",South America,Venezuela,River,-64.2836,8.0805
2023-08-16 02:12:47,20.28,0.003,15310,"Orinoco, River",South America,Venezuela,River,-64.2836,8.0805
2023-09-12 02:12:43,18.629,0.011,15310,"Orinoco, River",South America,Venezuela,River,-64.2836,8.0805
2023-10-09 02:12:44,14.462,0.006,15310,"Orinoco, River",South America,Venezuela,River,-64.2836,8.0805
2023-11-05 02:12:48,13.061,0.0,15310,"Orinoco, River",South America,Venezuela,River,-64.2836,8.0805
2023-12-02 02:12:47,12.355,0.347,15310,"Orinoco, River",South America,Venezuela,River,-64.2836,8.0805
2023-12-29 02:12:45,10.344,0.02,15310,"Orinoco, River",South America,Venezuela,River,-64.2836,8.0805
2024-02-21 02:12:46,8.963,0.054,15310,"Orinoco, River",South America,Venezuela,River,-64.2836,8.0805
2024-03-19 02:12:44,9.391,0.171,15310,"Orinoco, River",South America,Venezuela,River,-64.2836,8.0805
2024-05-12 02:12:53,11.574,0.001,15310,"Orinoco, River",South America,Venezuela,River,-64.2836,8.0805
2024-06-08 02:12:58,16.663,0.013,15310,"Orinoco, River",South America,Venezuela,River,-64.2836,8.0805
2024-07-05 02:12:58,19.436,0.008,15310,"Orinoco, River",South America,Venezuela,River,-64.2836,8.0805
2024-08-01 02:13:00,21.997,0.011,15310,"Orinoco, River",South America,Venezuela,River,-64.2836,8.0805
2024-08-28 02:13:00,20.905,0.088,15310,"Orinoco, River",South America,Venezuela,River,-64.2836,8.0805
2024-09-24 02:12:56,18.123,0.011,15310,"Orinoco, River",South America,Venezuela,River,-64.2836,8.0805
2024-11-17 02:12:58,13.352,0.056,15310,"Orinoco, River",South America,Venezuela,River,-64.2836,8.0805
2024-12-14 02:12:58,12.702,0.139,15310,"Orinoco, River",South America,Venezuela,River,-64.2836,8.0805
2025-01-10 02:12:55,12.432,0.002,15310,"Orinoco, River",South America,Venezuela,River,-64.2836,8.0805
2025-02-06 02:12:54,10.133,0.011,15310,"Orinoco, River",South America,Venezuela,River,-64.2836,8.0805
2025-03-05 02:12:59,9.989,0.0,15310,"Orinoco, River",South America,Venezuela,River,-64.2836,8.0805
2025-04-01 02:12:56,10.621,0.006,15310,"Orinoco, River",South America,Venezuela,River,-64.2836,8.0805
2025-04-28 02:12:57,12.965,0.083,15310,"Orinoco, River",South America,Venezuela,River,-64.2836,8.0805
2025-05-25 02:13:04,15.767,0.012,15310,"Orinoco, River",South America,Venezuela,River,-64.2836,8.0805
2025-06-21 02:13:08,19.371,0.005,15310,"Orinoco, River",South America,Venezuela,River,-64.2836,8.0805
2025-07-18 02:13:11,22.062,0.084,15310,"Orinoco, River",South America,Venezuela,River,-64.2836,8.0805
2025-10-07 02:13:07,20.395,0.005,15310,"Orinoco, River",South America,Venezuela,River,-64.2836,8.0805
2025-11-03 02:13:12,17.47,0.031,15310,"Orinoco, River",South America,Venezuela,River,-64.2836,8.0805
2025-11-30 02:13:14,15.54,0.018,15310,"Orinoco, River",South America,Venezuela,River,-64.2836,8.0805
2016-05-19 02:24:46,40.783,0.01,13271,"Orinoco, River",South America,Venezuela,River,-67.1917,6.433
2016-06-15 02:24:47,42.857,0.003,13271,"Orinoco, River",South America,Venezuela,River,-67.1917,6.433
2016-07-12 02:24:47,44.978,0.012,13271,"Orinoco, River",South America,Venezuela,River,-67.1917,6.433
2016-08-08 02:24:46,45.287,0.0,13271,"Orinoco, River",South America,Venezuela,River,-67.1917,6.433
2016-09-04 02:24:45,43.985,0.061,13271,"Orinoco, River",South America,Venezuela,River,-67.1917,6.433
2016-10-01 02:24:50,42.758,0.076,13271,"Orinoco, River",South America,Venezuela,River,-67.1917,6.433
2016-10-28 02:24:47,40.942,0.0,13271,"Orinoco, River",South America,Venezuela,River,-67.1917,6.433
2016-11-24 02:24:45,39.787,0.006,13271,"Orinoco, River",South America,Venezuela,River,-67.1917,6.433
2016-12-21 02:24:44,38.517,0.057,13271,"Orinoco, River",South America,Venezuela,River,-67.1917,6.433
2017-01-17 02:24:47,37.556,0.034,13271,"Orinoco, River",South America,Venezuela,River,-67.1917,6.433
2017-02-13 02:24:47,35.489,0.047,13271,"Orinoco, River",South America,Venezuela,River,-67.1917,6.433
2017-03-12 02:24:45,34.673,0.02,13271,"Orinoco, River",South America,Venezuela,River,-67.1917,6.433
2017-04-08 02:24:50,36.74,0.057,13271,"Orinoco, River",South America,Venezuela,River,-67.1917,6.433
2017-05-05 02:24:53,38.492,0.042,13271,"Orinoco, River",South America,Venezuela,River,-67.1917,6.433
2017-06-28 02:24:55,43.839,0.016,13271,"Orinoco, River",South America,Venezuela,River,-67.1917,6.433
2017-07-25 02:24:53,44.892,0.003,13271,"Orinoco, River",South America,Venezuela,River,-67.1917,6.433
2017-08-21 02:24:50,44.242,0.105,13271,"Orinoco, River",South America,Venezuela,River,-67.1917,6.433
2017-09-17 02:24:48,41.372,0.002,13271,"Orinoco, River",South America,Venezuela,River,-67.1917,6.433
2017-10-14 02:24:52,41.252,0.091,13271,"Orinoco, River",South America,Venezuela,River,-67.1917,6.433
2017-11-10 02:24:53,40.468,0.01,13271,"Orinoco, River",South America,Venezuela,River,-67.1917,6.433
2017-12-07 02:24:49,38.422,0.036,13271,"Orinoco, River",South America,Venezuela,River,-67.1917,6.433
2018-01-03 02:24:52,35.456,0.027,13271,"Orinoco, River",South America,Venezuela,River,-67.1917,6.433
2018-01-30 02:24:55,35.525,0.089,13271,"Orinoco, River",South America,Venezuela,River,-67.1917,6.433
2018-02-26 02:24:54,33.647,0.053,13271,"Orinoco, River",South America,Venezuela,River,-67.1917,6.433
2018-03-25 02:24:53,33.179,0.143,13271,"Orinoco, River",South America,Venezuela,River,-67.1917,6.433
2018-04-21 02:24:57,35.929,0.011,13271,"Orinoco, River",South America,Venezuela,River,-67.1917,6.433
2018-05-18 02:24:57,41.339,0.057,13271,"Orinoco, River",South America,Venezuela,River,-67.1917,6.433
2018-06-14 02:24:58,43.85,0.07,13271,"Orinoco, River",South America,Venezuela,River,-67.1917,6.433
2018-07-11 02:24:57,45.43,0.065,13271,"Orinoco, River",South America,Venezuela,River,-67.1917,6.433
2018-08-07 02:24:54,46.316,0.008,13271,"Orinoco, River",South America,Venezuela,River,-67.1917,6.433
2018-09-03 02:24:52,45.416,0.022,13271,"Orinoco, River",South America,Venezuela,River,-67.1917,6.433
2018-09-30 02:24:56,43.989,0.001,13271,"Orinoco, River",South America,Venezuela,River,-67.1917,6.433
2018-10-27 02:24:58,40.922,0.129,13271,"Orinoco, River",South America,Venezuela,River,-67.1917,6.433
2018-11-23 02:24:56,39.168,0.004,13271,"Orinoco, River",South America,Venezuela,River,-67.1917,6.433
2018-12-20 02:24:51,36.6,0.028,13271,"Orinoco, River",South America,Venezuela,River,-67.1917,6.433
2019-01-16 02:24:55,34.675,0.022,13271,"Orinoco, River",South America,Venezuela,River,-67.1917,6.433
2019-02-12 02:24:56,34.228,0.102,13271,"Orinoco, River",South America,Venezuela,River,-67.1917,6.433
2019-03-11 02:24:54,33.454,0.067,13271,"Orinoco, River",South America,Venezuela,River,-67.1917,6.433
2019-04-07 02:24:59,34.112,0.018,13271,"Orinoco, River",South America,Venezuela,River,-67.1917,6.433
2019-05-04 02:25:02,37.023,0.004,13271,"Orinoco, River",South America,Venezuela,River,-67.1917,6.433
2019-05-31 02:25:02,40.593,0.018,13271,"Orinoco, River",South America,Venezuela,River,-67.1917,6.433
2019-06-27 02:25:02,43.443,0.056,13271,"Orinoco, River",South America,Venezuela,River,-67.1917,6.433
2019-07-24 02:25:01,44.64,0.004,13271,"Orinoco, River",South America,Venezuela,River,-67.1917,6.433
2019-08-20 02:24:57,44.92,0.004,13271,"Orinoco, River",South America,Venezuela,River,-67.1917,6.433
2019-09-16 02:24:58,43.544,0.007,13271,"Orinoco, River",South America,Venezuela,River,-67.1917,6.433
2019-10-13 02:25:00,41.004,0.078,13271,"Orinoco, River",South America,Venezuela,River,-67.1917,6.433
2019-11-09 02:24:59,40.562,0.102,13271,"Orinoco, River",South America,Venezuela,River,-67.1917,6.433
2019-12-06 02:24:55,39.051,0.035,13271,"Orinoco, River",South America,Venezuela,River,-67.1917,6.433
2020-01-02 02:24:57,37.554,0.11,13271,"Orinoco, River",South America,Venezuela,River,-67.1917,6.433
2020-01-29 02:24:59,35.132,0.17,13271,"Orinoco, River",South America,Venezuela,River,-67.1917,6.433
2020-02-25 02:24:58,33.476,0.029,13271,"Orinoco, River",South America,Venezuela,River,-67.1917,6.433
2020-03-23 02:25:00,33.339,0.024,13271,"Orinoco, River",South America,Venezuela,River,-67.1917,6.433
2020-04-19 02:25:04,34.771,0.051,13271,"Orinoco, River",South America,Venezuela,River,-67.1917,6.433
2020-05-16 02:25:06,37.575,0.113,13271,"Orinoco, River",South America,Venezuela,River,-67.1917,6.433
2020-06-12 02:25:04,40.655,0.004,13271,"Orinoco, River",South America,Venezuela,River,-67.1917,6.433
2020-07-09 02:25:05,42.942,0.007,13271,"Orinoco, River",South America,Venezuela,River,-67.1917,6.433
2020-08-05 02:25:04,43.667,0.017,13271,"Orinoco, River",South America,Venezuela,River,-67.1917,6.433
2020-09-01 02:25:00,42.734,0.025,13271,"Orinoco, River",South America,Venezuela,River,-67.1917,6.433
2020-09-28 02:25:03,38.214,0.635,13271,"Orinoco, River",South America,Venezuela,River,-67.1917,6.433
2020-10-25 02:25:04,40.457,0.056,13271,"Orinoco, River",South America,Venezuela,River,-67.1917,6.433
2020-11-21 02:25:00,39.718,0.362,13271,"Orinoco, River",South America,Venezuela,River,-67.1917,6.433
2020-12-18 02:24:57,39.519,0.041,13271,"Orinoco, River",South America,Venezuela,River,-67.1917,6.433
2021-01-14 02:25:03,37.839,0.148,13271,"Orinoco, River",South America,Venezuela,River,-67.1917,6.433
2021-02-10 02:25:05,33.715,0.155,13271,"Orinoco, River",South America,Venezuela,River,-67.1917,6.433
2021-03-09 02:25:02,34.213,0.013,13271,"Orinoco, River",South America,Venezuela,River,-67.1917,6.433
2021-04-05 02:25:06,36.107,0.004,13271,"Orinoco, River",South America,Venezuela,River,-67.1917,6.433
2021-05-02 02:25:10,39.216,0.039,13271,"Orinoco, River",South America,Venezuela,River,-67.1917,6.433
2021-05-29 02:25:09,42.503,0.016,13271,"Orinoco, River",South America,Venezuela,River,-67.1917,6.433
2021-06-25 02:25:11,44.211,0.032,13271,"Orinoco, River",South America,Venezuela,River,-67.1917,6.433
2021-07-22 02:25:10,44.483,0.007,13271,"Orinoco, River",South America,Venezuela,River,-67.1917,6.433
2021-08-18 02:25:07,44.8,0.022,13271,"Orinoco, River",South America,Venezuela,River,-67.1917,6.433
2021-09-14 02:25:06,43.762,0.013,13271,"Orinoco, River",South America,Venezuela,River,-67.1917,6.433
2021-10-11 02:25:08,42.485,0.044,13271,"Orinoco, River",South America,Venezuela,River,-67.1917,6.433
2021-11-07 02:25:07,41.094,0.029,13271,"Orinoco, River",South America,Venezuela,River,-67.1917,6.433
2021-12-04 02:25:06,38.614,0.322,13271,"Orinoco, River",South America,Venezuela,River,-67.1917,6.433
2021-12-31 02:25:07,37.002,0.123,13271,"Orinoco, River",South America,Venezuela,River,-67.1917,6.433
2022-01-27 02:25:12,34.579,0.028,13271,"Orinoco, River",South America,Venezuela,River,-67.1917,6.433
2022-02-23 02:25:09,34.831,0.166,13271,"Orinoco, River",South America,Venezuela,River,-67.1917,6.433
2022-03-22 02:25:09,35.486,0.013,13271,"Orinoco, River",South America,Venezuela,River,-67.1917,6.433
2022-04-18 02:25:11,36.78,0.159,13271,"Orinoco, River",South America,Venezuela,River,-67.1917,6.433
2022-05-15 02:25:11,40.074,0.002,13271,"Orinoco, River",South America,Venezuela,River,-67.1917,6.433
2022-06-11 02:25:10,43.001,0.006,13271,"Orinoco, River",South America,Venezuela,River,-67.1917,6.433
2022-07-08 02:25:09,44.156,0.069,13271,"Orinoco, River",South America,Venezuela,River,-67.1917,6.433
2022-08-04 02:25:06,45.149,0.024,13271,"Orinoco, River",South America,Venezuela,River,-67.1917,6.433
2022-08-31 02:25:04,44.542,0.001,13271,"Orinoco, River",South America,Venezuela,River,-67.1917,6.433
2022-09-27 02:25:06,42.757,0.021,13271,"Orinoco, River",South America,Venezuela,River,-67.1917,6.433
2022-10-24 02:25:06,40.856,0.0,13271,"Orinoco, River",South America,Venezuela,River,-67.1917,6.433
2022-11-20 02:25:02,40.631,0.016,13271,"Orinoco, River",South America,Venezuela,River,-67.1917,6.433
2022-12-17 02:25:02,38.48,0.0,13271,"Orinoco, River",South America,Venezuela,River,-67.1917,6.433
2023-01-13 02:25:04,35.547,0.237,13271,"Orinoco, River",South America,Venezuela,River,-67.1917,6.433
2023-02-09 02:25:06,34.591,0.222,13271,"Orinoco, River",South America,Venezuela,River,-67.1917,6.433
2023-03-08 02:25:04,33.977,0.054,13271,"Orinoco, River",South America,Venezuela,River,-67.1917,6.433
2023-04-04 02:25:08,34.714,0.002,13271,"Orinoco, River",South America,Venezuela,River,-67.1917,6.433
2023-05-01 02:25:09,37.021,0.329,13271,"Orinoco, River",South America,Venezuela,River,-67.1917,6.433
2023-05-28 02:25:09,39.844,0.001,13271,"Orinoco, River",South America,Venezuela,River,-67.1917,6.433
2023-06-24 02:25:05,42.498,0.009,13271,"Orinoco, River",South America,Venezuela,River,-67.1917,6.433
2023-07-21 02:25:02,43.812,0.018,13271,"Orinoco, River",South America,Venezuela,River,-67.1917,6.433
2023-08-17 02:24:57,44.065,0.057,13271,"Orinoco, River",South America,Venezuela,River,-67.1917,6.433
2023-09-13 02:25:02,41.178,0.009,13271,"Orinoco, River",South America,Venezuela,River,-67.1917,6.433
2023-11-06 02:25:01,38.184,0.046,13271,"Orinoco, River",South America,Venezuela,River,-67.1917,6.433
2023-12-03 02:24:59,37.364,0.02,13271,"Orinoco, River",South America,Venezuela,River,-67.1917,6.433
2023-12-30 02:25:04,35.774,0.014,13271,"Orinoco, River",South America,Venezuela,River,-67.1917,6.433
2024-01-26 02:25:04,34.479,0.079,13271,"Orinoco, River",South America,Venezuela,River,-67.1917,6.433
2024-02-22 02:25:04,34.26,0.005,13271,"Orinoco, River",South America,Venezuela,River,-67.1917,6.433
2024-03-20 02:25:05,33.251,0.028,13271,"Orinoco, River",South America,Venezuela,River,-67.1917,6.433
2024-04-16 02:25:09,34.541,0.007,13271,"Orinoco, River",South America,Venezuela,River,-67.1917,6.433
2024-05-13 02:25:10,38.548,0.005,13271,"Orinoco, River",South America,Venezuela,River,-67.1917,6.433
2024-06-09 02:25:11,42.499,0.006,13271,"Orinoco, River",South America,Venezuela,River,-67.1917,6.433
2024-07-06 02:25:08,44.102,0.007,13271,"Orinoco, River",South America,Venezuela,River,-67.1917,6.433
2024-08-02 02:25:06,44.538,0.017,13271,"Orinoco, River",South America,Venezuela,River,-67.1917,6.433
2024-08-29 02:25:02,42.477,0.188,13271,"Orinoco, River",South America,Venezuela,River,-67.1917,6.433
2024-09-25 02:25:04,39.878,0.004,13271,"Orinoco, River",South America,Venezuela,River,-67.1917,6.433
2024-10-22 02:25:06,36.845,0.051,13271,"Orinoco, River",South America,Venezuela,River,-67.1917,6.433
2024-11-18 02:25:03,37.512,0.056,13271,"Orinoco, River",South America,Venezuela,River,-67.1917,6.433
2024-12-15 02:25:00,37.025,0.047,13271,"Orinoco, River",South America,Venezuela,River,-67.1917,6.433
2025-01-11 02:25:04,37.186,0.015,13271,"Orinoco, River",South America,Venezuela,River,-67.1917,6.433
2025-02-07 02:25:07,34.964,0.006,13271,"Orinoco, River",South America,Venezuela,River,-67.1917,6.433
2025-03-06 02:25:05,34.599,0.009,13271,"Orinoco, River",South America,Venezuela,River,-67.1917,6.433
2025-04-02 02:25:07,36.161,0.001,13271,"Orinoco, River",South America,Venezuela,River,-67.1917,6.433
2025-04-29 02:25:12,38.559,0.001,13271,"Orinoco, River",South America,Venezuela,River,-67.1917,6.433
2025-05-26 02:25:14,41.661,0.009,13271,"Orinoco, River",South America,Venezuela,River,-67.1917,6.433
2025-06-22 02:25:14,42.595,0.093,13271,"Orinoco, River",South America,Venezuela,River,-67.1917,6.433
2025-07-19 02:25:14,45.625,0.039,13271,"Orinoco, River",South America,Venezuela,River,-67.1917,6.433
2025-08-15 02:25:12,45.431,0.125,13271,"Orinoco, River",South America,Venezuela,River,-67.1917,6.433
2025-09-11 02:25:09,44.398,0.001,13271,"Orinoco, River",South America,Venezuela,River,-67.1917,6.433
2025-10-08 02:25:12,42.299,0.006,13271,"Orinoco, River",South America,Venezuela,River,-67.1917,6.433
2025-11-04 02:25:14,40.886,0.009,13271,"Orinoco, River",South America,Venezuela,River,-67.1917,6.433
2025-12-01 02:25:11,40.219,0.013,13271,"Orinoco, River",South America,Venezuela,River,-67.1917,6.433
2018-12-04 14:34:21,62.555,0.013,23576,"Orinoco, River",South America,Venezuela,River,-67.8456,5.2839
2018-12-31 14:34:23,59.274,0.244,23576,"Orinoco, River",South America,Venezuela,River,-67.8456,5.2839
2019-01-27 14:34:24,57.66,0.007,23576,"Orinoco, River",South America,Venezuela,River,-67.8456,5.2839
2019-02-23 14:34:26,57.104,0.02,23576,"Orinoco, River",South America,Venezuela,River,-67.8456,5.2839
2019-03-22 14:34:30,56.887,0.031,23576,"Orinoco, River",South America,Venezuela,River,-67.8456,5.2839
2019-04-18 14:34:31,57.595,0.004,23576,"Orinoco, River",South America,Venezuela,River,-67.8456,5.2839
2019-05-15 14:34:28,62.491,0.001,23576,"Orinoco, River",South America,Venezuela,River,-67.8456,5.2839
2019-06-11 14:34:23,65.647,0.018,23576,"Orinoco, River",South America,Venezuela,River,-67.8456,5.2839
2019-07-08 14:34:25,68.44,0.022,23576,"Orinoco, River",South America,Venezuela,River,-67.8456,5.2839
2019-08-04 14:34:26,68.477,0.037,23576,"Orinoco, River",South America,Venezuela,River,-67.8456,5.2839
2019-08-31 14:34:25,68.85,0.027,23576,"Orinoco, River",South America,Venezuela,River,-67.8456,5.2839
2019-09-27 14:34:24,66.32,0.001,23576,"Orinoco, River",South America,Venezuela,River,-67.8456,5.2839
2019-10-24 14:34:22,65.116,0.022,23576,"Orinoco, River",South America,Venezuela,River,-67.8456,5.2839
2019-11-20 14:34:26,63.606,0.034,23576,"Orinoco, River",South America,Venezuela,River,-67.8456,5.2839
2019-12-17 14:34:26,61.657,0.003,23576,"Orinoco, River",South America,Venezuela,River,-67.8456,5.2839
2020-02-09 14:34:23,58.085,0.063,23576,"Orinoco, River",South America,Venezuela,River,-67.8456,5.2839
2020-03-07 14:34:26,56.675,0.021,23576,"Orinoco, River",South America,Venezuela,River,-67.8456,5.2839
2020-04-03 14:34:27,56.338,0.065,23576,"Orinoco, River",South America,Venezuela,River,-67.8456,5.2839
2020-04-30 14:34:31,58.39,0.068,23576,"Orinoco, River",South America,Venezuela,River,-67.8456,5.2839
2020-05-27 14:34:33,63.269,0.034,23576,"Orinoco, River",South America,Venezuela,River,-67.8456,5.2839
2020-06-23 14:34:37,65.771,0.027,23576,"Orinoco, River",South America,Venezuela,River,-67.8456,5.2839
2020-07-20 14:34:37,67.527,0.029,23576,"Orinoco, River",South America,Venezuela,River,-67.8456,5.2839
2020-08-16 14:34:37,67.076,0.067,23576,"Orinoco, River",South America,Venezuela,River,-67.8456,5.2839
2020-09-12 14:34:36,65.299,0.01,23576,"Orinoco, River",South America,Venezuela,River,-67.8456,5.2839
2020-10-09 14:34:33,63.851,0.04,23576,"Orinoco, River",South America,Venezuela,River,-67.8456,5.2839
2020-11-05 14:34:38,63.367,0.013,23576,"Orinoco, River",South America,Venezuela,River,-67.8456,5.2839
2020-12-02 14:34:39,63.575,0.005,23576,"Orinoco, River",South America,Venezuela,River,-67.8456,5.2839
2020-12-29 14:34:38,62.128,0.015,23576,"Orinoco, River",South America,Venezuela,River,-67.8456,5.2839
2021-01-25 14:34:35,60.312,0.004,23576,"Orinoco, River",South America,Venezuela,River,-67.8456,5.2839
2021-02-21 14:34:36,58.069,0.035,23576,"Orinoco, River",South America,Venezuela,River,-67.8456,5.2839
2021-03-20 14:34:37,58.55,0.005,23576,"Orinoco, River",South America,Venezuela,River,-67.8456,5.2839
2021-04-16 14:34:35,62.406,0.016,23576,"Orinoco, River",South America,Venezuela,River,-67.8456,5.2839
2021-05-13 14:34:39,65.128,0.031,23576,"Orinoco, River",South America,Venezuela,River,-67.8456,5.2839
2021-06-09 14:34:44,67.716,0.022,23576,"Orinoco, River",South America,Venezuela,River,-67.8456,5.2839
2021-07-06 14:34:47,68.322,0.053,23576,"Orinoco, River",South America,Venezuela,River,-67.8456,5.2839
2021-08-02 14:34:48,68.883,0.017,23576,"Orinoco, River",South America,Venezuela,River,-67.8456,5.2839
2021-08-29 14:34:48,68.063,0.066,23576,"Orinoco, River",South America,Venezuela,River,-67.8456,5.2839
2021-09-25 14:34:45,67.173,0.04,23576,"Orinoco, River",South America,Venezuela,River,-67.8456,5.2839
2021-10-22 14:34:41,64.611,0.008,23576,"Orinoco, River",South America,Venezuela,River,-67.8456,5.2839
2021-11-18 14:34:44,63.531,0.036,23576,"Orinoco, River",South America,Venezuela,River,-67.8456,5.2839
2021-12-15 14:34:45,61.458,0.023,23576,"Orinoco, River",South America,Venezuela,River,-67.8456,5.2839
2022-01-11 14:34:42,58.764,0.004,23576,"Orinoco, River",South America,Venezuela,River,-67.8456,5.2839
2022-02-07 14:34:41,57.249,0.005,23576,"Orinoco, River",South America,Venezuela,River,-67.8456,5.2839
2022-03-06 14:34:43,58.337,0.012,23576,"Orinoco, River",South America,Venezuela,River,-67.8456,5.2839
2022-04-02 14:34:43,60.94,0.003,23576,"Orinoco, River",South America,Venezuela,River,-67.8456,5.2839
2022-04-29 14:34:47,61.729,0.024,23576,"Orinoco, River",South America,Venezuela,River,-67.8456,5.2839
2022-05-26 14:34:51,66.067,0.003,23576,"Orinoco, River",South America,Venezuela,River,-67.8456,5.2839
2022-06-22 14:34:55,67.717,0.008,23576,"Orinoco, River",South America,Venezuela,River,-67.8456,5.2839
2022-07-19 14:34:57,68.736,0.021,23576,"Orinoco, River",South America,Venezuela,River,-67.8456,5.2839
2022-08-15 14:34:57,68.834,0.007,23576,"Orinoco, River",South America,Venezuela,River,-67.8456,5.2839
2022-09-11 14:34:56,67.845,0.016,23576,"Orinoco, River",South America,Venezuela,River,-67.8456,5.2839
2022-10-08 14:34:53,64.609,0.007,23576,"Orinoco, River",South America,Venezuela,River,-67.8456,5.2839
2022-11-04 14:34:57,64.326,0.0,23576,"Orinoco, River",South America,Venezuela,River,-67.8456,5.2839
2022-12-01 14:34:57,63.897,0.006,23576,"Orinoco, River",South America,Venezuela,River,-67.8456,5.2839
2022-12-28 14:34:56,59.732,0.002,23576,"Orinoco, River",South America,Venezuela,River,-67.8456,5.2839
2023-01-24 14:34:52,59.839,0.078,23576,"Orinoco, River",South America,Venezuela,River,-67.8456,5.2839
2023-02-20 14:34:56,58.05,0.002,23576,"Orinoco, River",South America,Venezuela,River,-67.8456,5.2839
2023-03-19 14:34:55,58.643,0.06,23576,"Orinoco, River",South America,Venezuela,River,-67.8456,5.2839
2023-04-15 14:34:56,58.755,0.004,23576,"Orinoco, River",South America,Venezuela,River,-67.8456,5.2839
2023-05-12 14:34:59,61.425,0.025,23576,"Orinoco, River",South America,Venezuela,River,-67.8456,5.2839
2023-06-08 14:35:02,65.508,0.034,23576,"Orinoco, River",South America,Venezuela,River,-67.8456,5.2839
2023-07-05 14:35:05,66.821,0.059,23576,"Orinoco, River",South America,Venezuela,River,-67.8456,5.2839
2023-08-01 14:35:06,67.963,0.01,23576,"Orinoco, River",South America,Venezuela,River,-67.8456,5.2839
2023-08-28 14:35:05,66.821,0.015,23576,"Orinoco, River",South America,Venezuela,River,-67.8456,5.2839
2023-09-24 14:35:02,62.851,0.008,23576,"Orinoco, River",South America,Venezuela,River,-67.8456,5.2839
2023-10-21 14:35:07,60.73,0.01,23576,"Orinoco, River",South America,Venezuela,River,-67.8456,5.2839
2023-11-17 14:35:07,61.093,0.015,23576,"Orinoco, River",South America,Venezuela,River,-67.8456,5.2839
2023-12-14 14:35:07,59.407,0.065,23576,"Orinoco, River",South America,Venezuela,River,-67.8456,5.2839
2024-01-10 14:35:02,58.953,0.016,23576,"Orinoco, River",South America,Venezuela,River,-67.8456,5.2839
2024-02-06 14:35:06,57.072,0.009,23576,"Orinoco, River",South America,Venezuela,River,-67.8456,5.2839
2024-03-04 14:35:07,56.7,0.006,23576,"Orinoco, River",South America,Venezuela,River,-67.8456,5.2839
2024-03-31 14:35:05,56.888,0.025,23576,"Orinoco, River",South America,Venezuela,River,-67.8456,5.2839
2024-04-27 14:35:10,59.227,0.022,23576,"Orinoco, River",South America,Venezuela,River,-67.8456,5.2839
2024-05-24 14:35:13,64.95,0.046,23576,"Orinoco, River",South America,Venezuela,River,-67.8456,5.2839
2024-06-20 14:35:16,67.588,0.007,23576,"Orinoco, River",South America,Venezuela,River,-67.8456,5.2839
2024-07-17 14:35:20,68.96,0.142,23576,"Orinoco, River",South America,Venezuela,River,-67.8456,5.2839
2024-08-13 14:35:18,68.618,0.094,23576,"Orinoco, River",South America,Venezuela,River,-67.8456,5.2839
2024-09-09 14:35:18,66.117,0.012,23576,"Orinoco, River",South America,Venezuela,River,-67.8456,5.2839
2024-10-06 14:35:14,62.865,0.022,23576,"Orinoco, River",South America,Venezuela,River,-67.8456,5.2839
2024-11-02 14:35:19,61.233,0.009,23576,"Orinoco, River",South America,Venezuela,River,-67.8456,5.2839
2024-11-29 14:35:20,62.606,0.007,23576,"Orinoco, River",South America,Venezuela,River,-67.8456,5.2839
2024-12-26 14:35:18,60.528,0.008,23576,"Orinoco, River",South America,Venezuela,River,-67.8456,5.2839
2025-02-18 14:35:19,58.226,0.061,23576,"Orinoco, River",South America,Venezuela,River,-67.8456,5.2839
2025-03-17 14:35:18,58.947,0.065,23576,"Orinoco, River",South America,Venezuela,River,-67.8456,5.2839
2025-04-13 14:35:18,62.812,0.001,23576,"Orinoco, River",South America,Venezuela,River,-67.8456,5.2839
2025-05-10 14:35:22,64.534,0.02,23576,"Orinoco, River",South America,Venezuela,River,-67.8456,5.2839
2025-06-06 14:35:25,67.924,0.024,23576,"Orinoco, River",South America,Venezuela,River,-67.8456,5.2839
2025-07-03 14:35:31,69.756,0.039,23576,"Orinoco, River",South America,Venezuela,River,-67.8456,5.2839
2025-07-30 14:35:31,70.886,0.0,23576,"Orinoco, River",South America,Venezuela,River,-67.8456,5.2839
2025-08-26 14:35:33,69.558,0.013,23576,"Orinoco, River",South America,Venezuela,River,-67.8456,5.2839
2025-09-22 14:35:31,68.361,0.041,23576,"Orinoco, River",South America,Venezuela,River,-67.8456,5.2839
2025-10-19 14:35:30,65.522,0.009,23576,"Orinoco, River",South America,Venezuela,River,-67.8456,5.2839
2025-11-15 14:35:34,64.564,0.01,23576,"Orinoco, River",South America,Venezuela,River,-67.8456,5.2839
2016-05-15 02:27:50,83.442,0.003,13504,"Orinoco, River",South America,Venezuela,River,-67.5838,4.0143
2016-06-11 02:27:50,85.414,0.015,13504,"Orinoco, River",South America,Venezuela,River,-67.5838,4.0143
2016-07-08 02:27:51,87.132,0.006,13504,"Orinoco, River",South America,Venezuela,River,-67.5838,4.0143
2016-08-04 02:27:49,87.678,0.006,13504,"Orinoco, River",South America,Venezuela,River,-67.5838,4.0143
2016-08-31 02:27:47,87.175,0.037,13504,"Orinoco, River",South America,Venezuela,River,-67.5838,4.0143
2016-10-24 02:27:52,83.219,0.002,13504,"Orinoco, River",South America,Venezuela,River,-67.5838,4.0143
2016-11-20 02:27:49,81.663,0.027,13504,"Orinoco, River",South America,Venezuela,River,-67.5838,4.0143
2016-12-17 02:27:47,81.016,0.002,13504,"Orinoco, River",South America,Venezuela,River,-67.5838,4.0143
2017-01-13 02:27:50,80.98,0.017,13504,"Orinoco, River",South America,Venezuela,River,-67.5838,4.0143
2017-02-09 02:27:51,80.404,0.002,13504,"Orinoco, River",South America,Venezuela,River,-67.5838,4.0143
2017-03-08 02:27:49,80.021,0.003,13504,"Orinoco, River",South America,Venezuela,River,-67.5838,4.0143
2017-04-04 02:27:53,80.961,0.017,13504,"Orinoco, River",South America,Venezuela,River,-67.5838,4.0143
2017-05-01 02:27:55,81.298,0.043,13504,"Orinoco, River",South America,Venezuela,River,-67.5838,4.0143
2017-05-28 02:28:00,84.419,0.0,13504,"Orinoco, River",South America,Venezuela,River,-67.5838,4.0143
2017-06-24 02:27:59,86.249,0.006,13504,"Orinoco, River",South America,Venezuela,River,-67.5838,4.0143
2017-07-21 02:27:56,87.644,0.006,13504,"Orinoco, River",South America,Venezuela,River,-67.5838,4.0143
2017-08-17 02:27:54,87.99,0.005,13504,"Orinoco, River",South America,Venezuela,River,-67.5838,4.0143
2017-09-13 02:27:51,84.109,0.004,13504,"Orinoco, River",South America,Venezuela,River,-67.5838,4.0143
2017-10-10 02:27:55,83.308,0.002,13504,"Orinoco, River",South America,Venezuela,River,-67.5838,4.0143
2017-11-06 02:27:56,82.128,0.001,13504,"Orinoco, River",South America,Venezuela,River,-67.5838,4.0143
2017-12-03 02:27:53,81.063,0.016,13504,"Orinoco, River",South America,Venezuela,River,-67.5838,4.0143
2017-12-30 02:27:55,79.942,0.012,13504,"Orinoco, River",South America,Venezuela,River,-67.5838,4.0143
2018-01-26 02:27:58,80.219,0.005,13504,"Orinoco, River",South America,Venezuela,River,-67.5838,4.0143
2018-02-22 02:27:58,79.248,0.003,13504,"Orinoco, River",South America,Venezuela,River,-67.5838,4.0143
2018-03-21 02:27:55,78.963,0.003,13504,"Orinoco, River",South America,Venezuela,River,-67.5838,4.0143
2018-04-17 02:28:00,80.315,0.0,13504,"Orinoco, River",South America,Venezuela,River,-67.5838,4.0143
2018-05-14 02:28:00,84.259,0.005,13504,"Orinoco, River",South America,Venezuela,River,-67.5838,4.0143
2018-06-10 02:28:01,86.876,0.001,13504,"Orinoco, River",South America,Venezuela,River,-67.5838,4.0143
2018-07-07 02:28:01,88.332,0.017,13504,"Orinoco, River",South America,Venezuela,River,-67.5838,4.0143
2018-08-03 02:27:57,89.896,0.002,13504,"Orinoco, River",South America,Venezuela,River,-67.5838,4.0143
2018-08-30 02:27:54,88.733,0.004,13504,"Orinoco, River",South America,Venezuela,River,-67.5838,4.0143
2018-09-26 02:27:59,87.045,0.001,13504,"Orinoco, River",South America,Venezuela,River,-67.5838,4.0143
2018-10-23 02:28:02,82.018,0.081,13504,"Orinoco, River",South America,Venezuela,River,-67.5838,4.0143
2018-12-16 02:27:55,80.362,0.006,13504,"Orinoco, River",South America,Venezuela,River,-67.5838,4.0143
2019-01-12 02:27:58,79.754,0.011,13504,"Orinoco, River",South America,Venezuela,River,-67.5838,4.0143
2019-02-08 02:28:00,79.385,0.011,13504,"Orinoco, River",South America,Venezuela,River,-67.5838,4.0143
2019-03-07 02:27:58,79.045,0.015,13504,"Orinoco, River",South America,Venezuela,River,-67.5838,4.0143
2019-04-03 02:28:02,79.284,0.01,13504,"Orinoco, River",South America,Venezuela,River,-67.5838,4.0143
2019-04-30 02:28:05,80.007,0.003,13504,"Orinoco, River",South America,Venezuela,River,-67.5838,4.0143
2019-05-27 02:28:06,83.407,0.021,13504,"Orinoco, River",South America,Venezuela,River,-67.5838,4.0143
2019-06-23 02:28:05,86.144,0.011,13504,"Orinoco, River",South America,Venezuela,River,-67.5838,4.0143
2019-07-20 02:28:05,87.268,0.025,13504,"Orinoco, River",South America,Venezuela,River,-67.5838,4.0143
2019-08-16 02:28:01,88.14,0.001,13504,"Orinoco, River",South America,Venezuela,River,-67.5838,4.0143
2019-09-12 02:28:02,87.137,0.006,13504,"Orinoco, River",South America,Venezuela,River,-67.5838,4.0143
2019-10-09 02:28:04,83.243,0.019,13504,"Orinoco, River",South America,Venezuela,River,-67.5838,4.0143
2019-11-05 02:28:03,82.95,0.016,13504,"Orinoco, River",South America,Venezuela,River,-67.5838,4.0143
2019-12-02 02:27:59,81.601,0.02,13504,"Orinoco, River",South America,Venezuela,River,-67.5838,4.0143
2019-12-29 02:28:00,81.409,0.012,13504,"Orinoco, River",South America,Venezuela,River,-67.5838,4.0143
2020-01-25 02:28:02,79.987,0.023,13504,"Orinoco, River",South America,Venezuela,River,-67.5838,4.0143
2020-02-21 02:28:02,79.229,0.029,13504,"Orinoco, River",South America,Venezuela,River,-67.5838,4.0143
2020-03-19 02:28:02,79.259,0.015,13504,"Orinoco, River",South America,Venezuela,River,-67.5838,4.0143
2020-04-15 02:28:07,79.843,0.007,13504,"Orinoco, River",South America,Venezuela,River,-67.5838,4.0143
2020-05-12 02:28:09,81.397,0.003,13504,"Orinoco, River",South America,Venezuela,River,-67.5838,4.0143
2020-06-08 02:28:08,83.909,0.034,13504,"Orinoco, River",South America,Venezuela,River,-67.5838,4.0143
2020-07-05 02:28:08,86.531,0.011,13504,"Orinoco, River",South America,Venezuela,River,-67.5838,4.0143
2020-08-01 02:28:07,86.768,0.007,13504,"Orinoco, River",South America,Venezuela,River,-67.5838,4.0143
2020-08-28 02:28:04,85.733,0.003,13504,"Orinoco, River",South America,Venezuela,River,-67.5838,4.0143
2020-09-24 02:28:06,84.061,0.001,13504,"Orinoco, River",South America,Venezuela,River,-67.5838,4.0143
2020-11-17 02:28:05,82.661,0.027,13504,"Orinoco, River",South America,Venezuela,River,-67.5838,4.0143
2021-01-10 02:28:06,81.946,0.001,13504,"Orinoco, River",South America,Venezuela,River,-67.5838,4.0143
2021-02-06 02:28:09,80.359,0.002,13504,"Orinoco, River",South America,Venezuela,River,-67.5838,4.0143
2021-03-05 02:28:06,79.86,0.033,13504,"Orinoco, River",South America,Venezuela,River,-67.5838,4.0143
2021-04-01 02:28:08,80.918,0.003,13504,"Orinoco, River",South America,Venezuela,River,-67.5838,4.0143
2021-04-28 02:28:13,82.195,0.019,13504,"Orinoco, River",South America,Venezuela,River,-67.5838,4.0143
2021-05-25 02:28:13,85.268,0.036,13504,"Orinoco, River",South America,Venezuela,River,-67.5838,4.0143
2021-06-21 02:28:14,87.237,0.005,13504,"Orinoco, River",South America,Venezuela,River,-67.5838,4.0143
2021-07-18 02:28:14,87.719,0.013,13504,"Orinoco, River",South America,Venezuela,River,-67.5838,4.0143
2021-08-14 02:28:10,88.031,0.043,13504,"Orinoco, River",South America,Venezuela,River,-67.5838,4.0143
2021-09-10 02:28:09,87.27,0.009,13504,"Orinoco, River",South America,Venezuela,River,-67.5838,4.0143
2021-10-07 02:28:12,85.277,0.04,13504,"Orinoco, River",South America,Venezuela,River,-67.5838,4.0143
2021-11-03 02:28:10,83.669,0.009,13504,"Orinoco, River",South America,Venezuela,River,-67.5838,4.0143
2021-11-30 02:28:10,81.777,0.008,13504,"Orinoco, River",South America,Venezuela,River,-67.5838,4.0143
2021-12-27 02:28:10,81.733,0.01,13504,"Orinoco, River",South America,Venezuela,River,-67.5838,4.0143
2022-01-23 02:28:15,80.247,0.006,13504,"Orinoco, River",South America,Venezuela,River,-67.5838,4.0143
2022-02-19 02:28:13,79.871,0.016,13504,"Orinoco, River",South America,Venezuela,River,-67.5838,4.0143
2022-03-18 02:28:12,80.709,0.004,13504,"Orinoco, River",South America,Venezuela,River,-67.5838,4.0143
2022-04-14 02:28:13,81.492,0.001,13504,"Orinoco, River",South America,Venezuela,River,-67.5838,4.0143
2022-05-11 02:28:15,82.642,0.001,13504,"Orinoco, River",South America,Venezuela,River,-67.5838,4.0143
2022-06-07 02:28:14,86.046,0.002,13504,"Orinoco, River",South America,Venezuela,River,-67.5838,4.0143
2022-07-04 02:28:13,87.353,0.003,13504,"Orinoco, River",South America,Venezuela,River,-67.5838,4.0143
2022-07-31 02:28:10,88.226,0.0,13504,"Orinoco, River",South America,Venezuela,River,-67.5838,4.0143
2022-08-27 02:28:06,87.381,0.006,13504,"Orinoco, River",South America,Venezuela,River,-67.5838,4.0143
2022-09-23 02:28:10,85.601,0.004,13504,"Orinoco, River",South America,Venezuela,River,-67.5838,4.0143
2022-10-20 02:28:10,83.173,0.029,13504,"Orinoco, River",South America,Venezuela,River,-67.5838,4.0143
2022-11-16 02:28:07,82.782,0.01,13504,"Orinoco, River",South America,Venezuela,River,-67.5838,4.0143
2022-12-13 02:28:05,82.187,0.049,13504,"Orinoco, River",South America,Venezuela,River,-67.5838,4.0143
2023-01-09 02:28:08,81.128,0.012,13504,"Orinoco, River",South America,Venezuela,River,-67.5838,4.0143
2023-02-05 02:28:10,80.271,0.01,13504,"Orinoco, River",South America,Venezuela,River,-67.5838,4.0143
2023-03-04 02:28:07,80.145,0.005,13504,"Orinoco, River",South America,Venezuela,River,-67.5838,4.0143
2023-03-31 02:28:12,79.792,0.008,13504,"Orinoco, River",South America,Venezuela,River,-67.5838,4.0143
2023-04-27 02:28:12,81.326,0.004,13504,"Orinoco, River",South America,Venezuela,River,-67.5838,4.0143
2023-05-24 02:28:12,82.776,0.003,13504,"Orinoco, River",South America,Venezuela,River,-67.5838,4.0143
2023-06-20 02:28:09,85.056,0.008,13504,"Orinoco, River",South America,Venezuela,River,-67.5838,4.0143
2023-07-17 02:28:07,86.597,0.003,13504,"Orinoco, River",South America,Venezuela,River,-67.5838,4.0143
2023-08-13 02:28:02,86.92,0.015,13504,"Orinoco, River",South America,Venezuela,River,-67.5838,4.0143
2023-09-09 02:28:05,83.9,0.004,13504,"Orinoco, River",South America,Venezuela,River,-67.5838,4.0143
2023-10-06 02:28:06,81.288,0.011,13504,"Orinoco, River",South America,Venezuela,River,-67.5838,4.0143
2023-11-02 02:28:06,81.03,0.025,13504,"Orinoco, River",South America,Venezuela,River,-67.5838,4.0143
2023-11-29 02:28:02,80.871,0.013,13504,"Orinoco, River",South America,Venezuela,River,-67.5838,4.0143
2023-12-26 02:28:07,80.0,0.0,13504,"Orinoco, River",South America,Venezuela,River,-67.5838,4.0143
2024-01-22 02:28:07,79.766,0.004,13504,"Orinoco, River",South America,Venezuela,River,-67.5838,4.0143
2024-02-18 02:28:08,79.374,0.013,13504,"Orinoco, River",South America,Venezuela,River,-67.5838,4.0143
2024-03-16 02:28:08,79.287,0.011,13504,"Orinoco, River",South America,Venezuela,River,-67.5838,4.0143
2024-04-12 02:28:12,79.505,0.005,13504,"Orinoco, River",South America,Venezuela,River,-67.5838,4.0143
2024-06-05 02:28:14,85.264,0.011,13504,"Orinoco, River",South America,Venezuela,River,-67.5838,4.0143
2024-07-02 02:28:13,87.074,0.011,13504,"Orinoco, River",South America,Venezuela,River,-67.5838,4.0143
2024-07-29 02:28:10,87.687,0.016,13504,"Orinoco, River",South America,Venezuela,River,-67.5838,4.0143
2024-08-25 02:28:07,86.427,0.01,13504,"Orinoco, River",South America,Venezuela,River,-67.5838,4.0143
2024-09-21 02:28:06,83.027,0.006,13504,"Orinoco, River",South America,Venezuela,River,-67.5838,4.0143
2024-10-18 02:28:09,81.314,0.01,13504,"Orinoco, River",South America,Venezuela,River,-67.5838,4.0143
2024-11-14 02:28:07,80.748,0.02,13504,"Orinoco, River",South America,Venezuela,River,-67.5838,4.0143
2024-12-11 02:28:04,80.642,0.0,13504,"Orinoco, River",South America,Venezuela,River,-67.5838,4.0143
2025-01-07 02:28:07,81.111,0.011,13504,"Orinoco, River",South America,Venezuela,River,-67.5838,4.0143
2025-02-03 02:28:10,80.202,0.004,13504,"Orinoco, River",South America,Venezuela,River,-67.5838,4.0143
2025-03-02 02:28:09,79.952,0.019,13504,"Orinoco, River",South America,Venezuela,River,-67.5838,4.0143
2025-03-29 02:28:10,80.618,0.026,13504,"Orinoco, River",South America,Venezuela,River,-67.5838,4.0143
2025-04-25 02:28:14,82.203,0.005,13504,"Orinoco, River",South America,Venezuela,River,-67.5838,4.0143
2025-05-22 02:28:17,84.293,0.0,13504,"Orinoco, River",South America,Venezuela,River,-67.5838,4.0143
2025-06-18 02:28:17,87.037,0.012,13504,"Orinoco, River",South America,Venezuela,River,-67.5838,4.0143
2025-07-15 02:28:17,88.459,0.017,13504,"Orinoco, River",South America,Venezuela,River,-67.5838,4.0143
2025-08-11 02:28:16,89.089,0.012,13504,"Orinoco, River",South America,Venezuela,River,-67.5838,4.0143
2025-09-07 02:28:12,87.463,0.009,13504,"Orinoco, River",South America,Venezuela,River,-67.5838,4.0143
2025-10-31 02:28:18,83.47,0.007,13504,"Orinoco, River",South America,Venezuela,River,-67.5838,4.0143
2025-11-27 02:28:15,82.601,0.004,13504,"Orinoco, River",South America,Venezuela,River,-67.5838,4.0143
2016-05-24 14:28:11,27.336,0.004,13274,"Orinoco, River",South America,Venezuela,River,-65.9042,7.689
2016-06-20 14:28:13,29.474,0.011,13274,"Orinoco, River",South America,Venezuela,River,-65.9042,7.689
2016-07-17 14:28:12,32.088,0.001,13274,"Orinoco, River",South America,Venezuela,River,-65.9042,7.689
2016-08-13 14:28:11,33.154,0.049,13274,"Orinoco, River",South America,Venezuela,River,-65.9042,7.689
2016-09-09 14:28:12,32.328,0.008,13274,"Orinoco, River",South America,Venezuela,River,-65.9042,7.689
2016-10-06 14:28:16,30.904,0.051,13274,"Orinoco, River",South America,Venezuela,River,-65.9042,7.689
2016-11-02 14:28:12,28.121,0.008,13274,"Orinoco, River",South America,Venezuela,River,-65.9042,7.689
2016-11-29 14:28:10,26.394,0.007,13274,"Orinoco, River",South America,Venezuela,River,-65.9042,7.689
2016-12-26 14:28:11,24.967,0.02,13274,"Orinoco, River",South America,Venezuela,River,-65.9042,7.689
2017-01-22 14:28:13,23.329,0.015,13274,"Orinoco, River",South America,Venezuela,River,-65.9042,7.689
2017-02-18 14:28:12,21.04,0.015,13274,"Orinoco, River",South America,Venezuela,River,-65.9042,7.689
2017-03-17 14:28:11,20.932,0.057,13274,"Orinoco, River",South America,Venezuela,River,-65.9042,7.689
2017-04-13 14:28:16,22.221,0.021,13274,"Orinoco, River",South America,Venezuela,River,-65.9042,7.689
2017-05-10 14:28:19,25.201,0.014,13274,"Orinoco, River",South America,Venezuela,River,-65.9042,7.689
2017-06-06 14:28:22,27.756,0.004,13274,"Orinoco, River",South America,Venezuela,River,-65.9042,7.689
2017-07-03 14:28:20,30.691,0.04,13274,"Orinoco, River",South America,Venezuela,River,-65.9042,7.689
2017-07-30 14:28:18,32.819,0.011,13274,"Orinoco, River",South America,Venezuela,River,-65.9042,7.689
2017-08-26 14:28:15,32.587,0.08,13274,"Orinoco, River",South America,Venezuela,River,-65.9042,7.689
2017-10-19 14:28:18,28.925,0.015,13274,"Orinoco, River",South America,Venezuela,River,-65.9042,7.689
2017-11-15 14:28:17,27.953,0.011,13274,"Orinoco, River",South America,Venezuela,River,-65.9042,7.689
2017-12-12 14:28:14,24.497,0.059,13274,"Orinoco, River",South America,Venezuela,River,-65.9042,7.689
2018-01-08 14:28:19,21.65,0.042,13274,"Orinoco, River",South America,Venezuela,River,-65.9042,7.689
2018-02-04 14:28:20,21.657,0.032,13274,"Orinoco, River",South America,Venezuela,River,-65.9042,7.689
2018-03-30 14:28:19,19.327,0.04,13274,"Orinoco, River",South America,Venezuela,River,-65.9042,7.689
2018-04-26 14:28:22,22.503,0.016,13274,"Orinoco, River",South America,Venezuela,River,-65.9042,7.689
2018-05-23 14:28:22,27.547,0.08,13274,"Orinoco, River",South America,Venezuela,River,-65.9042,7.689
2018-06-19 14:28:23,30.057,0.014,13274,"Orinoco, River",South America,Venezuela,River,-65.9042,7.689
2018-07-16 14:28:22,32.879,0.008,13274,"Orinoco, River",South America,Venezuela,River,-65.9042,7.689
2018-08-12 14:28:19,34.212,0.003,13274,"Orinoco, River",South America,Venezuela,River,-65.9042,7.689
2018-09-08 14:28:19,33.957,0.01,13274,"Orinoco, River",South America,Venezuela,River,-65.9042,7.689
2018-11-01 14:28:23,28.746,0.028,13274,"Orinoco, River",South America,Venezuela,River,-65.9042,7.689
2018-11-28 14:28:20,26.074,0.042,13274,"Orinoco, River",South America,Venezuela,River,-65.9042,7.689
2018-12-25 14:28:18,22.618,0.042,13274,"Orinoco, River",South America,Venezuela,River,-65.9042,7.689
2019-01-21 14:28:21,20.29,0.098,13274,"Orinoco, River",South America,Venezuela,River,-65.9042,7.689
2019-02-17 14:28:22,20.106,0.009,13274,"Orinoco, River",South America,Venezuela,River,-65.9042,7.689
2019-03-16 14:28:20,19.253,0.047,13274,"Orinoco, River",South America,Venezuela,River,-65.9042,7.689
2019-04-12 14:28:25,20.189,0.019,13274,"Orinoco, River",South America,Venezuela,River,-65.9042,7.689
2019-05-09 14:28:28,23.169,0.086,13274,"Orinoco, River",South America,Venezuela,River,-65.9042,7.689
2019-06-05 14:28:27,26.897,0.021,13274,"Orinoco, River",South America,Venezuela,River,-65.9042,7.689
2019-07-02 14:28:27,29.859,0.003,13274,"Orinoco, River",South America,Venezuela,River,-65.9042,7.689
2019-07-29 14:28:26,31.525,0.02,13274,"Orinoco, River",South America,Venezuela,River,-65.9042,7.689
2019-08-25 14:28:22,32.262,0.015,13274,"Orinoco, River",South America,Venezuela,River,-65.9042,7.689
2019-09-21 14:28:25,31.646,0.033,13274,"Orinoco, River",South America,Venezuela,River,-65.9042,7.689
2019-10-18 14:28:26,28.488,0.041,13274,"Orinoco, River",South America,Venezuela,River,-65.9042,7.689
2019-11-14 14:28:24,27.304,0.025,13274,"Orinoco, River",South America,Venezuela,River,-65.9042,7.689
2019-12-11 14:28:19,24.963,0.035,13274,"Orinoco, River",South America,Venezuela,River,-65.9042,7.689
2020-01-07 14:28:23,23.518,0.006,13274,"Orinoco, River",South America,Venezuela,River,-65.9042,7.689
2020-02-03 14:28:24,20.983,0.064,13274,"Orinoco, River",South America,Venezuela,River,-65.9042,7.689
2020-03-01 14:28:23,19.697,0.026,13274,"Orinoco, River",South America,Venezuela,River,-65.9042,7.689
2020-03-28 14:28:26,19.607,0.03,13274,"Orinoco, River",South America,Venezuela,River,-65.9042,7.689
2020-04-24 14:28:30,20.631,0.034,13274,"Orinoco, River",South America,Venezuela,River,-65.9042,7.689
2020-07-14 14:28:30,29.347,0.007,13274,"Orinoco, River",South America,Venezuela,River,-65.9042,7.689
2020-08-10 14:28:29,30.405,0.066,13274,"Orinoco, River",South America,Venezuela,River,-65.9042,7.689
2020-09-06 14:28:26,30.002,0.032,13274,"Orinoco, River",South America,Venezuela,River,-65.9042,7.689
2020-10-03 14:28:29,27.887,0.017,13274,"Orinoco, River",South America,Venezuela,River,-65.9042,7.689
2020-10-30 14:28:29,26.949,0.068,13274,"Orinoco, River",South America,Venezuela,River,-65.9042,7.689
2020-11-26 14:28:24,27.477,0.009,13274,"Orinoco, River",South America,Venezuela,River,-65.9042,7.689
2020-12-23 14:28:24,25.626,0.025,13274,"Orinoco, River",South America,Venezuela,River,-65.9042,7.689
2021-01-19 14:28:30,23.708,0.028,13274,"Orinoco, River",South America,Venezuela,River,-65.9042,7.689
2021-02-15 14:28:30,21.659,0.014,13274,"Orinoco, River",South America,Venezuela,River,-65.9042,7.689
2021-04-10 14:28:32,22.365,0.057,13274,"Orinoco, River",South America,Venezuela,River,-65.9042,7.689
2021-05-07 14:28:35,26.101,0.051,13274,"Orinoco, River",South America,Venezuela,River,-65.9042,7.689
2021-06-03 14:28:35,29.237,0.007,13274,"Orinoco, River",South America,Venezuela,River,-65.9042,7.689
2021-06-30 14:28:37,31.286,0.04,13274,"Orinoco, River",South America,Venezuela,River,-65.9042,7.689
2021-07-27 14:28:35,31.985,0.084,13274,"Orinoco, River",South America,Venezuela,River,-65.9042,7.689
2021-08-23 14:28:32,33.044,0.072,13274,"Orinoco, River",South America,Venezuela,River,-65.9042,7.689
2021-09-19 14:28:32,31.695,0.022,13274,"Orinoco, River",South America,Venezuela,River,-65.9042,7.689
2021-10-16 14:28:34,30.673,0.013,13274,"Orinoco, River",South America,Venezuela,River,-65.9042,7.689
2021-12-09 14:28:32,24.867,0.08,13274,"Orinoco, River",South America,Venezuela,River,-65.9042,7.689
2022-02-01 14:28:37,20.759,0.003,13274,"Orinoco, River",South America,Venezuela,River,-65.9042,7.689
2022-02-28 14:28:34,20.331,0.074,13274,"Orinoco, River",South America,Venezuela,River,-65.9042,7.689
2022-03-27 14:28:36,22.178,0.013,13274,"Orinoco, River",South America,Venezuela,River,-65.9042,7.689
2022-04-23 14:28:38,22.798,0.031,13274,"Orinoco, River",South America,Venezuela,River,-65.9042,7.689
2022-05-20 14:28:36,26.903,0.029,13274,"Orinoco, River",South America,Venezuela,River,-65.9042,7.689
2022-06-16 14:28:36,29.791,0.032,13274,"Orinoco, River",South America,Venezuela,River,-65.9042,7.689
2022-07-13 14:28:34,31.781,0.089,13274,"Orinoco, River",South America,Venezuela,River,-65.9042,7.689
2022-09-05 14:28:31,32.644,0.002,13274,"Orinoco, River",South America,Venezuela,River,-65.9042,7.689
2022-10-02 14:28:31,31.02,0.029,13274,"Orinoco, River",South America,Venezuela,River,-65.9042,7.689
2022-11-25 14:28:27,28.225,0.039,13274,"Orinoco, River",South America,Venezuela,River,-65.9042,7.689
2022-12-22 14:28:28,24.783,0.016,13274,"Orinoco, River",South America,Venezuela,River,-65.9042,7.689
2023-01-18 14:28:29,22.361,0.019,13274,"Orinoco, River",South America,Venezuela,River,-65.9042,7.689
2023-02-14 14:28:30,20.771,0.009,13274,"Orinoco, River",South America,Venezuela,River,-65.9042,7.689
2023-03-13 14:28:29,20.567,0.077,13274,"Orinoco, River",South America,Venezuela,River,-65.9042,7.689
2023-04-09 14:28:35,21.13,0.0,13274,"Orinoco, River",South America,Venezuela,River,-65.9042,7.689
2023-05-06 14:28:35,23.735,0.03,13274,"Orinoco, River",South America,Venezuela,River,-65.9042,7.689
2023-06-02 14:28:34,26.821,0.004,13274,"Orinoco, River",South America,Venezuela,River,-65.9042,7.689
2023-06-29 14:28:30,29.593,0.013,13274,"Orinoco, River",South America,Venezuela,River,-65.9042,7.689
2023-07-26 14:28:26,31.258,0.013,13274,"Orinoco, River",South America,Venezuela,River,-65.9042,7.689
2023-08-22 14:28:24,31.921,0.0,13274,"Orinoco, River",South America,Venezuela,River,-65.9042,7.689
2023-09-18 14:28:28,29.201,0.003,13274,"Orinoco, River",South America,Venezuela,River,-65.9042,7.689
2023-10-15 14:28:27,25.13,0.034,13274,"Orinoco, River",South America,Venezuela,River,-65.9042,7.689
2023-11-11 14:28:25,24.969,0.04,13274,"Orinoco, River",South America,Venezuela,River,-65.9042,7.689
2023-12-08 14:28:25,23.537,0.027,13274,"Orinoco, River",South America,Venezuela,River,-65.9042,7.689
2024-01-04 14:28:28,22.274,0.046,13274,"Orinoco, River",South America,Venezuela,River,-65.9042,7.689
2024-01-31 14:28:31,20.646,0.052,13274,"Orinoco, River",South America,Venezuela,River,-65.9042,7.689
2024-02-27 14:28:29,20.576,0.022,13274,"Orinoco, River",South America,Venezuela,River,-65.9042,7.689
2024-03-25 14:28:32,19.831,0.022,13274,"Orinoco, River",South America,Venezuela,River,-65.9042,7.689
2024-04-21 14:28:34,20.877,0.045,13274,"Orinoco, River",South America,Venezuela,River,-65.9042,7.689
2024-05-18 14:28:35,25.196,0.025,13274,"Orinoco, River",South America,Venezuela,River,-65.9042,7.689
2024-06-14 14:28:36,29.415,0.06,13274,"Orinoco, River",South America,Venezuela,River,-65.9042,7.689
2024-07-11 14:28:32,31.514,0.052,13274,"Orinoco, River",South America,Venezuela,River,-65.9042,7.689
2024-09-03 14:28:27,31.277,0.015,13274,"Orinoco, River",South America,Venezuela,River,-65.9042,7.689
2024-09-30 14:28:31,28.014,0.062,13274,"Orinoco, River",South America,Venezuela,River,-65.9042,7.689
2024-10-27 14:28:31,25.448,0.019,13274,"Orinoco, River",South America,Venezuela,River,-65.9042,7.689
2024-11-23 14:28:29,24.422,0.025,13274,"Orinoco, River",South America,Venezuela,River,-65.9042,7.689
2024-12-20 14:28:26,23.038,0.04,13274,"Orinoco, River",South America,Venezuela,River,-65.9042,7.689
2025-01-16 14:28:32,23.247,0.019,13274,"Orinoco, River",South America,Venezuela,River,-65.9042,7.689
2025-02-12 14:28:34,21.147,0.073,13274,"Orinoco, River",South America,Venezuela,River,-65.9042,7.689
2025-03-11 14:28:30,20.789,0.019,13274,"Orinoco, River",South America,Venezuela,River,-65.9042,7.689
2025-05-04 14:28:38,24.973,0.038,13274,"Orinoco, River",South America,Venezuela,River,-65.9042,7.689
2025-05-31 14:28:40,28.321,0.021,13274,"Orinoco, River",South America,Venezuela,River,-65.9042,7.689
2025-07-24 14:28:40,31.548,0.076,13274,"Orinoco, River",South America,Venezuela,River,-65.9042,7.689
2025-10-13 14:28:38,30.663,0.039,13274,"Orinoco, River",South America,Venezuela,River,-65.9042,7.689
2025-11-09 14:28:39,27.843,0.045,13274,"Orinoco, River",South America,Venezuela,River,-65.9042,7.689
2016-05-13 14:12:58,1.568,0.058,23575,"Orinoco, River",South America,Venezuela,River,-61.9547,8.6348
2016-06-09 14:12:59,3.203,0.026,23575,"Orinoco, River",South America,Venezuela,River,-61.9547,8.6348
2016-07-06 14:13:00,4.956,0.018,23575,"Orinoco, River",South America,Venezuela,River,-61.9547,8.6348
2016-08-02 14:12:59,6.404,0.02,23575,"Orinoco, River",South America,Venezuela,River,-61.9547,8.6348
2016-08-29 14:12:56,6.661,0.012,23575,"Orinoco, River",South America,Venezuela,River,-61.9547,8.6348
2016-09-25 14:13:02,6.201,0.024,23575,"Orinoco, River",South America,Venezuela,River,-61.9547,8.6348
2016-10-22 14:13:01,4.606,0.006,23575,"Orinoco, River",South America,Venezuela,River,-61.9547,8.6348
2016-11-18 14:12:58,3.568,0.026,23575,"Orinoco, River",South America,Venezuela,River,-61.9547,8.6348
2016-12-15 14:12:56,2.944,0.014,23575,"Orinoco, River",South America,Venezuela,River,-61.9547,8.6348
2017-01-11 14:12:59,2.621,0.008,23575,"Orinoco, River",South America,Venezuela,River,-61.9547,8.6348
2017-02-07 14:13:00,1.907,0.004,23575,"Orinoco, River",South America,Venezuela,River,-61.9547,8.6348
2017-03-06 14:12:58,2.009,0.051,23575,"Orinoco, River",South America,Venezuela,River,-61.9547,8.6348
2017-04-02 14:13:01,1.402,0.052,23575,"Orinoco, River",South America,Venezuela,River,-61.9547,8.6348
2017-04-29 14:13:04,1.502,0.037,23575,"Orinoco, River",South America,Venezuela,River,-61.9547,8.6348
2017-05-26 14:13:09,2.128,0.016,23575,"Orinoco, River",South America,Venezuela,River,-61.9547,8.6348
2017-06-22 14:13:08,4.151,0.03,23575,"Orinoco, River",South America,Venezuela,River,-61.9547,8.6348
2017-07-19 14:13:05,5.713,0.02,23575,"Orinoco, River",South America,Venezuela,River,-61.9547,8.6348
2017-08-15 14:13:03,6.927,0.018,23575,"Orinoco, River",South America,Venezuela,River,-61.9547,8.6348
2017-09-11 14:13:00,6.296,0.031,23575,"Orinoco, River",South America,Venezuela,River,-61.9547,8.6348
2017-10-08 14:13:04,4.625,0.001,23575,"Orinoco, River",South America,Venezuela,River,-61.9547,8.6348
2017-11-04 14:13:05,4.081,0.003,23575,"Orinoco, River",South America,Venezuela,River,-61.9547,8.6348
2017-12-01 14:13:02,3.222,0.004,23575,"Orinoco, River",South America,Venezuela,River,-61.9547,8.6348
2017-12-28 14:13:04,2.302,0.006,23575,"Orinoco, River",South America,Venezuela,River,-61.9547,8.6348
2018-01-24 14:13:07,1.824,0.031,23575,"Orinoco, River",South America,Venezuela,River,-61.9547,8.6348
2018-02-20 14:13:07,1.694,0.069,23575,"Orinoco, River",South America,Venezuela,River,-61.9547,8.6348
2018-03-19 14:13:04,1.947,0.012,23575,"Orinoco, River",South America,Venezuela,River,-61.9547,8.6348
2018-04-15 14:13:09,1.685,0.232,23575,"Orinoco, River",South America,Venezuela,River,-61.9547,8.6348
2018-05-12 14:13:10,1.629,0.025,23575,"Orinoco, River",South America,Venezuela,River,-61.9547,8.6348
2018-06-08 14:13:10,3.338,0.002,23575,"Orinoco, River",South America,Venezuela,River,-61.9547,8.6348
2018-07-05 14:13:10,6.191,0.034,23575,"Orinoco, River",South America,Venezuela,River,-61.9547,8.6348
2018-08-01 14:13:06,7.271,0.031,23575,"Orinoco, River",South America,Venezuela,River,-61.9547,8.6348
2018-08-28 14:13:03,7.557,0.003,23575,"Orinoco, River",South America,Venezuela,River,-61.9547,8.6348
2018-09-24 14:13:08,7.16,0.012,23575,"Orinoco, River",South America,Venezuela,River,-61.9547,8.6348
2018-10-21 14:13:10,5.424,0.007,23575,"Orinoco, River",South America,Venezuela,River,-61.9547,8.6348
2018-11-17 14:13:09,3.615,0.034,23575,"Orinoco, River",South America,Venezuela,River,-61.9547,8.6348
2018-12-14 14:13:05,2.639,0.03,23575,"Orinoco, River",South America,Venezuela,River,-61.9547,8.6348
2019-01-10 14:13:07,1.922,0.079,23575,"Orinoco, River",South America,Venezuela,River,-61.9547,8.6348
2019-02-06 14:13:09,1.976,0.254,23575,"Orinoco, River",South America,Venezuela,River,-61.9547,8.6348
2019-03-05 14:13:07,1.82,0.197,23575,"Orinoco, River",South America,Venezuela,River,-61.9547,8.6348
2019-04-01 14:13:10,1.474,0.19,23575,"Orinoco, River",South America,Venezuela,River,-61.9547,8.6348
2019-04-28 14:13:14,1.583,0.448,23575,"Orinoco, River",South America,Venezuela,River,-61.9547,8.6348
2019-05-25 14:13:15,1.576,0.002,23575,"Orinoco, River",South America,Venezuela,River,-61.9547,8.6348
2019-06-21 14:13:14,2.993,0.018,23575,"Orinoco, River",South America,Venezuela,River,-61.9547,8.6348
2019-07-18 14:13:13,5.282,0.007,23575,"Orinoco, River",South America,Venezuela,River,-61.9547,8.6348
2019-08-14 14:13:11,6.703,0.004,23575,"Orinoco, River",South America,Venezuela,River,-61.9547,8.6348
2019-09-10 14:13:10,6.434,0.02,23575,"Orinoco, River",South America,Venezuela,River,-61.9547,8.6348
2019-10-07 14:13:13,5.189,0.016,23575,"Orinoco, River",South America,Venezuela,River,-61.9547,8.6348
2019-11-03 14:13:12,3.907,0.003,23575,"Orinoco, River",South America,Venezuela,River,-61.9547,8.6348
2019-11-30 14:13:08,3.266,0.008,23575,"Orinoco, River",South America,Venezuela,River,-61.9547,8.6348
2019-12-27 14:13:09,2.625,0.015,23575,"Orinoco, River",South America,Venezuela,River,-61.9547,8.6348
2020-01-23 14:13:11,2.014,0.016,23575,"Orinoco, River",South America,Venezuela,River,-61.9547,8.6348
2020-02-19 14:13:11,1.758,0.034,23575,"Orinoco, River",South America,Venezuela,River,-61.9547,8.6348
2020-03-17 14:13:11,1.75,0.054,23575,"Orinoco, River",South America,Venezuela,River,-61.9547,8.6348
2020-04-13 14:13:16,1.523,0.131,23575,"Orinoco, River",South America,Venezuela,River,-61.9547,8.6348
2020-05-10 14:13:18,1.477,0.081,23575,"Orinoco, River",South America,Venezuela,River,-61.9547,8.6348
2020-06-06 14:13:17,1.73,0.035,23575,"Orinoco, River",South America,Venezuela,River,-61.9547,8.6348
2020-07-03 14:13:17,2.923,0.024,23575,"Orinoco, River",South America,Venezuela,River,-61.9547,8.6348
2020-07-30 14:13:16,4.744,0.014,23575,"Orinoco, River",South America,Venezuela,River,-61.9547,8.6348
2020-08-26 14:13:13,5.946,0.001,23575,"Orinoco, River",South America,Venezuela,River,-61.9547,8.6348
2020-09-22 14:13:15,4.602,0.005,23575,"Orinoco, River",South America,Venezuela,River,-61.9547,8.6348
2020-10-19 14:13:16,3.668,0.022,23575,"Orinoco, River",South America,Venezuela,River,-61.9547,8.6348
2020-11-15 14:13:14,3.325,0.02,23575,"Orinoco, River",South America,Venezuela,River,-61.9547,8.6348
2020-12-12 14:13:09,3.644,0.031,23575,"Orinoco, River",South America,Venezuela,River,-61.9547,8.6348
2021-01-08 14:13:15,2.804,0.023,23575,"Orinoco, River",South America,Venezuela,River,-61.9547,8.6348
2021-02-04 14:13:18,2.206,0.008,23575,"Orinoco, River",South America,Venezuela,River,-61.9547,8.6348
2021-03-03 14:13:16,2.146,0.035,23575,"Orinoco, River",South America,Venezuela,River,-61.9547,8.6348
2021-03-30 14:13:17,2.299,0.191,23575,"Orinoco, River",South America,Venezuela,River,-61.9547,8.6348
2021-04-26 14:13:22,2.113,0.031,23575,"Orinoco, River",South America,Venezuela,River,-61.9547,8.6348
2021-05-23 14:13:22,3.673,0.028,23575,"Orinoco, River",South America,Venezuela,River,-61.9547,8.6348
2021-06-19 14:13:23,5.596,0.022,23575,"Orinoco, River",South America,Venezuela,River,-61.9547,8.6348
2021-07-16 14:13:23,6.048,0.027,23575,"Orinoco, River",South America,Venezuela,River,-61.9547,8.6348
2021-08-12 14:13:19,6.963,0.032,23575,"Orinoco, River",South America,Venezuela,River,-61.9547,8.6348
2021-09-08 14:13:17,7.036,0.006,23575,"Orinoco, River",South America,Venezuela,River,-61.9547,8.6348
2021-10-05 14:13:21,5.67,0.003,23575,"Orinoco, River",South America,Venezuela,River,-61.9547,8.6348
2021-11-01 14:13:19,4.77,0.018,23575,"Orinoco, River",South America,Venezuela,River,-61.9547,8.6348
2021-11-28 14:13:19,3.34,0.006,23575,"Orinoco, River",South America,Venezuela,River,-61.9547,8.6348
2021-12-25 14:13:19,2.882,0.012,23575,"Orinoco, River",South America,Venezuela,River,-61.9547,8.6348
2022-01-21 14:13:24,2.079,0.027,23575,"Orinoco, River",South America,Venezuela,River,-61.9547,8.6348
2022-02-17 14:13:22,1.764,0.075,23575,"Orinoco, River",South America,Venezuela,River,-61.9547,8.6348
2022-03-16 14:13:21,2.077,0.046,23575,"Orinoco, River",South America,Venezuela,River,-61.9547,8.6348
2022-04-12 14:13:22,1.73,0.001,23575,"Orinoco, River",South America,Venezuela,River,-61.9547,8.6348
2022-05-09 14:13:25,2.007,0.015,23575,"Orinoco, River",South America,Venezuela,River,-61.9547,8.6348
2022-06-05 14:13:23,3.933,0.028,23575,"Orinoco, River",South America,Venezuela,River,-61.9547,8.6348
2022-07-02 14:13:23,6.309,0.027,23575,"Orinoco, River",South America,Venezuela,River,-61.9547,8.6348
2022-07-29 14:13:19,6.497,0.013,23575,"Orinoco, River",South America,Venezuela,River,-61.9547,8.6348
2022-08-25 14:13:15,6.693,0.026,23575,"Orinoco, River",South America,Venezuela,River,-61.9547,8.6348
2022-09-21 14:13:19,6.759,0.004,23575,"Orinoco, River",South America,Venezuela,River,-61.9547,8.6348
2022-10-18 14:13:19,5.077,0.01,23575,"Orinoco, River",South America,Venezuela,River,-61.9547,8.6348
2022-11-14 14:13:16,4.803,0.005,23575,"Orinoco, River",South America,Venezuela,River,-61.9547,8.6348
2022-12-11 14:13:14,4.059,0.031,23575,"Orinoco, River",South America,Venezuela,River,-61.9547,8.6348
2023-01-07 14:13:17,2.847,0.035,23575,"Orinoco, River",South America,Venezuela,River,-61.9547,8.6348
2023-02-03 14:13:19,2.065,0.003,23575,"Orinoco, River",South America,Venezuela,River,-61.9547,8.6348
2023-03-02 14:13:16,1.675,0.153,23575,"Orinoco, River",South America,Venezuela,River,-61.9547,8.6348
2023-03-29 14:13:21,1.576,0.041,23575,"Orinoco, River",South America,Venezuela,River,-61.9547,8.6348
2023-04-25 14:13:21,1.57,0.148,23575,"Orinoco, River",South America,Venezuela,River,-61.9547,8.6348
2023-05-22 14:13:21,1.66,0.022,23575,"Orinoco, River",South America,Venezuela,River,-61.9547,8.6348
2023-06-18 14:13:17,3.668,0.009,23575,"Orinoco, River",South America,Venezuela,River,-61.9547,8.6348
2023-07-15 14:13:16,5.917,0.03,23575,"Orinoco, River",South America,Venezuela,River,-61.9547,8.6348
2023-08-11 14:13:12,6.346,0.02,23575,"Orinoco, River",South America,Venezuela,River,-61.9547,8.6348
2023-09-07 14:13:14,5.607,0.001,23575,"Orinoco, River",South America,Venezuela,River,-61.9547,8.6348
2023-10-04 14:13:15,3.89,0.034,23575,"Orinoco, River",South America,Venezuela,River,-61.9547,8.6348
2023-10-31 14:13:16,2.66,0.025,23575,"Orinoco, River",South America,Venezuela,River,-61.9547,8.6348
2023-11-27 14:13:11,2.265,0.028,23575,"Orinoco, River",South America,Venezuela,River,-61.9547,8.6348
2023-12-24 14:13:17,1.885,0.001,23575,"Orinoco, River",South America,Venezuela,River,-61.9547,8.6348
2024-01-20 14:13:17,1.613,0.022,23575,"Orinoco, River",South America,Venezuela,River,-61.9547,8.6348
2024-02-16 14:13:17,1.435,0.097,23575,"Orinoco, River",South America,Venezuela,River,-61.9547,8.6348
2024-03-14 14:13:17,1.744,0.192,23575,"Orinoco, River",South America,Venezuela,River,-61.9547,8.6348
2024-04-10 14:13:21,1.31,0.067,23575,"Orinoco, River",South America,Venezuela,River,-61.9547,8.6348
2024-05-07 14:13:22,1.392,0.118,23575,"Orinoco, River",South America,Venezuela,River,-61.9547,8.6348
2024-06-03 14:13:23,2.006,0.04,23575,"Orinoco, River",South America,Venezuela,River,-61.9547,8.6348
2024-06-30 14:13:22,4.897,0.011,23575,"Orinoco, River",South America,Venezuela,River,-61.9547,8.6348
2024-07-27 14:13:18,6.324,0.024,23575,"Orinoco, River",South America,Venezuela,River,-61.9547,8.6348
2024-08-23 14:13:16,6.606,0.014,23575,"Orinoco, River",South America,Venezuela,River,-61.9547,8.6348
2024-09-19 14:13:15,5.057,0.014,23575,"Orinoco, River",South America,Venezuela,River,-61.9547,8.6348
2024-10-16 14:13:18,3.345,0.029,23575,"Orinoco, River",South America,Venezuela,River,-61.9547,8.6348
2024-11-12 14:13:15,2.323,0.022,23575,"Orinoco, River",South America,Venezuela,River,-61.9547,8.6348
2024-12-09 14:13:13,2.134,0.01,23575,"Orinoco, River",South America,Venezuela,River,-61.9547,8.6348
2025-01-05 14:13:16,1.689,0.007,23575,"Orinoco, River",South America,Venezuela,River,-61.9547,8.6348
2025-02-01 14:13:19,1.819,0.001,23575,"Orinoco, River",South America,Venezuela,River,-61.9547,8.6348
2025-02-28 14:13:18,1.642,0.044,23575,"Orinoco, River",South America,Venezuela,River,-61.9547,8.6348
2025-04-23 14:13:23,1.44,0.002,23575,"Orinoco, River",South America,Venezuela,River,-61.9547,8.6348
2025-05-20 14:13:26,2.123,0.045,23575,"Orinoco, River",South America,Venezuela,River,-61.9547,8.6348
2025-06-16 14:13:26,4.394,0.032,23575,"Orinoco, River",South America,Venezuela,River,-61.9547,8.6348
2025-07-13 14:13:26,6.498,0.018,23575,"Orinoco, River",South America,Venezuela,River,-61.9547,8.6348
2025-08-09 14:13:25,7.267,0.011,23575,"Orinoco, River",South America,Venezuela,River,-61.9547,8.6348
2025-09-05 14:13:20,7.402,0.014,23575,"Orinoco, River",South America,Venezuela,River,-61.9547,8.6348
2025-10-02 14:13:25,6.388,0.012,23575,"Orinoco, River",South America,Venezuela,River,-61.9547,8.6348
2025-10-29 14:13:27,4.771,0.006,23575,"Orinoco, River",South America,Venezuela,River,-61.9547,8.6348
2025-11-25 14:13:24,3.339,0.024,23575,"Orinoco, River",South America,Venezuela,River,-61.9547,8.6348
2002-07-09 02:03:26,6.967,0.013,6739,"Orinoco, River",South America,Venezuela,River,-62.1477,8.6946
2002-08-13 02:03:26,8.248,0.079,6739,"Orinoco, River",South America,Venezuela,River,-62.1477,8.6946
2002-09-17 02:03:25,7.752,0.15,6739,"Orinoco, River",South America,Venezuela,River,-62.1477,8.6946
2002-10-22 02:03:27,5.886,0.106,6739,"Orinoco, River",South America,Venezuela,River,-62.1477,8.6946
2002-12-31 02:03:24,2.512,0.041,6739,"Orinoco, River",South America,Venezuela,River,-62.1477,8.6946
2003-02-04 02:03:24,1.534,0.004,6739,"Orinoco, River",South America,Venezuela,River,-62.1477,8.6946
2003-03-11 02:03:25,0.922,0.009,6739,"Orinoco, River",South America,Venezuela,River,-62.1477,8.6946
2003-06-24 02:03:29,5.578,0.091,6739,"Orinoco, River",South America,Venezuela,River,-62.1477,8.6946
2003-07-29 02:03:34,7.41,0.016,6739,"Orinoco, River",South America,Venezuela,River,-62.1477,8.6946
2003-09-02 02:03:37,8.242,0.087,6739,"Orinoco, River",South America,Venezuela,River,-62.1477,8.6946
2003-10-07 02:03:33,7.327,0.008,6739,"Orinoco, River",South America,Venezuela,River,-62.1477,8.6946
2003-11-11 02:03:30,6.121,0.024,6739,"Orinoco, River",South America,Venezuela,River,-62.1477,8.6946
2003-12-16 02:03:30,4.574,0.033,6739,"Orinoco, River",South America,Venezuela,River,-62.1477,8.6946
2004-01-20 02:03:29,3.704,0.023,6739,"Orinoco, River",South America,Venezuela,River,-62.1477,8.6946
2004-05-04 02:03:30,2.117,0.002,6739,"Orinoco, River",South America,Venezuela,River,-62.1477,8.6946
2004-06-08 02:03:36,5.681,0.006,6739,"Orinoco, River",South America,Venezuela,River,-62.1477,8.6946
2004-07-13 02:03:36,7.429,0.18,6739,"Orinoco, River",South America,Venezuela,River,-62.1477,8.6946
2004-08-17 02:03:33,8.271,0.025,6739,"Orinoco, River",South America,Venezuela,River,-62.1477,8.6946
2004-09-21 02:03:30,8.103,0.003,6739,"Orinoco, River",South America,Venezuela,River,-62.1477,8.6946
2004-10-26 02:03:36,7.189,0.095,6739,"Orinoco, River",South America,Venezuela,River,-62.1477,8.6946
2004-11-30 02:03:33,4.325,0.042,6739,"Orinoco, River",South America,Venezuela,River,-62.1477,8.6946
2005-01-04 02:03:27,3.794,0.021,6739,"Orinoco, River",South America,Venezuela,River,-62.1477,8.6946
2005-03-15 02:03:29,1.636,0.074,6739,"Orinoco, River",South America,Venezuela,River,-62.1477,8.6946
2005-04-19 02:03:36,1.522,0.001,6739,"Orinoco, River",South America,Venezuela,River,-62.1477,8.6946
2005-05-24 02:03:37,3.908,0.095,6739,"Orinoco, River",South America,Venezuela,River,-62.1477,8.6946
2005-06-28 02:03:38,5.962,0.153,6739,"Orinoco, River",South America,Venezuela,River,-62.1477,8.6946
2005-08-02 02:03:35,6.955,0.007,6739,"Orinoco, River",South America,Venezuela,River,-62.1477,8.6946
2005-09-06 02:03:31,7.545,0.015,6739,"Orinoco, River",South America,Venezuela,River,-62.1477,8.6946
2005-10-11 02:03:33,5.832,0.024,6739,"Orinoco, River",South America,Venezuela,River,-62.1477,8.6946
2005-11-15 02:03:33,4.181,0.022,6739,"Orinoco, River",South America,Venezuela,River,-62.1477,8.6946
2006-01-24 02:03:22,3.84,0.113,6739,"Orinoco, River",South America,Venezuela,River,-62.1477,8.6946
2006-02-28 02:03:23,2.712,0.206,6739,"Orinoco, River",South America,Venezuela,River,-62.1477,8.6946
2006-04-04 02:03:21,1.577,0.035,6739,"Orinoco, River",South America,Venezuela,River,-62.1477,8.6946
2006-05-09 02:03:28,2.549,0.095,6739,"Orinoco, River",South America,Venezuela,River,-62.1477,8.6946
2006-06-13 02:03:30,4.82,0.002,6739,"Orinoco, River",South America,Venezuela,River,-62.1477,8.6946
2006-07-18 02:03:34,8.105,0.117,6739,"Orinoco, River",South America,Venezuela,River,-62.1477,8.6946
2006-08-22 02:03:31,8.668,0.031,6739,"Orinoco, River",South America,Venezuela,River,-62.1477,8.6946
2006-09-26 02:03:29,7.699,0.01,6739,"Orinoco, River",South America,Venezuela,River,-62.1477,8.6946
2006-10-31 02:03:32,5.585,0.128,6739,"Orinoco, River",South America,Venezuela,River,-62.1477,8.6946
2007-02-13 02:03:26,1.544,0.053,6739,"Orinoco, River",South America,Venezuela,River,-62.1477,8.6946
2007-03-20 02:03:26,1.744,0.088,6739,"Orinoco, River",South America,Venezuela,River,-62.1477,8.6946
2007-04-24 02:03:27,2.123,0.071,6739,"Orinoco, River",South America,Venezuela,River,-62.1477,8.6946
2007-08-07 02:03:30,8.048,0.005,6739,"Orinoco, River",South America,Venezuela,River,-62.1477,8.6946
2007-09-11 02:03:26,8.349,0.003,6739,"Orinoco, River",South America,Venezuela,River,-62.1477,8.6946
2007-10-16 02:03:24,7.111,0.016,6739,"Orinoco, River",South America,Venezuela,River,-62.1477,8.6946
2007-12-25 02:03:22,1.662,0.248,6739,"Orinoco, River",South America,Venezuela,River,-62.1477,8.6946
2008-03-04 02:03:23,1.745,0.046,6739,"Orinoco, River",South America,Venezuela,River,-62.1477,8.6946
2008-04-08 02:03:23,1.946,0.157,6739,"Orinoco, River",South America,Venezuela,River,-62.1477,8.6946
2008-05-13 02:03:23,2.136,0.076,6739,"Orinoco, River",South America,Venezuela,River,-62.1477,8.6946
2008-07-22 02:03:24,7.032,0.0,6739,"Orinoco, River",South America,Venezuela,River,-62.1477,8.6946
2008-08-26 02:03:21,8.043,0.009,6739,"Orinoco, River",South America,Venezuela,River,-62.1477,8.6946
2008-09-30 02:03:21,7.412,0.006,6739,"Orinoco, River",South America,Venezuela,River,-62.1477,8.6946
2008-11-04 02:03:20,5.787,0.088,6739,"Orinoco, River",South America,Venezuela,River,-62.1477,8.6946
2009-03-24 02:03:20,1.614,0.137,6739,"Orinoco, River",South America,Venezuela,River,-62.1477,8.6946
2009-04-28 02:03:20,1.666,0.017,6739,"Orinoco, River",South America,Venezuela,River,-62.1477,8.6946
2009-06-02 02:03:22,2.436,0.034,6739,"Orinoco, River",South America,Venezuela,River,-62.1477,8.6946
2009-07-07 02:03:22,4.895,0.082,6739,"Orinoco, River",South America,Venezuela,River,-62.1477,8.6946
2009-08-11 02:03:22,6.993,0.0,6739,"Orinoco, River",South America,Venezuela,River,-62.1477,8.6946
2009-09-15 02:03:18,6.701,0.007,6739,"Orinoco, River",South America,Venezuela,River,-62.1477,8.6946
2009-10-20 02:03:16,5.173,0.129,6739,"Orinoco, River",South America,Venezuela,River,-62.1477,8.6946
2009-11-24 02:03:15,3.495,0.129,6739,"Orinoco, River",South America,Venezuela,River,-62.1477,8.6946
2009-12-29 02:03:16,1.71,0.091,6739,"Orinoco, River",South America,Venezuela,River,-62.1477,8.6946
2010-05-18 02:03:13,3.111,0.009,6739,"Orinoco, River",South America,Venezuela,River,-62.1477,8.6946
2010-06-22 02:03:12,6.262,0.084,6739,"Orinoco, River",South America,Venezuela,River,-62.1477,8.6946
2010-07-27 02:03:14,7.909,0.023,6739,"Orinoco, River",South America,Venezuela,River,-62.1477,8.6946
2010-08-31 02:03:14,8.608,0.017,6739,"Orinoco, River",South America,Venezuela,River,-62.1477,8.6946
2010-10-05 02:03:09,7.647,0.003,6739,"Orinoco, River",South America,Venezuela,River,-62.1477,8.6946
2013-04-04 10:08:23,1.024,0.04,6739,"Orinoco, River",South America,Venezuela,River,-62.1477,8.6946
2013-05-09 10:08:02,1.884,0.058,6739,"Orinoco, River",South America,Venezuela,River,-62.1477,8.6946
2013-06-13 10:07:41,4.931,0.009,6739,"Orinoco, River",South America,Venezuela,River,-62.1477,8.6946
2013-07-18 10:07:19,6.274,0.006,6739,"Orinoco, River",South America,Venezuela,River,-62.1477,8.6946
2013-08-22 10:07:21,7.467,0.002,6739,"Orinoco, River",South America,Venezuela,River,-62.1477,8.6946
2013-09-26 10:07:35,7.005,0.003,6739,"Orinoco, River",South America,Venezuela,River,-62.1477,8.6946
2013-10-31 10:07:35,5.68,0.012,6739,"Orinoco, River",South America,Venezuela,River,-62.1477,8.6946
2013-12-05 10:07:33,4.413,0.02,6739,"Orinoco, River",South America,Venezuela,River,-62.1477,8.6946
2014-01-09 10:07:32,3.193,0.086,6739,"Orinoco, River",South America,Venezuela,River,-62.1477,8.6946
2014-02-13 10:07:31,1.167,0.004,6739,"Orinoco, River",South America,Venezuela,River,-62.1477,8.6946
2014-04-24 10:07:25,1.723,0.054,6739,"Orinoco, River",South America,Venezuela,River,-62.1477,8.6946
2014-05-29 10:07:23,2.336,0.001,6739,"Orinoco, River",South America,Venezuela,River,-62.1477,8.6946
2014-07-03 10:07:20,5.481,0.002,6739,"Orinoco, River",South America,Venezuela,River,-62.1477,8.6946
2014-08-07 10:07:15,7.421,0.008,6739,"Orinoco, River",South America,Venezuela,River,-62.1477,8.6946
2014-09-11 10:07:12,7.811,0.0,6739,"Orinoco, River",South America,Venezuela,River,-62.1477,8.6946
2014-10-16 10:07:10,6.309,0.007,6739,"Orinoco, River",South America,Venezuela,River,-62.1477,8.6946
2014-11-20 10:07:06,5.508,0.024,6739,"Orinoco, River",South America,Venezuela,River,-62.1477,8.6946
2014-12-25 10:07:03,2.267,0.036,6739,"Orinoco, River",South America,Venezuela,River,-62.1477,8.6946
2015-01-29 10:07:01,1.554,0.018,6739,"Orinoco, River",South America,Venezuela,River,-62.1477,8.6946
2015-03-05 10:07:00,1.445,0.022,6739,"Orinoco, River",South America,Venezuela,River,-62.1477,8.6946
2015-04-09 10:07:04,1.607,0.054,6739,"Orinoco, River",South America,Venezuela,River,-62.1477,8.6946
2015-05-14 10:06:42,2.544,0.003,6739,"Orinoco, River",South America,Venezuela,River,-62.1477,8.6946
2015-08-27 10:06:36,7.834,0.002,6739,"Orinoco, River",South America,Venezuela,River,-62.1477,8.6946
2015-10-01 10:06:34,7.046,0.0,6739,"Orinoco, River",South America,Venezuela,River,-62.1477,8.6946
2015-11-05 10:06:32,3.565,0.01,6739,"Orinoco, River",South America,Venezuela,River,-62.1477,8.6946
2015-12-10 10:06:22,4.14,0.017,6739,"Orinoco, River",South America,Venezuela,River,-62.1477,8.6946
2016-01-14 10:06:11,1.955,0.012,6739,"Orinoco, River",South America,Venezuela,River,-62.1477,8.6946
2016-02-18 10:06:11,1.222,0.034,6739,"Orinoco, River",South America,Venezuela,River,-62.1477,8.6946
2016-03-24 10:06:06,1.221,0.03,6739,"Orinoco, River",South America,Venezuela,River,-62.1477,8.6946
2016-04-28 10:06:03,1.915,0.029,6739,"Orinoco, River",South America,Venezuela,River,-62.1477,8.6946
2002-06-20 14:30:26,32.763,0.001,1256,"Orinoco, River",South America,Venezuela,River,-66.4408,7.5756
2002-07-25 14:30:26,35.533,0.005,1256,"Orinoco, River",South America,Venezuela,River,-66.4408,7.5756
2002-08-29 14:30:21,33.457,0.008,1256,"Orinoco, River",South America,Venezuela,River,-66.4408,7.5756
2002-10-03 14:30:26,33.712,0.021,1256,"Orinoco, River",South America,Venezuela,River,-66.4408,7.5756
2002-11-07 14:30:23,28.912,0.017,1256,"Orinoco, River",South America,Venezuela,River,-66.4408,7.5756
2002-12-12 14:30:22,28.818,0.019,1256,"Orinoco, River",South America,Venezuela,River,-66.4408,7.5756
2003-05-01 14:30:26,26.992,0.002,1256,"Orinoco, River",South America,Venezuela,River,-66.4408,7.5756
2003-06-05 14:30:22,30.614,0.019,1256,"Orinoco, River",South America,Venezuela,River,-66.4408,7.5756
2003-07-10 14:30:28,31.199,0.001,1256,"Orinoco, River",South America,Venezuela,River,-66.4408,7.5756
2003-08-14 14:30:31,35.401,0.014,1256,"Orinoco, River",South America,Venezuela,River,-66.4408,7.5756
2003-09-18 14:30:34,34.438,0.032,1256,"Orinoco, River",South America,Venezuela,River,-66.4408,7.5756
2003-10-23 14:30:29,32.614,0.011,1256,"Orinoco, River",South America,Venezuela,River,-66.4408,7.5756
2003-11-27 14:30:31,31.089,0.022,1256,"Orinoco, River",South America,Venezuela,River,-66.4408,7.5756
2004-01-01 14:30:32,28.002,0.016,1256,"Orinoco, River",South America,Venezuela,River,-66.4408,7.5756
2004-02-05 14:30:28,25.005,0.043,1256,"Orinoco, River",South America,Venezuela,River,-66.4408,7.5756
2004-03-11 14:30:31,24.613,0.007,1256,"Orinoco, River",South America,Venezuela,River,-66.4408,7.5756
2004-04-15 14:30:28,25.237,0.009,1256,"Orinoco, River",South America,Venezuela,River,-66.4408,7.5756
2004-05-20 14:30:32,30.394,0.004,1256,"Orinoco, River",South America,Venezuela,River,-66.4408,7.5756
2004-06-24 14:30:33,32.139,0.022,1256,"Orinoco, River",South America,Venezuela,River,-66.4408,7.5756
2004-07-29 14:30:34,35.519,0.02,1256,"Orinoco, River",South America,Venezuela,River,-66.4408,7.5756
2004-09-02 14:30:32,35.097,0.047,1256,"Orinoco, River",South America,Venezuela,River,-66.4408,7.5756
2004-10-07 14:30:32,34.036,0.002,1256,"Orinoco, River",South America,Venezuela,River,-66.4408,7.5756
2004-11-11 14:30:30,30.227,0.026,1256,"Orinoco, River",South America,Venezuela,River,-66.4408,7.5756
2004-12-16 14:30:27,28.437,0.004,1256,"Orinoco, River",South America,Venezuela,River,-66.4408,7.5756
2005-01-20 14:30:28,25.937,0.02,1256,"Orinoco, River",South America,Venezuela,River,-66.4408,7.5756
2005-02-24 14:30:28,25.354,0.014,1256,"Orinoco, River",South America,Venezuela,River,-66.4408,7.5756
2005-03-31 14:30:29,24.385,0.028,1256,"Orinoco, River",South America,Venezuela,River,-66.4408,7.5756
2005-05-05 14:30:36,29.73,0.002,1256,"Orinoco, River",South America,Venezuela,River,-66.4408,7.5756
2005-06-09 14:30:34,31.77,0.013,1256,"Orinoco, River",South America,Venezuela,River,-66.4408,7.5756
2005-07-14 14:30:36,33.332,0.007,1256,"Orinoco, River",South America,Venezuela,River,-66.4408,7.5756
2005-08-18 14:30:31,34.583,0.002,1256,"Orinoco, River",South America,Venezuela,River,-66.4408,7.5756
2005-09-22 14:30:31,32.755,0.014,1256,"Orinoco, River",South America,Venezuela,River,-66.4408,7.5756
2005-10-27 14:30:33,30.417,0.014,1256,"Orinoco, River",South America,Venezuela,River,-66.4408,7.5756
2005-12-01 14:30:27,29.365,0.026,1256,"Orinoco, River",South America,Venezuela,River,-66.4408,7.5756
2006-01-05 14:30:20,26.156,0.002,1256,"Orinoco, River",South America,Venezuela,River,-66.4408,7.5756
2006-02-09 14:30:21,26.519,0.07,1256,"Orinoco, River",South America,Venezuela,River,-66.4408,7.5756
2006-03-16 14:30:20,24.921,0.043,1256,"Orinoco, River",South America,Venezuela,River,-66.4408,7.5756
2006-04-20 14:30:24,26.051,0.012,1256,"Orinoco, River",South America,Venezuela,River,-66.4408,7.5756
2006-05-25 14:30:26,31.057,0.0,1256,"Orinoco, River",South America,Venezuela,River,-66.4408,7.5756
2006-06-29 14:30:31,33.395,0.006,1256,"Orinoco, River",South America,Venezuela,River,-66.4408,7.5756
2006-08-03 14:30:32,35.869,0.004,1256,"Orinoco, River",South America,Venezuela,River,-66.4408,7.5756
2006-09-07 14:30:26,34.824,0.031,1256,"Orinoco, River",South America,Venezuela,River,-66.4408,7.5756
2006-10-12 14:30:30,30.572,0.005,1256,"Orinoco, River",South America,Venezuela,River,-66.4408,7.5756
2006-11-16 14:30:29,29.439,0.034,1256,"Orinoco, River",South America,Venezuela,River,-66.4408,7.5756
2006-12-21 14:30:28,29.011,0.001,1256,"Orinoco, River",South America,Venezuela,River,-66.4408,7.5756
2007-01-25 14:30:22,25.089,0.006,1256,"Orinoco, River",South America,Venezuela,River,-66.4408,7.5756
2007-03-01 14:30:25,23.654,0.011,1256,"Orinoco, River",South America,Venezuela,River,-66.4408,7.5756
2007-04-05 14:30:22,24.531,0.006,1256,"Orinoco, River",South America,Venezuela,River,-66.4408,7.5756
2007-05-10 14:30:26,27.863,0.013,1256,"Orinoco, River",South America,Venezuela,River,-66.4408,7.5756
2007-06-14 14:30:27,31.587,0.013,1256,"Orinoco, River",South America,Venezuela,River,-66.4408,7.5756
2007-07-19 14:30:28,35.171,0.016,1256,"Orinoco, River",South America,Venezuela,River,-66.4408,7.5756
2007-08-23 14:30:27,34.777,0.002,1256,"Orinoco, River",South America,Venezuela,River,-66.4408,7.5756
2007-09-27 14:30:22,34.297,0.0,1256,"Orinoco, River",South America,Venezuela,River,-66.4408,7.5756
2007-11-01 14:30:22,32.323,0.025,1256,"Orinoco, River",South America,Venezuela,River,-66.4408,7.5756
2007-12-06 14:30:18,28.928,0.035,1256,"Orinoco, River",South America,Venezuela,River,-66.4408,7.5756
2008-01-10 14:30:21,26.862,0.024,1256,"Orinoco, River",South America,Venezuela,River,-66.4408,7.5756
2008-02-14 14:30:20,24.847,0.033,1256,"Orinoco, River",South America,Venezuela,River,-66.4408,7.5756
2008-03-20 14:30:22,24.619,0.001,1256,"Orinoco, River",South America,Venezuela,River,-66.4408,7.5756
2008-04-24 14:30:19,25.084,0.001,1256,"Orinoco, River",South America,Venezuela,River,-66.4408,7.5756
2008-05-29 14:30:21,28.694,0.014,1256,"Orinoco, River",South America,Venezuela,River,-66.4408,7.5756
2008-07-03 14:30:22,32.863,0.0,1256,"Orinoco, River",South America,Venezuela,River,-66.4408,7.5756
2008-08-07 14:30:22,34.591,0.017,1256,"Orinoco, River",South America,Venezuela,River,-66.4408,7.5756
2008-09-11 14:30:18,34.536,0.013,1256,"Orinoco, River",South America,Venezuela,River,-66.4408,7.5756
2008-10-16 14:30:20,31.893,0.037,1256,"Orinoco, River",South America,Venezuela,River,-66.4408,7.5756
2008-11-20 14:30:17,30.92,0.004,1256,"Orinoco, River",South America,Venezuela,River,-66.4408,7.5756
2008-12-25 14:30:19,28.857,0.007,1256,"Orinoco, River",South America,Venezuela,River,-66.4408,7.5756
2009-01-29 14:30:16,26.042,0.027,1256,"Orinoco, River",South America,Venezuela,River,-66.4408,7.5756
2009-03-05 14:30:19,25.278,0.012,1256,"Orinoco, River",South America,Venezuela,River,-66.4408,7.5756
2009-04-09 14:30:16,25.606,0.009,1256,"Orinoco, River",South America,Venezuela,River,-66.4408,7.5756
2009-05-14 14:30:19,27.99,0.047,1256,"Orinoco, River",South America,Venezuela,River,-66.4408,7.5756
2009-06-18 14:30:21,30.166,0.002,1256,"Orinoco, River",South America,Venezuela,River,-66.4408,7.5756
2009-07-23 14:30:20,32.775,0.023,1256,"Orinoco, River",South America,Venezuela,River,-66.4408,7.5756
2009-08-27 14:30:19,34.241,0.011,1256,"Orinoco, River",South America,Venezuela,River,-66.4408,7.5756
2009-10-01 14:30:14,31.949,0.007,1256,"Orinoco, River",South America,Venezuela,River,-66.4408,7.5756
2009-11-05 14:30:15,29.015,0.029,1256,"Orinoco, River",South America,Venezuela,River,-66.4408,7.5756
2009-12-10 14:30:11,26.615,0.008,1256,"Orinoco, River",South America,Venezuela,River,-66.4408,7.5756
2010-01-14 14:30:14,24.747,0.016,1256,"Orinoco, River",South America,Venezuela,River,-66.4408,7.5756
2010-02-18 14:30:12,23.556,0.007,1256,"Orinoco, River",South America,Venezuela,River,-66.4408,7.5756
2010-03-25 14:30:14,24.266,0.006,1256,"Orinoco, River",South America,Venezuela,River,-66.4408,7.5756
2010-04-29 14:30:11,28.797,0.023,1256,"Orinoco, River",South America,Venezuela,River,-66.4408,7.5756
2010-06-03 14:30:11,32.078,0.021,1256,"Orinoco, River",South America,Venezuela,River,-66.4408,7.5756
2010-07-08 14:30:11,33.935,0.029,1256,"Orinoco, River",South America,Venezuela,River,-66.4408,7.5756
2010-08-12 14:30:13,34.792,0.01,1256,"Orinoco, River",South America,Venezuela,River,-66.4408,7.5756
2010-09-16 14:30:11,34.4,0.027,1256,"Orinoco, River",South America,Venezuela,River,-66.4408,7.5756
2010-10-21 14:30:04,28.89,0.01,1256,"Orinoco, River",South America,Venezuela,River,-66.4408,7.5756
2013-03-16 22:35:29,25.32,0.008,1256,"Orinoco, River",South America,Venezuela,River,-66.4408,7.5756
2013-04-20 22:35:11,25.625,0.004,1256,"Orinoco, River",South America,Venezuela,River,-66.4408,7.5756
2013-05-25 22:34:50,30.159,0.002,1256,"Orinoco, River",South America,Venezuela,River,-66.4408,7.5756
2013-06-29 22:34:31,33.288,0.001,1256,"Orinoco, River",South America,Venezuela,River,-66.4408,7.5756
2013-08-03 22:34:13,34.007,0.002,1256,"Orinoco, River",South America,Venezuela,River,-66.4408,7.5756
2013-09-07 22:34:26,34.671,0.002,1256,"Orinoco, River",South America,Venezuela,River,-66.4408,7.5756
2013-10-12 22:34:31,33.38,0.001,1256,"Orinoco, River",South America,Venezuela,River,-66.4408,7.5756
2013-11-16 22:34:33,30.085,0.006,1256,"Orinoco, River",South America,Venezuela,River,-66.4408,7.5756
2013-12-21 22:34:29,28.192,0.001,1256,"Orinoco, River",South America,Venezuela,River,-66.4408,7.5756
2014-01-25 22:34:27,25.162,0.003,1256,"Orinoco, River",South America,Venezuela,River,-66.4408,7.5756
2014-03-01 22:34:25,23.716,0.01,1256,"Orinoco, River",South America,Venezuela,River,-66.4408,7.5756
2014-04-05 22:34:25,24.876,0.005,1256,"Orinoco, River",South America,Venezuela,River,-66.4408,7.5756
2014-05-10 22:34:22,27.847,0.018,1256,"Orinoco, River",South America,Venezuela,River,-66.4408,7.5756
2014-06-14 22:34:22,30.333,0.0,1256,"Orinoco, River",South America,Venezuela,River,-66.4408,7.5756
2014-07-19 22:34:16,34.09,0.001,1256,"Orinoco, River",South America,Venezuela,River,-66.4408,7.5756
2014-08-23 22:34:12,34.992,0.001,1256,"Orinoco, River",South America,Venezuela,River,-66.4408,7.5756
2014-09-27 22:34:10,33.899,0.003,1256,"Orinoco, River",South America,Venezuela,River,-66.4408,7.5756
2014-11-01 22:34:07,30.434,0.001,1256,"Orinoco, River",South America,Venezuela,River,-66.4408,7.5756
2014-12-06 22:34:04,29.207,0.012,1256,"Orinoco, River",South America,Venezuela,River,-66.4408,7.5756
2015-01-10 22:34:01,26.737,0.002,1256,"Orinoco, River",South America,Venezuela,River,-66.4408,7.5756
2015-02-14 22:33:59,26.202,0.002,1256,"Orinoco, River",South America,Venezuela,River,-66.4408,7.5756
2015-03-21 22:33:57,25.169,0.023,1256,"Orinoco, River",South America,Venezuela,River,-66.4408,7.5756
2015-04-25 22:33:55,26.048,0.009,1256,"Orinoco, River",South America,Venezuela,River,-66.4408,7.5756
2015-08-08 22:33:40,34.954,0.0,1256,"Orinoco, River",South America,Venezuela,River,-66.4408,7.5756
2015-09-12 22:33:34,34.681,0.001,1256,"Orinoco, River",South America,Venezuela,River,-66.4408,7.5756
2015-10-17 22:33:28,30.214,0.004,1256,"Orinoco, River",South America,Venezuela,River,-66.4408,7.5756
2015-11-21 22:33:26,29.269,0.015,1256,"Orinoco, River",South America,Venezuela,River,-66.4408,7.5756
2015-12-26 22:33:14,32.528,0.004,1256,"Orinoco, River",South America,Venezuela,River,-66.4408,7.5756
2016-01-30 22:33:11,24.691,0.002,1256,"Orinoco, River",South America,Venezuela,River,-66.4408,7.5756
2016-03-05 22:33:05,24.242,0.004,1256,"Orinoco, River",South America,Venezuela,River,-66.4408,7.5756
2016-04-09 22:33:10,24.944,0.003,1256,"Orinoco, River",South America,Venezuela,River,-66.4408,7.5756
2016-05-14 22:32:50,30.43,0.018,1256,"Orinoco, River",South America,Venezuela,River,-66.4408,7.5756
2008-12-10 17:41:28,312.413,0.296,27203,"Orinoco, River",South America,Venezuela,River,-63.8318,2.1436
2008-12-30 13:38:31,312.507,0.108,27203,"Orinoco, River",South America,Venezuela,River,-63.8318,2.1436
2009-01-19 09:35:35,311.311,0.034,27203,"Orinoco, River",South America,Venezuela,River,-63.8318,2.1436
2009-01-29 07:34:07,311.353,0.021,27203,"Orinoco, River",South America,Venezuela,River,-63.8318,2.1436
2009-02-08 05:32:39,311.058,0.039,27203,"Orinoco, River",South America,Venezuela,River,-63.8318,2.1436
2009-02-18 03:31:11,311.293,0.075,27203,"Orinoco, River",South America,Venezuela,River,-63.8318,2.1436
2009-02-28 01:29:42,311.339,0.016,27203,"Orinoco, River",South America,Venezuela,River,-63.8318,2.1436
2009-03-09 23:28:14,311.458,0.033,27203,"Orinoco, River",South America,Venezuela,River,-63.8318,2.1436
2009-03-19 21:26:45,310.93,0.013,27203,"Orinoco, River",South America,Venezuela,River,-63.8318,2.1436
2009-03-29 19:25:16,310.968,0.05,27203,"Orinoco, River",South America,Venezuela,River,-63.8318,2.1436
2009-04-08 17:23:47,311.169,0.016,27203,"Orinoco, River",South America,Venezuela,River,-63.8318,2.1436
2009-04-18 15:22:18,311.829,0.007,27203,"Orinoco, River",South America,Venezuela,River,-63.8318,2.1436
2009-04-28 13:20:49,311.959,0.01,27203,"Orinoco, River",South America,Venezuela,River,-63.8318,2.1436
2009-05-18 09:17:52,311.966,0.063,27203,"Orinoco, River",South America,Venezuela,River,-63.8318,2.1436
2009-05-28 07:16:24,311.881,0.02,27203,"Orinoco, River",South America,Venezuela,River,-63.8318,2.1436
2009-06-17 03:13:28,312.281,0.29,27203,"Orinoco, River",South America,Venezuela,River,-63.8318,2.1436
2009-06-27 01:12:00,311.919,0.029,27203,"Orinoco, River",South America,Venezuela,River,-63.8318,2.1436
2009-07-06 23:10:31,312.242,0.032,27203,"Orinoco, River",South America,Venezuela,River,-63.8318,2.1436
2009-07-16 21:09:03,311.862,0.006,27203,"Orinoco, River",South America,Venezuela,River,-63.8318,2.1436
2009-07-26 19:07:34,311.733,0.028,27203,"Orinoco, River",South America,Venezuela,River,-63.8318,2.1436
2009-08-05 17:06:05,311.967,0.058,27203,"Orinoco, River",South America,Venezuela,River,-63.8318,2.1436
2009-08-15 15:04:37,312.412,0.016,27203,"Orinoco, River",South America,Venezuela,River,-63.8318,2.1436
2009-09-04 11:01:40,312.175,0.032,27203,"Orinoco, River",South America,Venezuela,River,-63.8318,2.1436
2009-09-14 09:00:12,311.764,0.124,27203,"Orinoco, River",South America,Venezuela,River,-63.8318,2.1436
2009-09-24 06:58:44,311.236,0.122,27203,"Orinoco, River",South America,Venezuela,River,-63.8318,2.1436
2009-10-04 04:57:16,311.248,0.014,27203,"Orinoco, River",South America,Venezuela,River,-63.8318,2.1436
2009-10-14 02:55:47,311.198,0.026,27203,"Orinoco, River",South America,Venezuela,River,-63.8318,2.1436
2009-10-24 00:54:19,311.334,0.014,27203,"Orinoco, River",South America,Venezuela,River,-63.8318,2.1436
2009-11-02 22:52:50,311.943,0.008,27203,"Orinoco, River",South America,Venezuela,River,-63.8318,2.1436
2009-11-12 20:51:21,311.457,0.073,27203,"Orinoco, River",South America,Venezuela,River,-63.8318,2.1436
2009-11-22 18:49:52,311.587,0.032,27203,"Orinoco, River",South America,Venezuela,River,-63.8318,2.1436
2009-12-02 16:48:23,311.725,0.074,27203,"Orinoco, River",South America,Venezuela,River,-63.8318,2.1436
2009-12-22 12:45:26,311.933,0.022,27203,"Orinoco, River",South America,Venezuela,River,-63.8318,2.1436
2010-01-01 10:43:59,311.558,0.025,27203,"Orinoco, River",South America,Venezuela,River,-63.8318,2.1436
2010-01-11 08:42:31,311.147,0.189,27203,"Orinoco, River",South America,Venezuela,River,-63.8318,2.1436
2010-03-01 22:35:09,311.669,1.913,27203,"Orinoco, River",South America,Venezuela,River,-63.8318,2.1436
2010-03-31 16:30:43,311.246,1.546,27203,"Orinoco, River",South America,Venezuela,River,-63.8318,2.1436
2010-04-10 14:29:14,311.969,0.013,27203,"Orinoco, River",South America,Venezuela,River,-63.8318,2.1436
2010-04-20 12:27:45,312.206,0.016,27203,"Orinoco, River",South America,Venezuela,River,-63.8318,2.1436
2010-05-10 08:24:49,311.86,0.027,27203,"Orinoco, River",South America,Venezuela,River,-63.8318,2.1436
2010-05-20 06:23:20,311.687,0.004,27203,"Orinoco, River",South America,Venezuela,River,-63.8318,2.1436
2010-05-30 04:21:52,312.21,0.044,27203,"Orinoco, River",South America,Venezuela,River,-63.8318,2.1436
2010-06-09 02:20:24,312.041,0.032,27203,"Orinoco, River",South America,Venezuela,River,-63.8318,2.1436
2010-06-19 00:18:55,312.388,0.059,27203,"Orinoco, River",South America,Venezuela,River,-63.8318,2.1436
2010-07-08 20:15:57,312.507,0.064,27203,"Orinoco, River",South America,Venezuela,River,-63.8318,2.1436
2010-07-18 18:14:28,312.8,0.007,27203,"Orinoco, River",South America,Venezuela,River,-63.8318,2.1436
2010-07-28 16:13:00,312.819,0.006,27203,"Orinoco, River",South America,Venezuela,River,-63.8318,2.1436
2010-08-07 14:11:32,313.191,0.001,27203,"Orinoco, River",South America,Venezuela,River,-63.8318,2.1436
2010-08-17 12:10:04,312.834,0.004,27203,"Orinoco, River",South America,Venezuela,River,-63.8318,2.1436
2010-08-27 10:08:36,312.239,0.053,27203,"Orinoco, River",South America,Venezuela,River,-63.8318,2.1436
2010-09-06 08:07:07,311.405,0.005,27203,"Orinoco, River",South America,Venezuela,River,-63.8318,2.1436
2010-09-16 06:05:39,311.728,0.21,27203,"Orinoco, River",South America,Venezuela,River,-63.8318,2.1436
2010-09-26 04:04:10,312.156,0.036,27203,"Orinoco, River",South America,Venezuela,River,-63.8318,2.1436
2010-10-06 02:02:41,312.573,0.026,27203,"Orinoco, River",South America,Venezuela,River,-63.8318,2.1436
2010-10-16 00:01:12,312.293,0.036,27203,"Orinoco, River",South America,Venezuela,River,-63.8318,2.1436
2010-11-14 17:56:46,312.366,0.039,27203,"Orinoco, River",South America,Venezuela,River,-63.8318,2.1436
2010-12-04 13:53:50,312.183,0.083,27203,"Orinoco, River",South America,Venezuela,River,-63.8318,2.1436
2010-12-14 11:52:22,311.945,0.082,27203,"Orinoco, River",South America,Venezuela,River,-63.8318,2.1436
2010-12-24 09:50:54,311.838,0.002,27203,"Orinoco, River",South America,Venezuela,River,-63.8318,2.1436
2011-01-03 07:49:25,311.456,0.005,27203,"Orinoco, River",South America,Venezuela,River,-63.8318,2.1436
2011-01-13 05:47:57,311.566,0.043,27203,"Orinoco, River",South America,Venezuela,River,-63.8318,2.1436
2011-01-23 03:46:28,311.707,0.02,27203,"Orinoco, River",South America,Venezuela,River,-63.8318,2.1436
2011-02-02 01:44:59,311.974,0.005,27203,"Orinoco, River",South America,Venezuela,River,-63.8318,2.1436
2011-02-11 23:43:30,312.174,0.007,27203,"Orinoco, River",South America,Venezuela,River,-63.8318,2.1436
2011-02-21 21:42:01,312.314,0.007,27203,"Orinoco, River",South America,Venezuela,River,-63.8318,2.1436
2011-03-03 19:40:32,312.341,0.007,27203,"Orinoco, River",South America,Venezuela,River,-63.8318,2.1436
2011-03-13 17:39:04,312.267,0.008,27203,"Orinoco, River",South America,Venezuela,River,-63.8318,2.1436
2011-03-23 15:37:37,311.954,0.046,27203,"Orinoco, River",South America,Venezuela,River,-63.8318,2.1436
2011-04-02 13:36:09,311.848,0.037,27203,"Orinoco, River",South America,Venezuela,River,-63.8318,2.1436
2011-04-12 11:34:40,311.819,0.04,27203,"Orinoco, River",South America,Venezuela,River,-63.8318,2.1436
2011-04-22 09:33:11,311.776,0.003,27203,"Orinoco, River",South America,Venezuela,River,-63.8318,2.1436
2011-05-02 07:31:43,311.643,0.014,27203,"Orinoco, River",South America,Venezuela,River,-63.8318,2.1436
2011-05-12 05:30:14,313.009,0.056,27203,"Orinoco, River",South America,Venezuela,River,-63.8318,2.1436
2011-05-22 03:28:45,312.986,0.017,27203,"Orinoco, River",South America,Venezuela,River,-63.8318,2.1436
2011-06-10 23:25:48,312.437,0.016,27203,"Orinoco, River",South America,Venezuela,River,-63.8318,2.1436
2011-06-20 21:24:20,311.996,0.009,27203,"Orinoco, River",South America,Venezuela,River,-63.8318,2.1436
2011-06-30 19:22:52,312.024,0.021,27203,"Orinoco, River",South America,Venezuela,River,-63.8318,2.1436
2011-07-10 17:21:24,311.86,0.033,27203,"Orinoco, River",South America,Venezuela,River,-63.8318,2.1436
2011-07-20 15:19:55,312.252,0.034,27203,"Orinoco, River",South America,Venezuela,River,-63.8318,2.1436
2011-08-09 11:16:57,312.477,0.062,27203,"Orinoco, River",South America,Venezuela,River,-63.8318,2.1436
2011-08-29 07:13:59,312.731,0.053,27203,"Orinoco, River",South America,Venezuela,River,-63.8318,2.1436
2011-09-08 05:12:31,312.704,0.002,27203,"Orinoco, River",South America,Venezuela,River,-63.8318,2.1436
2011-09-18 03:11:03,312.672,0.054,27203,"Orinoco, River",South America,Venezuela,River,-63.8318,2.1436
2011-09-28 01:09:35,313.191,0.126,27203,"Orinoco, River",South America,Venezuela,River,-63.8318,2.1436
2011-10-07 23:08:06,312.553,0.19,27203,"Orinoco, River",South America,Venezuela,River,-63.8318,2.1436
2011-10-17 21:06:37,312.843,0.081,27203,"Orinoco, River",South America,Venezuela,River,-63.8318,2.1436
2011-10-27 19:05:08,314.052,2.258,27203,"Orinoco, River",South America,Venezuela,River,-63.8318,2.1436
2011-11-06 17:03:40,313.251,0.231,27203,"Orinoco, River",South America,Venezuela,River,-63.8318,2.1436
2011-11-26 13:00:44,313.057,0.137,27203,"Orinoco, River",South America,Venezuela,River,-63.8318,2.1436
2011-12-06 10:59:15,312.793,0.05,27203,"Orinoco, River",South America,Venezuela,River,-63.8318,2.1436
2011-12-16 08:57:46,312.683,0.051,27203,"Orinoco, River",South America,Venezuela,River,-63.8318,2.1436
2012-01-05 04:54:51,312.246,0.089,27203,"Orinoco, River",South America,Venezuela,River,-63.8318,2.1436
2012-01-15 02:53:23,311.826,0.021,27203,"Orinoco, River",South America,Venezuela,River,-63.8318,2.1436
2012-01-25 00:51:54,311.7,0.004,27203,"Orinoco, River",South America,Venezuela,River,-63.8318,2.1436
2012-02-13 20:48:57,311.598,0.018,27203,"Orinoco, River",South America,Venezuela,River,-63.8318,2.1436
2012-03-14 14:44:30,312.374,0.026,27203,"Orinoco, River",South America,Venezuela,River,-63.8318,2.1436
2012-03-24 12:43:02,312.094,0.01,27203,"Orinoco, River",South America,Venezuela,River,-63.8318,2.1436
2012-04-03 10:41:34,311.62,0.001,27203,"Orinoco, River",South America,Venezuela,River,-63.8318,2.1436
2012-04-13 08:40:06,311.809,0.006,27203,"Orinoco, River",South America,Venezuela,River,-63.8318,2.1436
2012-05-03 04:37:09,311.823,0.011,27203,"Orinoco, River",South America,Venezuela,River,-63.8318,2.1436
2012-05-13 02:35:40,312.444,0.01,27203,"Orinoco, River",South America,Venezuela,River,-63.8318,2.1436
2012-05-23 00:34:11,312.46,0.01,27203,"Orinoco, River",South America,Venezuela,River,-63.8318,2.1436
2012-06-11 20:31:15,311.896,0.014,27203,"Orinoco, River",South America,Venezuela,River,-63.8318,2.1436
2012-06-21 18:29:46,311.903,0.02,27203,"Orinoco, River",South America,Venezuela,River,-63.8318,2.1436
2012-07-01 16:28:17,312.817,0.375,27203,"Orinoco, River",South America,Venezuela,River,-63.8318,2.1436
2012-07-11 14:26:48,312.319,0.022,27203,"Orinoco, River",South America,Venezuela,River,-63.8318,2.1436
2012-07-21 12:25:19,313.034,0.005,27203,"Orinoco, River",South America,Venezuela,River,-63.8318,2.1436
2012-08-10 08:22:22,312.754,0.008,27203,"Orinoco, River",South America,Venezuela,River,-63.8318,2.1436
2012-08-30 04:19:26,312.461,0.018,27203,"Orinoco, River",South America,Venezuela,River,-63.8318,2.1436
2012-09-09 02:17:58,312.105,0.002,27203,"Orinoco, River",South America,Venezuela,River,-63.8318,2.1436
2012-09-19 00:16:29,312.116,0.004,27203,"Orinoco, River",South America,Venezuela,River,-63.8318,2.1436
2012-09-28 22:15:00,312.444,0.002,27203,"Orinoco, River",South America,Venezuela,River,-63.8318,2.1436
2012-10-08 20:13:31,312.485,0.05,27203,"Orinoco, River",South America,Venezuela,River,-63.8318,2.1436
2012-10-18 18:12:02,312.72,0.085,27203,"Orinoco, River",South America,Venezuela,River,-63.8318,2.1436
2012-11-07 14:09:06,312.512,0.015,27203,"Orinoco, River",South America,Venezuela,River,-63.8318,2.1436
2012-11-17 12:07:38,312.096,0.011,27203,"Orinoco, River",South America,Venezuela,River,-63.8318,2.1436
2012-11-27 10:06:10,311.65,0.023,27203,"Orinoco, River",South America,Venezuela,River,-63.8318,2.1436
2012-12-07 08:04:41,312.07,0.053,27203,"Orinoco, River",South America,Venezuela,River,-63.8318,2.1436
2012-12-17 06:03:13,312.065,0.004,27203,"Orinoco, River",South America,Venezuela,River,-63.8318,2.1436
2012-12-27 04:01:45,311.589,0.03,27203,"Orinoco, River",South America,Venezuela,River,-63.8318,2.1436
2013-01-06 02:00:17,311.735,0.0,27203,"Orinoco, River",South America,Venezuela,River,-63.8318,2.1436
2013-01-15 23:58:49,311.26,0.065,27203,"Orinoco, River",South America,Venezuela,River,-63.8318,2.1436
2013-01-25 21:57:20,311.487,0.017,27203,"Orinoco, River",South America,Venezuela,River,-63.8318,2.1436
2013-02-04 19:55:51,311.512,0.006,27203,"Orinoco, River",South America,Venezuela,River,-63.8318,2.1436
2013-02-14 17:54:23,311.734,0.024,27203,"Orinoco, River",South America,Venezuela,River,-63.8318,2.1436
2013-02-24 15:52:54,312.234,0.011,27203,"Orinoco, River",South America,Venezuela,River,-63.8318,2.1436
2013-03-06 13:51:25,312.097,0.013,27203,"Orinoco, River",South America,Venezuela,River,-63.8318,2.1436
2013-03-16 11:49:57,311.885,0.032,27203,"Orinoco, River",South America,Venezuela,River,-63.8318,2.1436
2013-04-15 05:45:33,311.199,0.009,27203,"Orinoco, River",South America,Venezuela,River,-63.8318,2.1436
2013-04-25 03:44:04,311.774,0.122,27203,"Orinoco, River",South America,Venezuela,River,-63.8318,2.1436
2013-05-05 01:42:35,312.104,0.105,27203,"Orinoco, River",South America,Venezuela,River,-63.8318,2.1436
2013-05-24 21:39:38,311.937,0.009,27203,"Orinoco, River",South America,Venezuela,River,-63.8318,2.1436
2013-06-03 19:38:10,311.958,0.011,27203,"Orinoco, River",South America,Venezuela,River,-63.8318,2.1436
2013-06-13 17:36:42,311.87,0.001,27203,"Orinoco, River",South America,Venezuela,River,-63.8318,2.1436
2013-06-23 15:35:14,311.672,0.009,27203,"Orinoco, River",South America,Venezuela,River,-63.8318,2.1436
2013-07-03 13:33:46,311.679,0.11,27203,"Orinoco, River",South America,Venezuela,River,-63.8318,2.1436
2013-07-23 09:30:48,312.267,0.012,27203,"Orinoco, River",South America,Venezuela,River,-63.8318,2.1436
2013-08-02 07:29:18,312.394,0.028,27203,"Orinoco, River",South America,Venezuela,River,-63.8318,2.1436
2013-08-12 05:27:49,313.185,0.001,27203,"Orinoco, River",South America,Venezuela,River,-63.8318,2.1436
2013-08-22 03:26:22,312.701,0.023,27203,"Orinoco, River",South America,Venezuela,River,-63.8318,2.1436
2013-09-01 01:24:54,312.273,0.0,27203,"Orinoco, River",South America,Venezuela,River,-63.8318,2.1436
2013-09-20 21:21:57,311.892,0.002,27203,"Orinoco, River",South America,Venezuela,River,-63.8318,2.1436
2013-09-30 19:20:29,311.942,0.006,27203,"Orinoco, River",South America,Venezuela,River,-63.8318,2.1436
2013-10-10 17:19:00,312.111,0.031,27203,"Orinoco, River",South America,Venezuela,River,-63.8318,2.1436
2013-10-20 15:17:31,312.18,0.014,27203,"Orinoco, River",South America,Venezuela,River,-63.8318,2.1436
2013-11-09 11:14:35,312.301,0.042,27203,"Orinoco, River",South America,Venezuela,River,-63.8318,2.1436
2013-11-19 09:13:07,311.809,0.016,27203,"Orinoco, River",South America,Venezuela,River,-63.8318,2.1436
2013-11-29 07:11:39,312.02,0.081,27203,"Orinoco, River",South America,Venezuela,River,-63.8318,2.1436
2013-12-09 05:10:10,311.947,0.02,27203,"Orinoco, River",South America,Venezuela,River,-63.8318,2.1436
2013-12-19 03:08:41,312.06,0.041,27203,"Orinoco, River",South America,Venezuela,River,-63.8318,2.1436
2013-12-29 01:07:14,311.957,0.029,27203,"Orinoco, River",South America,Venezuela,River,-63.8318,2.1436
2014-01-07 23:05:45,311.634,0.034,27203,"Orinoco, River",South America,Venezuela,River,-63.8318,2.1436
2014-01-17 21:04:17,311.181,0.099,27203,"Orinoco, River",South America,Venezuela,River,-63.8318,2.1436
2014-01-27 19:02:49,311.305,0.057,27203,"Orinoco, River",South America,Venezuela,River,-63.8318,2.1436
2014-02-06 17:01:21,311.261,0.028,27203,"Orinoco, River",South America,Venezuela,River,-63.8318,2.1436
2014-02-16 14:59:52,311.813,0.025,27203,"Orinoco, River",South America,Venezuela,River,-63.8318,2.1436
2014-02-26 12:58:23,312.138,0.018,27203,"Orinoco, River",South America,Venezuela,River,-63.8318,2.1436
2014-03-18 08:55:27,311.077,1.423,27203,"Orinoco, River",South America,Venezuela,River,-63.8318,2.1436
2014-03-28 06:53:59,311.242,0.091,27203,"Orinoco, River",South America,Venezuela,River,-63.8318,2.1436
2014-04-07 04:52:30,311.685,0.033,27203,"Orinoco, River",South America,Venezuela,River,-63.8318,2.1436
2014-04-17 02:51:01,311.949,0.081,27203,"Orinoco, River",South America,Venezuela,River,-63.8318,2.1436
2014-05-06 22:48:05,311.622,0.048,27203,"Orinoco, River",South America,Venezuela,River,-63.8318,2.1436
2014-05-16 20:46:37,311.039,0.044,27203,"Orinoco, River",South America,Venezuela,River,-63.8318,2.1436
2014-06-05 16:43:41,310.997,0.103,27203,"Orinoco, River",South America,Venezuela,River,-63.8318,2.1436
2014-06-15 14:42:12,311.525,0.031,27203,"Orinoco, River",South America,Venezuela,River,-63.8318,2.1436
2014-07-05 10:39:14,312.221,0.063,27203,"Orinoco, River",South America,Venezuela,River,-63.8318,2.1436
2014-07-15 08:37:45,312.804,0.028,27203,"Orinoco, River",South America,Venezuela,River,-63.8318,2.1436
2014-07-25 06:36:18,311.666,0.01,27203,"Orinoco, River",South America,Venezuela,River,-63.8318,2.1436
2014-08-04 04:34:50,311.877,0.018,27203,"Orinoco, River",South America,Venezuela,River,-63.8318,2.1436
2014-08-14 02:33:22,311.929,0.034,27203,"Orinoco, River",South America,Venezuela,River,-63.8318,2.1436
2014-08-24 00:31:54,311.915,0.041,27203,"Orinoco, River",South America,Venezuela,River,-63.8318,2.1436
2014-09-02 22:30:26,311.516,0.134,27203,"Orinoco, River",South America,Venezuela,River,-63.8318,2.1436
2014-09-12 20:28:57,311.114,0.009,27203,"Orinoco, River",South America,Venezuela,River,-63.8318,2.1436
2014-09-22 18:27:28,311.205,0.048,27203,"Orinoco, River",South America,Venezuela,River,-63.8318,2.1436
2014-10-02 16:26:00,311.665,0.011,27203,"Orinoco, River",South America,Venezuela,River,-63.8318,2.1436
2014-10-12 14:24:30,312.194,0.019,27203,"Orinoco, River",South America,Venezuela,River,-63.8318,2.1436
2014-10-22 12:23:02,312.286,0.041,27203,"Orinoco, River",South America,Venezuela,River,-63.8318,2.1436
2014-11-01 10:21:34,311.658,0.019,27203,"Orinoco, River",South America,Venezuela,River,-63.8318,2.1436
2014-11-11 08:20:06,311.568,0.074,27203,"Orinoco, River",South America,Venezuela,River,-63.8318,2.1436
2014-11-21 06:18:37,311.654,0.032,27203,"Orinoco, River",South America,Venezuela,River,-63.8318,2.1436
2014-12-01 04:17:09,311.83,0.039,27203,"Orinoco, River",South America,Venezuela,River,-63.8318,2.1436
2014-12-21 00:14:12,311.96,0.018,27203,"Orinoco, River",South America,Venezuela,River,-63.8318,2.1436
2014-12-30 22:12:44,311.317,0.221,27203,"Orinoco, River",South America,Venezuela,River,-63.8318,2.1436
2015-01-09 20:11:16,311.202,0.014,27203,"Orinoco, River",South America,Venezuela,River,-63.8318,2.1436
2015-01-19 18:09:48,311.349,0.074,27203,"Orinoco, River",South America,Venezuela,River,-63.8318,2.1436
2015-01-29 16:08:20,311.274,0.023,27203,"Orinoco, River",South America,Venezuela,River,-63.8318,2.1436
2015-02-08 14:06:51,311.347,0.024,27203,"Orinoco, River",South America,Venezuela,River,-63.8318,2.1436
2015-02-18 12:05:22,311.731,0.055,27203,"Orinoco, River",South America,Venezuela,River,-63.8318,2.1436
2015-02-28 10:03:53,312.009,0.025,27203,"Orinoco, River",South America,Venezuela,River,-63.8318,2.1436
2015-03-20 06:00:57,311.494,0.069,27203,"Orinoco, River",South America,Venezuela,River,-63.8318,2.1436
2015-03-30 03:59:30,310.999,0.048,27203,"Orinoco, River",South America,Venezuela,River,-63.8318,2.1436
2015-04-09 01:58:02,311.234,1.761,27203,"Orinoco, River",South America,Venezuela,River,-63.8318,2.1436
2015-04-18 23:56:33,311.567,0.085,27203,"Orinoco, River",South America,Venezuela,River,-63.8318,2.1436
2015-04-28 21:55:04,311.498,0.053,27203,"Orinoco, River",South America,Venezuela,River,-63.8318,2.1436
2015-05-08 19:53:35,311.926,0.001,27203,"Orinoco, River",South America,Venezuela,River,-63.8318,2.1436
2015-05-18 17:52:06,312.068,0.043,27203,"Orinoco, River",South America,Venezuela,River,-63.8318,2.1436
2015-05-28 15:50:38,312.077,0.011,27203,"Orinoco, River",South America,Venezuela,River,-63.8318,2.1436
2015-06-07 13:49:11,311.612,0.017,27203,"Orinoco, River",South America,Venezuela,River,-63.8318,2.1436
2015-06-17 11:47:43,311.651,0.02,27203,"Orinoco, River",South America,Venezuela,River,-63.8318,2.1436
2015-06-27 09:46:15,311.792,0.073,27203,"Orinoco, River",South America,Venezuela,River,-63.8318,2.1436
2015-07-07 07:44:46,311.205,0.021,27203,"Orinoco, River",South America,Venezuela,River,-63.8318,2.1436
2015-07-17 05:43:17,311.515,0.046,27203,"Orinoco, River",South America,Venezuela,River,-63.8318,2.1436
2015-07-27 03:41:49,311.914,0.033,27203,"Orinoco, River",South America,Venezuela,River,-63.8318,2.1436
2015-08-06 01:40:20,311.836,0.018,27203,"Orinoco, River",South America,Venezuela,River,-63.8318,2.1436
2015-09-24 15:32:58,311.736,0.079,27203,"Orinoco, River",South America,Venezuela,River,-63.8318,2.1436
2015-10-04 13:31:30,311.464,0.002,27203,"Orinoco, River",South America,Venezuela,River,-63.8318,2.1436
2015-10-14 11:30:03,311.284,0.062,27203,"Orinoco, River",South America,Venezuela,River,-63.8318,2.1436
2015-10-24 09:28:34,311.337,2.304,27203,"Orinoco, River",South America,Venezuela,River,-63.8318,2.1436
2015-11-03 07:27:06,311.176,0.054,27203,"Orinoco, River",South America,Venezuela,River,-63.8318,2.1436
2015-11-13 05:25:37,310.9,2.298,27203,"Orinoco, River",South America,Venezuela,River,-63.8318,2.1436
2015-11-23 03:24:09,310.904,1.774,27203,"Orinoco, River",South America,Venezuela,River,-63.8318,2.1436
2015-12-12 23:21:13,311.025,1.9,27203,"Orinoco, River",South America,Venezuela,River,-63.8318,2.1436
2015-12-22 21:19:44,311.25,1.911,27203,"Orinoco, River",South America,Venezuela,River,-63.8318,2.1436
2016-01-11 17:16:46,311.609,0.037,27203,"Orinoco, River",South America,Venezuela,River,-63.8318,2.1436
2016-01-31 13:13:50,311.488,0.031,27203,"Orinoco, River",South America,Venezuela,River,-63.8318,2.1436
2016-02-10 11:12:22,311.0,2.015,27203,"Orinoco, River",South America,Venezuela,River,-63.8318,2.1436
2016-03-01 07:09:26,310.801,1.884,27203,"Orinoco, River",South America,Venezuela,River,-63.8318,2.1436
2016-03-11 05:08:38,311.106,1.56,27203,"Orinoco, River",South America,Venezuela,River,-63.8318,2.1436
2016-03-31 01:05:00,311.539,0.013,27203,"Orinoco, River",South America,Venezuela,River,-63.8318,2.1436
2016-04-09 23:03:31,311.715,0.003,27203,"Orinoco, River",South America,Venezuela,River,-63.8318,2.1436
2016-04-19 21:02:02,312.359,0.11,27203,"Orinoco, River",South America,Venezuela,River,-63.8318,2.1436
2016-04-29 19:01:57,311.415,0.008,27203,"Orinoco, River",South America,Venezuela,River,-63.8318,2.1436
2016-05-09 16:59:06,312.124,0.027,27203,"Orinoco, River",South America,Venezuela,River,-63.8318,2.1436
2016-05-19 14:57:38,311.852,0.022,27203,"Orinoco, River",South America,Venezuela,River,-63.8318,2.1436
2016-05-29 12:56:10,311.707,0.006,27203,"Orinoco, River",South America,Venezuela,River,-63.8318,2.1436
2016-06-08 10:54:42,311.616,0.011,27203,"Orinoco, River",South America,Venezuela,River,-63.8318,2.1436
2016-06-18 08:53:14,311.529,0.022,27203,"Orinoco, River",South America,Venezuela,River,-63.8318,2.1436
2016-06-28 06:51:46,311.434,0.025,27203,"Orinoco, River",South America,Venezuela,River,-63.8318,2.1436
2016-07-08 04:50:18,312.115,0.036,27203,"Orinoco, River",South America,Venezuela,River,-63.8318,2.1436
2016-07-18 02:48:49,311.933,0.007,27203,"Orinoco, River",South America,Venezuela,River,-63.8318,2.1436
2016-08-06 22:45:52,312.087,0.055,27203,"Orinoco, River",South America,Venezuela,River,-63.8318,2.1436
2016-08-16 20:44:23,312.052,0.002,27203,"Orinoco, River",South America,Venezuela,River,-63.8318,2.1436
2016-08-26 18:42:54,312.1,0.069,27203,"Orinoco, River",South America,Venezuela,River,-63.8318,2.1436
2016-09-05 16:41:26,312.139,0.007,27203,"Orinoco, River",South America,Venezuela,River,-63.8318,2.1436
2016-09-15 14:39:58,312.351,0.039,27203,"Orinoco, River",South America,Venezuela,River,-63.8318,2.1436
2016-09-25 12:38:30,312.166,0.022,27203,"Orinoco, River",South America,Venezuela,River,-63.8318,2.1436
2017-01-22 12:22:10,311.812,0.001,27203,"Orinoco, River",South America,Venezuela,River,-63.8318,2.1436
2018-01-14 11:29:09,311.37,0.009,27203,"Orinoco, River",South America,Venezuela,River,-63.8318,2.1436
2018-01-24 09:27:41,311.09,0.045,27203,"Orinoco, River",South America,Venezuela,River,-63.8318,2.1436
2018-02-23 03:23:16,311.09,0.08,27203,"Orinoco, River",South America,Venezuela,River,-63.8318,2.1436
2018-03-05 01:21:47,311.795,0.063,27203,"Orinoco, River",South America,Venezuela,River,-63.8318,2.1436
2018-04-23 15:14:23,311.575,0.009,27203,"Orinoco, River",South America,Venezuela,River,-63.8318,2.1436
2018-05-03 13:12:55,312.565,0.027,27203,"Orinoco, River",South America,Venezuela,River,-63.8318,2.1436
2018-07-11 23:02:37,311.942,0.006,27203,"Orinoco, River",South America,Venezuela,River,-63.8318,2.1436
2018-11-17 20:43:27,311.495,0.03,27203,"Orinoco, River",South America,Venezuela,River,-63.8318,2.1436
2019-01-06 10:36:04,311.462,0.024,27203,"Orinoco, River",South America,Venezuela,River,-63.8318,2.1436
2019-01-16 08:34:36,311.399,0.03,27203,"Orinoco, River",South America,Venezuela,River,-63.8318,2.1436
2019-03-06 22:27:15,310.861,1.889,27203,"Orinoco, River",South America,Venezuela,River,-63.8318,2.1436
2019-03-26 18:24:16,311.537,0.238,27203,"Orinoco, River",South America,Venezuela,River,-63.8318,2.1436
2019-04-05 16:22:47,311.64,0.05,27203,"Orinoco, River",South America,Venezuela,River,-63.8318,2.1436
2019-04-15 14:21:17,312.095,0.073,27203,"Orinoco, River",South America,Venezuela,River,-63.8318,2.1436
2019-04-25 12:19:50,311.924,0.052,27203,"Orinoco, River",South America,Venezuela,River,-63.8318,2.1436
2019-05-05 10:18:22,311.924,0.008,27203,"Orinoco, River",South America,Venezuela,River,-63.8318,2.1436
2019-05-15 08:16:54,311.436,0.012,27203,"Orinoco, River",South America,Venezuela,River,-63.8318,2.1436
2019-05-25 06:15:26,311.307,0.008,27203,"Orinoco, River",South America,Venezuela,River,-63.8318,2.1436
2019-06-04 04:13:58,311.474,0.045,27203,"Orinoco, River",South America,Venezuela,River,-63.8318,2.1436
2019-06-14 02:12:30,311.526,0.028,27203,"Orinoco, River",South America,Venezuela,River,-63.8318,2.1436
2019-06-24 00:11:02,311.231,0.037,27203,"Orinoco, River",South America,Venezuela,River,-63.8318,2.1436
2019-08-22 12:02:09,312.076,0.077,27203,"Orinoco, River",South America,Venezuela,River,-63.8318,2.1436
2019-10-01 03:56:16,311.649,0.003,27203,"Orinoco, River",South America,Venezuela,River,-63.8318,2.1436
2019-10-11 01:54:47,311.894,0.004,27203,"Orinoco, River",South America,Venezuela,River,-63.8318,2.1436
2019-10-30 21:51:49,311.608,0.025,27203,"Orinoco, River",South America,Venezuela,River,-63.8318,2.1436
2019-12-09 13:45:54,313.492,0.111,27203,"Orinoco, River",South America,Venezuela,River,-63.8318,2.1436
2019-12-19 11:44:26,312.284,0.016,27203,"Orinoco, River",South America,Venezuela,River,-63.8318,2.1436
2020-01-08 07:41:29,311.498,0.031,27203,"Orinoco, River",South America,Venezuela,River,-63.8318,2.1436
2020-01-18 05:40:01,311.813,0.049,27203,"Orinoco, River",South America,Venezuela,River,-63.8318,2.1436
2020-01-28 03:38:33,311.682,0.011,27203,"Orinoco, River",South America,Venezuela,River,-63.8318,2.1436
2020-02-16 23:35:36,311.671,0.012,27203,"Orinoco, River",South America,Venezuela,River,-63.8318,2.1436
2020-02-26 21:34:06,311.835,0.012,27203,"Orinoco, River",South America,Venezuela,River,-63.8318,2.1436
2020-03-07 19:32:37,311.686,0.031,27203,"Orinoco, River",South America,Venezuela,River,-63.8318,2.1436
2020-03-17 17:31:09,311.835,0.014,27203,"Orinoco, River",South America,Venezuela,River,-63.8318,2.1436
2020-03-27 15:29:41,311.728,0.005,27203,"Orinoco, River",South America,Venezuela,River,-63.8318,2.1436
2020-04-06 13:28:13,311.847,0.025,27203,"Orinoco, River",South America,Venezuela,River,-63.8318,2.1436
2020-04-16 11:26:45,311.501,0.006,27203,"Orinoco, River",South America,Venezuela,River,-63.8318,2.1436
2020-04-26 09:25:17,311.351,0.012,27203,"Orinoco, River",South America,Venezuela,River,-63.8318,2.1436
2020-05-06 07:23:48,311.486,0.018,27203,"Orinoco, River",South America,Venezuela,River,-63.8318,2.1436
2020-05-16 05:22:20,311.687,0.0,27203,"Orinoco, River",South America,Venezuela,River,-63.8318,2.1436
2020-05-26 03:20:52,311.108,0.112,27203,"Orinoco, River",South America,Venezuela,River,-63.8318,2.1436
2020-06-05 01:19:24,311.332,0.016,27203,"Orinoco, River",South America,Venezuela,River,-63.8318,2.1436
2020-06-14 23:17:55,311.696,0.006,27203,"Orinoco, River",South America,Venezuela,River,-63.8318,2.1436
2020-06-24 21:16:26,312.069,0.004,27203,"Orinoco, River",South America,Venezuela,River,-63.8318,2.1436
2020-07-04 19:14:57,312.004,0.001,27203,"Orinoco, River",South America,Venezuela,River,-63.8318,2.1436
2020-08-03 13:10:31,312.247,0.041,27203,"Orinoco, River",South America,Venezuela,River,-63.8318,2.1436
2020-08-13 11:09:03,312.294,0.203,27203,"Orinoco, River",South America,Venezuela,River,-63.8318,2.1436
2020-09-02 07:06:06,311.05,0.102,27203,"Orinoco, River",South America,Venezuela,River,-63.8318,2.1436
2016-05-28 14:25:44,106.203,0.025,23578,"Orinoco, River",South America,Venezuela,River,-65.9853,3.139
2016-06-24 14:25:45,107.117,0.022,23578,"Orinoco, River",South America,Venezuela,River,-65.9853,3.139
2016-07-21 14:25:44,106.851,0.001,23578,"Orinoco, River",South America,Venezuela,River,-65.9853,3.139
2016-08-17 14:25:43,106.499,0.039,23578,"Orinoco, River",South America,Venezuela,River,-65.9853,3.139
2016-09-13 14:25:46,106.175,0.008,23578,"Orinoco, River",South America,Venezuela,River,-65.9853,3.139
2016-10-10 14:25:48,104.789,0.015,23578,"Orinoco, River",South America,Venezuela,River,-65.9853,3.139
2016-11-06 14:25:45,105.104,0.043,23578,"Orinoco, River",South America,Venezuela,River,-65.9853,3.139
2016-12-03 14:25:42,104.57,0.044,23578,"Orinoco, River",South America,Venezuela,River,-65.9853,3.139
2016-12-30 14:25:44,104.828,0.033,23578,"Orinoco, River",South America,Venezuela,River,-65.9853,3.139
2017-01-26 14:25:46,104.426,0.046,23578,"Orinoco, River",South America,Venezuela,River,-65.9853,3.139
2017-02-22 14:25:44,104.074,0.017,23578,"Orinoco, River",South America,Venezuela,River,-65.9853,3.139
2017-03-21 14:25:45,105.228,0.024,23578,"Orinoco, River",South America,Venezuela,River,-65.9853,3.139
2017-04-17 14:25:49,104.563,0.104,23578,"Orinoco, River",South America,Venezuela,River,-65.9853,3.139
2017-05-14 14:25:53,107.457,0.017,23578,"Orinoco, River",South America,Venezuela,River,-65.9853,3.139
2017-06-10 14:25:55,106.448,0.01,23578,"Orinoco, River",South America,Venezuela,River,-65.9853,3.139
2017-07-07 14:25:52,108.151,0.042,23578,"Orinoco, River",South America,Venezuela,River,-65.9853,3.139
2017-08-03 14:25:50,108.009,0.068,23578,"Orinoco, River",South America,Venezuela,River,-65.9853,3.139
2017-08-30 14:25:46,105.874,0.054,23578,"Orinoco, River",South America,Venezuela,River,-65.9853,3.139
2017-09-26 14:25:48,105.601,0.094,23578,"Orinoco, River",South America,Venezuela,River,-65.9853,3.139
2017-10-23 14:25:51,104.878,0.027,23578,"Orinoco, River",South America,Venezuela,River,-65.9853,3.139
2017-11-19 14:25:50,104.229,0.033,23578,"Orinoco, River",South America,Venezuela,River,-65.9853,3.139
2017-12-16 14:25:47,104.124,0.024,23578,"Orinoco, River",South America,Venezuela,River,-65.9853,3.139
2018-01-12 14:25:52,103.731,0.032,23578,"Orinoco, River",South America,Venezuela,River,-65.9853,3.139
2018-02-08 14:25:53,103.061,0.016,23578,"Orinoco, River",South America,Venezuela,River,-65.9853,3.139
2018-03-07 14:25:50,103.046,0.082,23578,"Orinoco, River",South America,Venezuela,River,-65.9853,3.139
2018-04-03 14:25:53,103.311,0.014,23578,"Orinoco, River",South America,Venezuela,River,-65.9853,3.139
2018-04-30 14:25:55,106.234,0.012,23578,"Orinoco, River",South America,Venezuela,River,-65.9853,3.139
2018-05-27 14:25:55,107.663,0.029,23578,"Orinoco, River",South America,Venezuela,River,-65.9853,3.139
2018-06-23 14:25:56,108.431,0.014,23578,"Orinoco, River",South America,Venezuela,River,-65.9853,3.139
2018-07-20 14:25:54,108.02,0.035,23578,"Orinoco, River",South America,Venezuela,River,-65.9853,3.139
2018-08-16 14:25:51,106.918,0.019,23578,"Orinoco, River",South America,Venezuela,River,-65.9853,3.139
2018-09-12 14:25:52,107.609,0.018,23578,"Orinoco, River",South America,Venezuela,River,-65.9853,3.139
2018-10-09 14:25:56,104.798,0.031,23578,"Orinoco, River",South America,Venezuela,River,-65.9853,3.139
2018-11-05 14:25:56,104.1,0.026,23578,"Orinoco, River",South America,Venezuela,River,-65.9853,3.139
2018-12-02 14:25:52,104.464,0.027,23578,"Orinoco, River",South America,Venezuela,River,-65.9853,3.139
2018-12-29 14:25:51,103.673,0.034,23578,"Orinoco, River",South America,Venezuela,River,-65.9853,3.139
2019-01-25 14:25:54,103.449,0.016,23578,"Orinoco, River",South America,Venezuela,River,-65.9853,3.139
2019-02-21 14:25:54,103.061,0.053,23578,"Orinoco, River",South America,Venezuela,River,-65.9853,3.139
2019-03-20 14:25:53,102.871,0.023,23578,"Orinoco, River",South America,Venezuela,River,-65.9853,3.139
2019-04-16 14:25:59,103.476,0.011,23578,"Orinoco, River",South America,Venezuela,River,-65.9853,3.139
2019-05-13 14:26:01,106.801,0.008,23578,"Orinoco, River",South America,Venezuela,River,-65.9853,3.139
2019-06-09 14:25:59,107.728,0.024,23578,"Orinoco, River",South America,Venezuela,River,-65.9853,3.139
2019-07-06 14:26:00,106.848,0.009,23578,"Orinoco, River",South America,Venezuela,River,-65.9853,3.139
2019-08-02 14:25:58,107.737,0.025,23578,"Orinoco, River",South America,Venezuela,River,-65.9853,3.139
2019-08-29 14:25:54,107.004,0.006,23578,"Orinoco, River",South America,Venezuela,River,-65.9853,3.139
2019-09-25 14:25:58,105.834,0.044,23578,"Orinoco, River",South America,Venezuela,River,-65.9853,3.139
2019-10-22 14:25:58,106.301,0.017,23578,"Orinoco, River",South America,Venezuela,River,-65.9853,3.139
2019-11-18 14:25:56,104.971,0.024,23578,"Orinoco, River",South America,Venezuela,River,-65.9853,3.139
2019-12-15 14:25:53,104.75,0.066,23578,"Orinoco, River",South America,Venezuela,River,-65.9853,3.139
2020-01-11 14:25:56,103.658,0.009,23578,"Orinoco, River",South America,Venezuela,River,-65.9853,3.139
2020-02-07 14:25:57,103.36,0.056,23578,"Orinoco, River",South America,Venezuela,River,-65.9853,3.139
2020-03-05 14:25:55,103.437,0.016,23578,"Orinoco, River",South America,Venezuela,River,-65.9853,3.139
2020-04-01 14:26:00,103.617,0.012,23578,"Orinoco, River",South America,Venezuela,River,-65.9853,3.139
2020-04-28 14:26:03,104.472,0.051,23578,"Orinoco, River",South America,Venezuela,River,-65.9853,3.139
2020-05-25 14:26:04,105.982,0.051,23578,"Orinoco, River",South America,Venezuela,River,-65.9853,3.139
2020-06-21 14:26:02,107.817,0.026,23578,"Orinoco, River",South America,Venezuela,River,-65.9853,3.139
2020-07-18 14:26:03,107.739,0.015,23578,"Orinoco, River",South America,Venezuela,River,-65.9853,3.139
2020-08-14 14:26:01,107.308,0.031,23578,"Orinoco, River",South America,Venezuela,River,-65.9853,3.139
2020-09-10 14:25:59,106.858,0.007,23578,"Orinoco, River",South America,Venezuela,River,-65.9853,3.139
2020-10-07 14:26:02,105.346,0.013,23578,"Orinoco, River",South America,Venezuela,River,-65.9853,3.139
2020-11-03 14:26:01,105.51,0.004,23578,"Orinoco, River",South America,Venezuela,River,-65.9853,3.139
2020-11-30 14:25:56,106.649,0.068,23578,"Orinoco, River",South America,Venezuela,River,-65.9853,3.139
2020-12-27 14:25:58,106.695,0.015,23578,"Orinoco, River",South America,Venezuela,River,-65.9853,3.139
2021-01-23 14:26:03,105.118,0.006,23578,"Orinoco, River",South America,Venezuela,River,-65.9853,3.139
2021-02-19 14:26:03,103.861,0.009,23578,"Orinoco, River",South America,Venezuela,River,-65.9853,3.139
2021-03-18 14:25:59,104.626,0.043,23578,"Orinoco, River",South America,Venezuela,River,-65.9853,3.139
2021-04-14 14:26:06,105.571,0.029,23578,"Orinoco, River",South America,Venezuela,River,-65.9853,3.139
2021-05-11 14:26:08,107.537,0.013,23578,"Orinoco, River",South America,Venezuela,River,-65.9853,3.139
2021-06-07 14:26:08,108.253,0.012,23578,"Orinoco, River",South America,Venezuela,River,-65.9853,3.139
2021-07-04 14:26:09,108.102,0.037,23578,"Orinoco, River",South America,Venezuela,River,-65.9853,3.139
2021-07-31 14:26:07,108.377,0.022,23578,"Orinoco, River",South America,Venezuela,River,-65.9853,3.139
2021-08-27 14:26:04,108.191,0.035,23578,"Orinoco, River",South America,Venezuela,River,-65.9853,3.139
2021-09-23 14:26:06,106.727,0.03,23578,"Orinoco, River",South America,Venezuela,River,-65.9853,3.139
2021-10-20 14:26:06,105.866,0.059,23578,"Orinoco, River",South America,Venezuela,River,-65.9853,3.139
2021-11-16 14:26:05,106.047,0.006,23578,"Orinoco, River",South America,Venezuela,River,-65.9853,3.139
2021-12-13 14:26:04,106.595,0.032,23578,"Orinoco, River",South America,Venezuela,River,-65.9853,3.139
2022-01-09 14:26:06,104.811,0.019,23578,"Orinoco, River",South America,Venezuela,River,-65.9853,3.139
2022-02-05 14:26:10,104.035,0.101,23578,"Orinoco, River",South America,Venezuela,River,-65.9853,3.139
2022-03-04 14:26:07,104.944,0.059,23578,"Orinoco, River",South America,Venezuela,River,-65.9853,3.139
2022-03-31 14:26:09,106.299,0.011,23578,"Orinoco, River",South America,Venezuela,River,-65.9853,3.139
2022-04-27 14:26:11,105.821,0.016,23578,"Orinoco, River",South America,Venezuela,River,-65.9853,3.139
2022-05-24 14:26:09,108.363,0.036,23578,"Orinoco, River",South America,Venezuela,River,-65.9853,3.139
2022-06-20 14:26:09,108.311,0.032,23578,"Orinoco, River",South America,Venezuela,River,-65.9853,3.139
2022-07-17 14:26:06,108.165,0.022,23578,"Orinoco, River",South America,Venezuela,River,-65.9853,3.139
2022-08-13 14:26:03,107.716,0.011,23578,"Orinoco, River",South America,Venezuela,River,-65.9853,3.139
2022-09-09 14:26:04,107.448,0.031,23578,"Orinoco, River",South America,Venezuela,River,-65.9853,3.139
2022-10-06 14:26:03,106.243,0.033,23578,"Orinoco, River",South America,Venezuela,River,-65.9853,3.139
2022-11-02 14:26:03,106.725,0.032,23578,"Orinoco, River",South America,Venezuela,River,-65.9853,3.139
2022-11-29 14:26:00,106.927,0.005,23578,"Orinoco, River",South America,Venezuela,River,-65.9853,3.139
2022-12-26 14:26:00,105.467,0.031,23578,"Orinoco, River",South America,Venezuela,River,-65.9853,3.139
2023-01-22 14:26:03,106.337,0.047,23578,"Orinoco, River",South America,Venezuela,River,-65.9853,3.139
2023-02-18 14:26:02,104.725,0.042,23578,"Orinoco, River",South America,Venezuela,River,-65.9853,3.139
2023-03-17 14:26:04,104.603,0.024,23578,"Orinoco, River",South America,Venezuela,River,-65.9853,3.139
2023-04-13 14:26:08,103.755,0.011,23578,"Orinoco, River",South America,Venezuela,River,-65.9853,3.139
2023-05-10 14:26:07,104.732,0.341,23578,"Orinoco, River",South America,Venezuela,River,-65.9853,3.139
2023-06-06 14:26:05,106.501,0.028,23578,"Orinoco, River",South America,Venezuela,River,-65.9853,3.139
2023-07-03 14:26:02,107.636,0.052,23578,"Orinoco, River",South America,Venezuela,River,-65.9853,3.139
2023-07-30 14:25:59,107.69,0.011,23578,"Orinoco, River",South America,Venezuela,River,-65.9853,3.139
2023-08-26 14:25:57,106.509,0.032,23578,"Orinoco, River",South America,Venezuela,River,-65.9853,3.139
2023-09-22 14:26:00,104.493,0.052,23578,"Orinoco, River",South America,Venezuela,River,-65.9853,3.139
2023-10-19 14:26:00,104.147,0.003,23578,"Orinoco, River",South America,Venezuela,River,-65.9853,3.139
2023-11-15 14:25:58,104.133,0.046,23578,"Orinoco, River",South America,Venezuela,River,-65.9853,3.139
2023-12-12 14:25:59,103.742,0.053,23578,"Orinoco, River",South America,Venezuela,River,-65.9853,3.139
2024-01-08 14:26:02,103.577,0.108,23578,"Orinoco, River",South America,Venezuela,River,-65.9853,3.139
2024-02-04 14:26:04,103.037,0.049,23578,"Orinoco, River",South America,Venezuela,River,-65.9853,3.139
2024-03-02 14:26:01,102.993,0.027,23578,"Orinoco, River",South America,Venezuela,River,-65.9853,3.139
2024-03-29 14:26:05,102.935,0.033,23578,"Orinoco, River",South America,Venezuela,River,-65.9853,3.139
2024-04-25 14:26:06,103.94,0.006,23578,"Orinoco, River",South America,Venezuela,River,-65.9853,3.139
2024-05-22 14:26:07,107.069,0.071,23578,"Orinoco, River",South America,Venezuela,River,-65.9853,3.139
2024-06-18 14:26:07,108.319,0.018,23578,"Orinoco, River",South America,Venezuela,River,-65.9853,3.139
2024-07-15 14:26:06,106.73,0.009,23578,"Orinoco, River",South America,Venezuela,River,-65.9853,3.139
2024-08-11 14:26:03,107.64,0.036,23578,"Orinoco, River",South America,Venezuela,River,-65.9853,3.139
2024-09-07 14:25:59,106.453,0.125,23578,"Orinoco, River",South America,Venezuela,River,-65.9853,3.139
2024-10-04 14:26:03,105.026,0.008,23578,"Orinoco, River",South America,Venezuela,River,-65.9853,3.139
2024-10-31 14:26:03,104.774,0.003,23578,"Orinoco, River",South America,Venezuela,River,-65.9853,3.139
2024-11-27 14:26:00,104.561,0.154,23578,"Orinoco, River",South America,Venezuela,River,-65.9853,3.139
2024-12-24 14:26:00,103.724,0.004,23578,"Orinoco, River",South America,Venezuela,River,-65.9853,3.139
2025-01-20 14:26:06,103.263,0.034,23578,"Orinoco, River",South America,Venezuela,River,-65.9853,3.139
2025-02-16 14:26:06,104.207,0.005,23578,"Orinoco, River",South America,Venezuela,River,-65.9853,3.139
2025-03-15 14:26:03,104.408,0.101,23578,"Orinoco, River",South America,Venezuela,River,-65.9853,3.139
2025-04-11 14:26:09,106.905,0.01,23578,"Orinoco, River",South America,Venezuela,River,-65.9853,3.139
2025-05-08 14:26:11,106.461,0.024,23578,"Orinoco, River",South America,Venezuela,River,-65.9853,3.139
2025-06-04 14:26:12,108.089,0.034,23578,"Orinoco, River",South America,Venezuela,River,-65.9853,3.139
2025-07-01 14:26:12,107.188,0.07,23578,"Orinoco, River",South America,Venezuela,River,-65.9853,3.139
2025-07-28 14:26:12,107.933,0.033,23578,"Orinoco, River",South America,Venezuela,River,-65.9853,3.139
2025-08-24 14:26:09,106.517,0.024,23578,"Orinoco, River",South America,Venezuela,River,-65.9853,3.139
2025-09-20 14:26:09,105.899,0.023,23578,"Orinoco, River",South America,Venezuela,River,-65.9853,3.139
2025-10-17 14:26:11,105.371,0.007,23578,"Orinoco, River",South America,Venezuela,River,-65.9853,3.139
2025-11-13 14:26:10,105.095,0.005,23578,"Orinoco, River",South America,Venezuela,River,-65.9853,3.139
2018-12-11 02:17:53,137.32,0.024,23581,"Orinoco, River",South America,Venezuela,River,-64.8977,2.4223
2019-01-07 02:17:56,137.015,0.008,23581,"Orinoco, River",South America,Venezuela,River,-64.8977,2.4223
2019-02-03 02:17:57,136.648,0.04,23581,"Orinoco, River",South America,Venezuela,River,-64.8977,2.4223
2019-04-25 02:18:03,136.653,0.142,23581,"Orinoco, River",South America,Venezuela,River,-64.8977,2.4223
2019-05-22 02:18:00,138.306,0.001,23581,"Orinoco, River",South America,Venezuela,River,-64.8977,2.4223
2019-06-18 02:17:55,138.134,0.01,23581,"Orinoco, River",South America,Venezuela,River,-64.8977,2.4223
2019-07-15 02:17:58,138.227,0.029,23581,"Orinoco, River",South America,Venezuela,River,-64.8977,2.4223
2019-08-11 02:17:59,139.835,0.009,23581,"Orinoco, River",South America,Venezuela,River,-64.8977,2.4223
2019-09-07 02:17:58,138.478,0.014,23581,"Orinoco, River",South America,Venezuela,River,-64.8977,2.4223
2019-10-04 02:17:56,137.753,0.033,23581,"Orinoco, River",South America,Venezuela,River,-64.8977,2.4223
2019-10-31 02:17:56,137.476,0.029,23581,"Orinoco, River",South America,Venezuela,River,-64.8977,2.4223
2019-11-27 02:17:59,137.609,0.045,23581,"Orinoco, River",South America,Venezuela,River,-64.8977,2.4223
2019-12-24 02:17:59,137.817,0.009,23581,"Orinoco, River",South America,Venezuela,River,-64.8977,2.4223
2020-01-20 02:17:57,137.445,0.044,23581,"Orinoco, River",South America,Venezuela,River,-64.8977,2.4223
2020-02-16 02:17:56,136.822,0.048,23581,"Orinoco, River",South America,Venezuela,River,-64.8977,2.4223
2020-03-14 02:17:59,137.069,0.088,23581,"Orinoco, River",South America,Venezuela,River,-64.8977,2.4223
2020-04-10 02:18:00,136.62,0.049,23581,"Orinoco, River",South America,Venezuela,River,-64.8977,2.4223
2020-05-07 02:18:04,137.164,0.104,23581,"Orinoco, River",South America,Venezuela,River,-64.8977,2.4223
2020-06-03 02:18:07,137.885,0.012,23581,"Orinoco, River",South America,Venezuela,River,-64.8977,2.4223
2020-06-30 02:18:10,138.74,0.001,23581,"Orinoco, River",South America,Venezuela,River,-64.8977,2.4223
2020-07-27 02:18:10,138.648,0.025,23581,"Orinoco, River",South America,Venezuela,River,-64.8977,2.4223
2020-08-23 02:18:10,138.672,0.001,23581,"Orinoco, River",South America,Venezuela,River,-64.8977,2.4223
2020-09-19 02:18:08,138.681,0.003,23581,"Orinoco, River",South America,Venezuela,River,-64.8977,2.4223
2020-10-16 02:18:07,137.551,0.028,23581,"Orinoco, River",South America,Venezuela,River,-64.8977,2.4223
2020-11-12 02:18:11,137.799,0.091,23581,"Orinoco, River",South America,Venezuela,River,-64.8977,2.4223
2020-12-09 02:18:11,137.781,0.038,23581,"Orinoco, River",South America,Venezuela,River,-64.8977,2.4223
2021-01-05 02:18:10,137.636,0.022,23581,"Orinoco, River",South America,Venezuela,River,-64.8977,2.4223
2021-02-01 02:18:06,137.387,0.09,23581,"Orinoco, River",South America,Venezuela,River,-64.8977,2.4223
2021-02-28 02:18:09,136.878,0.033,23581,"Orinoco, River",South America,Venezuela,River,-64.8977,2.4223
2021-03-27 02:18:10,137.517,0.074,23581,"Orinoco, River",South America,Venezuela,River,-64.8977,2.4223
2021-04-23 02:18:10,137.271,0.069,23581,"Orinoco, River",South America,Venezuela,River,-64.8977,2.4223
2021-05-20 02:18:12,139.134,0.006,23581,"Orinoco, River",South America,Venezuela,River,-64.8977,2.4223
2021-06-16 02:18:18,139.148,0.047,23581,"Orinoco, River",South America,Venezuela,River,-64.8977,2.4223
2021-07-13 02:18:19,139.359,0.007,23581,"Orinoco, River",South America,Venezuela,River,-64.8977,2.4223
2021-08-09 02:18:21,139.884,0.001,23581,"Orinoco, River",South America,Venezuela,River,-64.8977,2.4223
2021-09-05 02:18:21,139.365,0.019,23581,"Orinoco, River",South America,Venezuela,River,-64.8977,2.4223
2021-10-02 02:18:17,138.504,0.032,23581,"Orinoco, River",South America,Venezuela,River,-64.8977,2.4223
2021-10-29 02:18:15,138.497,0.039,23581,"Orinoco, River",South America,Venezuela,River,-64.8977,2.4223
2021-11-25 02:18:16,138.699,0.007,23581,"Orinoco, River",South America,Venezuela,River,-64.8977,2.4223
2021-12-22 02:18:18,137.696,0.086,23581,"Orinoco, River",South America,Venezuela,River,-64.8977,2.4223
2022-01-18 02:18:14,137.807,0.018,23581,"Orinoco, River",South America,Venezuela,River,-64.8977,2.4223
2022-02-14 02:18:15,137.202,0.002,23581,"Orinoco, River",South America,Venezuela,River,-64.8977,2.4223
2022-03-13 02:18:15,138.116,0.003,23581,"Orinoco, River",South America,Venezuela,River,-64.8977,2.4223
2022-04-09 02:18:16,138.403,0.01,23581,"Orinoco, River",South America,Venezuela,River,-64.8977,2.4223
2022-05-06 02:18:21,137.665,0.105,23581,"Orinoco, River",South America,Venezuela,River,-64.8977,2.4223
2022-06-02 02:18:26,139.346,0.034,23581,"Orinoco, River",South America,Venezuela,River,-64.8977,2.4223
2022-06-29 02:18:27,139.786,0.026,23581,"Orinoco, River",South America,Venezuela,River,-64.8977,2.4223
2022-07-26 02:18:30,139.356,0.095,23581,"Orinoco, River",South America,Venezuela,River,-64.8977,2.4223
2022-08-22 02:18:30,138.284,0.001,23581,"Orinoco, River",South America,Venezuela,River,-64.8977,2.4223
2022-09-18 02:18:27,138.694,0.03,23581,"Orinoco, River",South America,Venezuela,River,-64.8977,2.4223
2022-10-15 02:18:26,137.958,0.051,23581,"Orinoco, River",South America,Venezuela,River,-64.8977,2.4223
2022-11-11 02:18:30,138.607,0.083,23581,"Orinoco, River",South America,Venezuela,River,-64.8977,2.4223
2022-12-08 02:18:30,138.55,0.11,23581,"Orinoco, River",South America,Venezuela,River,-64.8977,2.4223
2023-01-04 02:18:28,138.302,0.065,23581,"Orinoco, River",South America,Venezuela,River,-64.8977,2.4223
2023-01-31 02:18:27,137.616,0.016,23581,"Orinoco, River",South America,Venezuela,River,-64.8977,2.4223
2023-02-27 02:18:29,137.33,0.032,23581,"Orinoco, River",South America,Venezuela,River,-64.8977,2.4223
2023-03-26 02:18:28,137.022,0.035,23581,"Orinoco, River",South America,Venezuela,River,-64.8977,2.4223
2023-04-22 02:18:29,137.259,0.082,23581,"Orinoco, River",South America,Venezuela,River,-64.8977,2.4223
2023-05-19 02:18:33,138.769,0.036,23581,"Orinoco, River",South America,Venezuela,River,-64.8977,2.4223
2023-06-15 02:18:36,137.432,0.045,23581,"Orinoco, River",South America,Venezuela,River,-64.8977,2.4223
2023-07-12 02:18:39,138.124,0.048,23581,"Orinoco, River",South America,Venezuela,River,-64.8977,2.4223
2023-08-08 02:18:39,137.99,0.051,23581,"Orinoco, River",South America,Venezuela,River,-64.8977,2.4223
2023-09-04 02:18:37,137.202,0.064,23581,"Orinoco, River",South America,Venezuela,River,-64.8977,2.4223
2023-10-01 02:18:36,137.393,0.055,23581,"Orinoco, River",South America,Venezuela,River,-64.8977,2.4223
2023-10-28 02:18:41,137.052,0.148,23581,"Orinoco, River",South America,Venezuela,River,-64.8977,2.4223
2023-11-24 02:18:41,136.848,0.099,23581,"Orinoco, River",South America,Venezuela,River,-64.8977,2.4223
2023-12-21 02:18:40,136.729,0.082,23581,"Orinoco, River",South America,Venezuela,River,-64.8977,2.4223
2024-01-17 02:18:33,136.931,0.043,23581,"Orinoco, River",South America,Venezuela,River,-64.8977,2.4223
2024-04-07 02:18:40,136.875,0.084,23581,"Orinoco, River",South America,Venezuela,River,-64.8977,2.4223
2024-05-04 02:18:45,137.311,0.083,23581,"Orinoco, River",South America,Venezuela,River,-64.8977,2.4223
2024-05-31 02:18:49,139.458,0.015,23581,"Orinoco, River",South America,Venezuela,River,-64.8977,2.4223
2024-06-27 02:18:51,137.992,0.021,23581,"Orinoco, River",South America,Venezuela,River,-64.8977,2.4223
2024-07-24 02:18:52,139.435,0.045,23581,"Orinoco, River",South America,Venezuela,River,-64.8977,2.4223
2024-08-20 02:18:51,138.989,0.004,23581,"Orinoco, River",South America,Venezuela,River,-64.8977,2.4223
2024-09-16 02:18:49,137.95,0.062,23581,"Orinoco, River",South America,Venezuela,River,-64.8977,2.4223
2024-10-13 02:18:48,137.687,0.025,23581,"Orinoco, River",South America,Venezuela,River,-64.8977,2.4223
2024-11-09 02:18:51,137.304,0.014,23581,"Orinoco, River",South America,Venezuela,River,-64.8977,2.4223
2024-12-06 02:18:51,137.584,0.022,23581,"Orinoco, River",South America,Venezuela,River,-64.8977,2.4223
2025-01-02 02:18:49,137.839,0.008,23581,"Orinoco, River",South America,Venezuela,River,-64.8977,2.4223
2025-01-29 02:18:46,137.398,0.008,23581,"Orinoco, River",South America,Venezuela,River,-64.8977,2.4223
2025-02-25 02:18:50,137.558,0.024,23581,"Orinoco, River",South America,Venezuela,River,-64.8977,2.4223
2025-03-24 02:18:51,137.976,0.0,23581,"Orinoco, River",South America,Venezuela,River,-64.8977,2.4223
2025-04-20 02:18:51,137.531,0.077,23581,"Orinoco, River",South America,Venezuela,River,-64.8977,2.4223
2025-05-17 02:18:56,138.474,0.056,23581,"Orinoco, River",South America,Venezuela,River,-64.8977,2.4223
2025-06-13 02:19:00,138.357,0.065,23581,"Orinoco, River",South America,Venezuela,River,-64.8977,2.4223
2025-07-10 02:19:04,139.599,0.057,23581,"Orinoco, River",South America,Venezuela,River,-64.8977,2.4223
2025-08-06 02:19:05,138.595,0.022,23581,"Orinoco, River",South America,Venezuela,River,-64.8977,2.4223
2025-09-02 02:19:06,138.554,0.038,23581,"Orinoco, River",South America,Venezuela,River,-64.8977,2.4223
2025-09-29 02:19:03,138.232,0.025,23581,"Orinoco, River",South America,Venezuela,River,-64.8977,2.4223
2025-10-26 02:19:04,138.034,0.013,23581,"Orinoco, River",South America,Venezuela,River,-64.8977,2.4223
2025-11-22 02:19:06,138.496,0.021,23581,"Orinoco, River",South America,Venezuela,River,-64.8977,2.4223
2002-08-06 02:23:06,38.914,0.0,1207,"Orinoco, River",South America,Venezuela,River,-66.8491,7.238
2002-10-15 02:23:09,35.953,0.068,1207,"Orinoco, River",South America,Venezuela,River,-66.8491,7.238
2002-12-24 02:23:05,33.979,0.033,1207,"Orinoco, River",South America,Venezuela,River,-66.8491,7.238
2003-01-28 02:23:07,32.346,0.018,1207,"Orinoco, River",South America,Venezuela,River,-66.8491,7.238
2003-03-04 02:23:05,32.871,0.166,1207,"Orinoco, River",South America,Venezuela,River,-66.8491,7.238
2003-05-13 02:23:05,32.732,0.002,1207,"Orinoco, River",South America,Venezuela,River,-66.8491,7.238
2003-06-17 02:23:10,32.545,0.053,1207,"Orinoco, River",South America,Venezuela,River,-66.8491,7.238
2003-07-22 02:23:15,38.31,0.006,1207,"Orinoco, River",South America,Venezuela,River,-66.8491,7.238
2003-08-26 02:23:19,38.775,0.002,1207,"Orinoco, River",South America,Venezuela,River,-66.8491,7.238
2003-11-04 02:23:11,36.174,0.018,1207,"Orinoco, River",South America,Venezuela,River,-66.8491,7.238
2004-01-13 02:23:14,33.967,0.046,1207,"Orinoco, River",South America,Venezuela,River,-66.8491,7.238
2004-02-17 02:23:12,33.553,0.056,1207,"Orinoco, River",South America,Venezuela,River,-66.8491,7.238
2004-03-23 02:23:16,33.172,0.032,1207,"Orinoco, River",South America,Venezuela,River,-66.8491,7.238
2004-04-27 02:23:13,32.676,0.057,1207,"Orinoco, River",South America,Venezuela,River,-66.8491,7.238
2004-06-01 02:23:18,33.363,0.069,1207,"Orinoco, River",South America,Venezuela,River,-66.8491,7.238
2004-07-06 02:23:17,38.187,0.014,1207,"Orinoco, River",South America,Venezuela,River,-66.8491,7.238
2004-08-10 02:23:17,38.562,0.006,1207,"Orinoco, River",South America,Venezuela,River,-66.8491,7.238
2004-09-14 02:23:15,37.943,0.0,1207,"Orinoco, River",South America,Venezuela,River,-66.8491,7.238
2004-10-19 02:23:18,36.689,0.0,1207,"Orinoco, River",South America,Venezuela,River,-66.8491,7.238
2004-11-23 02:23:16,34.773,0.003,1207,"Orinoco, River",South America,Venezuela,River,-66.8491,7.238
2004-12-28 02:23:11,34.037,0.018,1207,"Orinoco, River",South America,Venezuela,River,-66.8491,7.238
2005-03-08 02:23:12,33.38,0.129,1207,"Orinoco, River",South America,Venezuela,River,-66.8491,7.238
2005-04-12 02:23:17,32.897,0.826,1207,"Orinoco, River",South America,Venezuela,River,-66.8491,7.238
2005-05-17 02:23:19,33.412,0.026,1207,"Orinoco, River",South America,Venezuela,River,-66.8491,7.238
2005-06-21 02:23:20,34.268,0.075,1207,"Orinoco, River",South America,Venezuela,River,-66.8491,7.238
2005-07-26 02:23:19,36.21,0.001,1207,"Orinoco, River",South America,Venezuela,River,-66.8491,7.238
2005-08-30 02:23:15,37.737,0.002,1207,"Orinoco, River",South America,Venezuela,River,-66.8491,7.238
2005-10-04 02:23:15,36.152,0.011,1207,"Orinoco, River",South America,Venezuela,River,-66.8491,7.238
2005-11-08 02:23:17,34.226,0.063,1207,"Orinoco, River",South America,Venezuela,River,-66.8491,7.238
2005-12-13 02:23:10,34.603,0.033,1207,"Orinoco, River",South America,Venezuela,River,-66.8491,7.238
2006-01-17 02:23:03,33.786,0.066,1207,"Orinoco, River",South America,Venezuela,River,-66.8491,7.238
2006-02-21 02:23:06,33.537,0.085,1207,"Orinoco, River",South America,Venezuela,River,-66.8491,7.238
2006-03-28 02:23:02,33.037,0.02,1207,"Orinoco, River",South America,Venezuela,River,-66.8491,7.238
2006-05-02 02:23:10,32.737,0.061,1207,"Orinoco, River",South America,Venezuela,River,-66.8491,7.238
2006-06-06 02:23:11,35.255,0.015,1207,"Orinoco, River",South America,Venezuela,River,-66.8491,7.238
2006-07-11 02:23:16,37.915,0.007,1207,"Orinoco, River",South America,Venezuela,River,-66.8491,7.238
2006-08-15 02:23:15,38.867,0.009,1207,"Orinoco, River",South America,Venezuela,River,-66.8491,7.238
2006-09-19 02:23:10,37.27,0.003,1207,"Orinoco, River",South America,Venezuela,River,-66.8491,7.238
2006-10-24 02:23:15,35.719,0.059,1207,"Orinoco, River",South America,Venezuela,River,-66.8491,7.238
2006-11-28 02:23:14,34.289,0.003,1207,"Orinoco, River",South America,Venezuela,River,-66.8491,7.238
2007-01-02 02:23:11,33.978,0.024,1207,"Orinoco, River",South America,Venezuela,River,-66.8491,7.238
2007-02-06 02:23:08,33.358,0.007,1207,"Orinoco, River",South America,Venezuela,River,-66.8491,7.238
2007-03-13 02:23:09,32.934,0.673,1207,"Orinoco, River",South America,Venezuela,River,-66.8491,7.238
2007-04-17 02:23:08,32.894,0.724,1207,"Orinoco, River",South America,Venezuela,River,-66.8491,7.238
2007-05-22 02:23:11,32.903,0.447,1207,"Orinoco, River",South America,Venezuela,River,-66.8491,7.238
2007-06-26 02:23:12,35.206,0.096,1207,"Orinoco, River",South America,Venezuela,River,-66.8491,7.238
2007-07-31 02:23:12,38.61,0.014,1207,"Orinoco, River",South America,Venezuela,River,-66.8491,7.238
2007-09-04 02:23:10,38.13,0.003,1207,"Orinoco, River",South America,Venezuela,River,-66.8491,7.238
2007-10-09 02:23:07,37.09,0.015,1207,"Orinoco, River",South America,Venezuela,River,-66.8491,7.238
2007-11-13 02:23:06,35.647,0.007,1207,"Orinoco, River",South America,Venezuela,River,-66.8491,7.238
2007-12-18 02:23:04,33.964,0.05,1207,"Orinoco, River",South America,Venezuela,River,-66.8491,7.238
2008-01-22 02:23:05,33.811,0.071,1207,"Orinoco, River",South America,Venezuela,River,-66.8491,7.238
2008-02-26 02:23:05,33.264,0.016,1207,"Orinoco, River",South America,Venezuela,River,-66.8491,7.238
2008-04-01 02:23:06,33.085,0.259,1207,"Orinoco, River",South America,Venezuela,River,-66.8491,7.238
2008-05-06 02:23:05,32.629,0.076,1207,"Orinoco, River",South America,Venezuela,River,-66.8491,7.238
2008-06-10 02:23:06,33.295,0.013,1207,"Orinoco, River",South America,Venezuela,River,-66.8491,7.238
2008-07-15 02:23:07,37.908,0.014,1207,"Orinoco, River",South America,Venezuela,River,-66.8491,7.238
2008-08-19 02:23:05,38.486,0.009,1207,"Orinoco, River",South America,Venezuela,River,-66.8491,7.238
2008-09-23 02:23:03,36.971,0.006,1207,"Orinoco, River",South America,Venezuela,River,-66.8491,7.238
2008-10-28 02:23:03,35.462,0.038,1207,"Orinoco, River",South America,Venezuela,River,-66.8491,7.238
2008-12-02 02:23:03,34.641,0.018,1207,"Orinoco, River",South America,Venezuela,River,-66.8491,7.238
2009-01-06 02:23:03,34.038,0.015,1207,"Orinoco, River",South America,Venezuela,River,-66.8491,7.238
2009-02-10 02:23:03,33.482,0.01,1207,"Orinoco, River",South America,Venezuela,River,-66.8491,7.238
2009-03-17 02:23:03,33.266,0.907,1207,"Orinoco, River",South America,Venezuela,River,-66.8491,7.238
2009-04-21 02:23:02,32.71,0.113,1207,"Orinoco, River",South America,Venezuela,River,-66.8491,7.238
2009-05-26 02:23:05,32.73,0.087,1207,"Orinoco, River",South America,Venezuela,River,-66.8491,7.238
2009-08-04 02:23:05,37.837,0.013,1207,"Orinoco, River",South America,Venezuela,River,-66.8491,7.238
2009-09-08 02:23:02,37.434,0.012,1207,"Orinoco, River",South America,Venezuela,River,-66.8491,7.238
2009-10-13 02:22:59,34.827,0.017,1207,"Orinoco, River",South America,Venezuela,River,-66.8491,7.238
2009-11-17 02:22:58,33.951,0.039,1207,"Orinoco, River",South America,Venezuela,River,-66.8491,7.238
2009-12-22 02:22:58,33.521,0.043,1207,"Orinoco, River",South America,Venezuela,River,-66.8491,7.238
2010-01-26 02:22:58,33.212,0.076,1207,"Orinoco, River",South America,Venezuela,River,-66.8491,7.238
2010-03-02 02:22:57,32.818,0.075,1207,"Orinoco, River",South America,Venezuela,River,-66.8491,7.238
2010-04-06 02:22:57,32.609,0.176,1207,"Orinoco, River",South America,Venezuela,River,-66.8491,7.238
2010-05-11 02:22:56,32.856,0.149,1207,"Orinoco, River",South America,Venezuela,River,-66.8491,7.238
2010-06-15 02:22:55,35.495,0.115,1207,"Orinoco, River",South America,Venezuela,River,-66.8491,7.238
2010-07-20 02:22:56,38.369,0.0,1207,"Orinoco, River",South America,Venezuela,River,-66.8491,7.238
2010-08-24 02:22:57,38.866,0.003,1207,"Orinoco, River",South America,Venezuela,River,-66.8491,7.238
2010-09-28 02:22:53,37.046,0.05,1207,"Orinoco, River",South America,Venezuela,River,-66.8491,7.238
2013-03-28 10:28:10,32.575,0.013,1207,"Orinoco, River",South America,Venezuela,River,-66.8491,7.238
2013-05-02 10:27:49,32.229,0.011,1207,"Orinoco, River",South America,Venezuela,River,-66.8491,7.238
2013-06-06 10:27:27,34.575,0.004,1207,"Orinoco, River",South America,Venezuela,River,-66.8491,7.238
2013-07-11 10:27:06,37.126,0.029,1207,"Orinoco, River",South America,Venezuela,River,-66.8491,7.238
2013-08-15 10:27:03,37.85,0.004,1207,"Orinoco, River",South America,Venezuela,River,-66.8491,7.238
2013-09-19 10:27:15,37.475,0.003,1207,"Orinoco, River",South America,Venezuela,River,-66.8491,7.238
2013-10-24 10:27:17,35.531,0.011,1207,"Orinoco, River",South America,Venezuela,River,-66.8491,7.238
2013-11-28 10:27:16,33.932,0.039,1207,"Orinoco, River",South America,Venezuela,River,-66.8491,7.238
2014-01-02 10:27:14,33.415,0.005,1207,"Orinoco, River",South America,Venezuela,River,-66.8491,7.238
2014-02-06 10:27:13,33.168,0.006,1207,"Orinoco, River",South America,Venezuela,River,-66.8491,7.238
2014-03-13 10:27:10,32.899,0.001,1207,"Orinoco, River",South America,Venezuela,River,-66.8491,7.238
2014-04-17 10:27:07,32.362,0.009,1207,"Orinoco, River",South America,Venezuela,River,-66.8491,7.238
2014-05-22 10:27:05,32.213,0.016,1207,"Orinoco, River",South America,Venezuela,River,-66.8491,7.238
2014-06-26 10:27:04,32.921,0.083,1207,"Orinoco, River",South America,Venezuela,River,-66.8491,7.238
2014-07-31 10:26:59,38.654,0.008,1207,"Orinoco, River",South America,Venezuela,River,-66.8491,7.238
2014-09-04 10:26:56,38.428,0.01,1207,"Orinoco, River",South America,Venezuela,River,-66.8491,7.238
2014-11-13 10:26:50,35.495,0.007,1207,"Orinoco, River",South America,Venezuela,River,-66.8491,7.238
2014-12-18 10:26:47,34.135,0.109,1207,"Orinoco, River",South America,Venezuela,River,-66.8491,7.238
2015-01-22 10:26:43,33.26,0.012,1207,"Orinoco, River",South America,Venezuela,River,-66.8491,7.238
2015-02-26 10:26:42,32.914,0.009,1207,"Orinoco, River",South America,Venezuela,River,-66.8491,7.238
2015-04-02 10:26:39,32.535,0.007,1207,"Orinoco, River",South America,Venezuela,River,-66.8491,7.238
2015-08-20 10:26:21,38.455,0.002,1207,"Orinoco, River",South America,Venezuela,River,-66.8491,7.238
2015-09-24 10:26:18,37.217,0.003,1207,"Orinoco, River",South America,Venezuela,River,-66.8491,7.238
2015-10-29 10:26:13,33.826,0.003,1207,"Orinoco, River",South America,Venezuela,River,-66.8491,7.238
2015-12-03 10:26:06,32.728,0.009,1207,"Orinoco, River",South America,Venezuela,River,-66.8491,7.238
2016-01-07 10:25:52,32.068,0.006,1207,"Orinoco, River",South America,Venezuela,River,-66.8491,7.238
2016-02-11 10:25:55,32.599,0.02,1207,"Orinoco, River",South America,Venezuela,River,-66.8491,7.238
2016-04-21 10:25:49,32.306,0.041,1207,"Orinoco, River",South America,Venezuela,River,-66.8491,7.238
2016-05-26 10:25:26,34.887,0.005,1207,"Orinoco, River",South America,Venezuela,River,-66.8491,7.238
2002-06-20 02:00:32,2.379,0.072,9395,"Orinoco, River",South America,Venezuela,River,-61.3804,8.494
2002-07-25 02:00:32,3.808,0.045,9395,"Orinoco, River",South America,Venezuela,River,-61.3804,8.494
2002-08-29 02:00:27,4.018,0.012,9395,"Orinoco, River",South America,Venezuela,River,-61.3804,8.494
2002-10-03 02:00:31,3.248,0.023,9395,"Orinoco, River",South America,Venezuela,River,-61.3804,8.494
2002-11-07 02:00:29,2.671,0.018,9395,"Orinoco, River",South America,Venezuela,River,-61.3804,8.494
2002-12-12 02:00:28,1.322,0.029,9395,"Orinoco, River",South America,Venezuela,River,-61.3804,8.494
2003-02-20 02:00:26,1.544,0.276,9395,"Orinoco, River",South America,Venezuela,River,-61.3804,8.494
2003-05-01 02:00:31,0.54,0.011,9395,"Orinoco, River",South America,Venezuela,River,-61.3804,8.494
2003-06-05 02:00:28,2.116,0.116,9395,"Orinoco, River",South America,Venezuela,River,-61.3804,8.494
2003-07-10 02:00:33,3.048,0.067,9395,"Orinoco, River",South America,Venezuela,River,-61.3804,8.494
2003-08-14 02:00:37,3.906,0.04,9395,"Orinoco, River",South America,Venezuela,River,-61.3804,8.494
2003-09-18 02:00:40,4.074,0.036,9395,"Orinoco, River",South America,Venezuela,River,-61.3804,8.494
2003-10-23 02:00:35,3.201,0.02,9395,"Orinoco, River",South America,Venezuela,River,-61.3804,8.494
2003-11-27 02:00:36,3.14,0.076,9395,"Orinoco, River",South America,Venezuela,River,-61.3804,8.494
2004-02-05 02:00:34,1.322,0.051,9395,"Orinoco, River",South America,Venezuela,River,-61.3804,8.494
2004-03-11 02:00:36,1.793,0.001,9395,"Orinoco, River",South America,Venezuela,River,-61.3804,8.494
2004-04-15 02:00:34,0.484,0.091,9395,"Orinoco, River",South America,Venezuela,River,-61.3804,8.494
2004-05-20 02:00:37,1.141,0.008,9395,"Orinoco, River",South America,Venezuela,River,-61.3804,8.494
2004-06-24 02:00:38,2.934,0.057,9395,"Orinoco, River",South America,Venezuela,River,-61.3804,8.494
2004-09-02 02:00:38,4.146,0.003,9395,"Orinoco, River",South America,Venezuela,River,-61.3804,8.494
2004-10-07 02:00:37,3.789,0.058,9395,"Orinoco, River",South America,Venezuela,River,-61.3804,8.494
2004-11-11 02:00:36,2.394,0.188,9395,"Orinoco, River",South America,Venezuela,River,-61.3804,8.494
2004-12-16 02:00:33,2.101,0.006,9395,"Orinoco, River",South America,Venezuela,River,-61.3804,8.494
2005-01-20 02:00:34,0.822,0.107,9395,"Orinoco, River",South America,Venezuela,River,-61.3804,8.494
2005-02-24 02:00:34,1.607,0.055,9395,"Orinoco, River",South America,Venezuela,River,-61.3804,8.494
2005-03-31 02:00:34,2.376,0.406,9395,"Orinoco, River",South America,Venezuela,River,-61.3804,8.494
2005-05-05 02:00:42,2.091,0.077,9395,"Orinoco, River",South America,Venezuela,River,-61.3804,8.494
2005-06-09 02:00:39,2.628,0.175,9395,"Orinoco, River",South America,Venezuela,River,-61.3804,8.494
2005-07-14 02:00:42,3.201,0.03,9395,"Orinoco, River",South America,Venezuela,River,-61.3804,8.494
2005-08-18 02:00:37,3.587,0.013,9395,"Orinoco, River",South America,Venezuela,River,-61.3804,8.494
2005-09-22 02:00:37,3.464,0.012,9395,"Orinoco, River",South America,Venezuela,River,-61.3804,8.494
2005-10-27 02:00:39,1.741,0.213,9395,"Orinoco, River",South America,Venezuela,River,-61.3804,8.494
2005-12-01 02:00:33,2.481,0.044,9395,"Orinoco, River",South America,Venezuela,River,-61.3804,8.494
2006-01-05 02:00:25,1.681,0.151,9395,"Orinoco, River",South America,Venezuela,River,-61.3804,8.494
2006-02-09 02:00:27,1.228,0.106,9395,"Orinoco, River",South America,Venezuela,River,-61.3804,8.494
2006-03-16 02:00:26,1.572,0.09,9395,"Orinoco, River",South America,Venezuela,River,-61.3804,8.494
2006-04-20 02:00:29,2.403,0.113,9395,"Orinoco, River",South America,Venezuela,River,-61.3804,8.494
2006-05-25 02:00:32,2.196,0.009,9395,"Orinoco, River",South America,Venezuela,River,-61.3804,8.494
2006-08-03 02:00:38,4.12,0.023,9395,"Orinoco, River",South America,Venezuela,River,-61.3804,8.494
2006-09-07 02:00:32,4.079,0.003,9395,"Orinoco, River",South America,Venezuela,River,-61.3804,8.494
2006-11-16 02:00:34,2.08,0.014,9395,"Orinoco, River",South America,Venezuela,River,-61.3804,8.494
2006-12-21 02:00:33,2.232,0.011,9395,"Orinoco, River",South America,Venezuela,River,-61.3804,8.494
2007-01-25 02:00:27,1.335,0.054,9395,"Orinoco, River",South America,Venezuela,River,-61.3804,8.494
2007-04-05 02:00:27,1.521,0.097,9395,"Orinoco, River",South America,Venezuela,River,-61.3804,8.494
2007-05-10 02:00:32,0.641,0.091,9395,"Orinoco, River",South America,Venezuela,River,-61.3804,8.494
2007-06-14 02:00:33,2.579,0.117,9395,"Orinoco, River",South America,Venezuela,River,-61.3804,8.494
2007-08-23 02:00:33,4.246,0.027,9395,"Orinoco, River",South America,Venezuela,River,-61.3804,8.494
2007-11-01 02:00:28,3.172,0.059,9395,"Orinoco, River",South America,Venezuela,River,-61.3804,8.494
2007-12-06 02:00:24,1.716,0.045,9395,"Orinoco, River",South America,Venezuela,River,-61.3804,8.494
2008-02-14 02:00:25,2.104,0.113,9395,"Orinoco, River",South America,Venezuela,River,-61.3804,8.494
2008-03-20 02:00:28,1.413,0.035,9395,"Orinoco, River",South America,Venezuela,River,-61.3804,8.494
2008-05-29 02:00:27,1.352,0.007,9395,"Orinoco, River",South America,Venezuela,River,-61.3804,8.494
2008-07-03 02:00:28,2.917,0.05,9395,"Orinoco, River",South America,Venezuela,River,-61.3804,8.494
2008-08-07 02:00:28,3.994,0.005,9395,"Orinoco, River",South America,Venezuela,River,-61.3804,8.494
2008-09-11 02:00:23,3.74,0.032,9395,"Orinoco, River",South America,Venezuela,River,-61.3804,8.494
2008-10-16 02:00:25,3.454,0.016,9395,"Orinoco, River",South America,Venezuela,River,-61.3804,8.494
2008-11-20 02:00:23,2.278,0.109,9395,"Orinoco, River",South America,Venezuela,River,-61.3804,8.494
2008-12-25 02:00:25,2.427,0.023,9395,"Orinoco, River",South America,Venezuela,River,-61.3804,8.494
2009-03-05 02:00:25,0.827,0.02,9395,"Orinoco, River",South America,Venezuela,River,-61.3804,8.494
2009-04-09 02:00:22,1.654,0.271,9395,"Orinoco, River",South America,Venezuela,River,-61.3804,8.494
2009-05-14 02:00:25,1.888,0.04,9395,"Orinoco, River",South America,Venezuela,River,-61.3804,8.494
2009-06-18 02:00:27,1.419,0.052,9395,"Orinoco, River",South America,Venezuela,River,-61.3804,8.494
2009-08-27 02:00:25,3.596,0.007,9395,"Orinoco, River",South America,Venezuela,River,-61.3804,8.494
2009-11-05 02:00:20,2.485,0.0,9395,"Orinoco, River",South America,Venezuela,River,-61.3804,8.494
2009-12-10 02:00:17,1.483,0.184,9395,"Orinoco, River",South America,Venezuela,River,-61.3804,8.494
2010-01-14 02:00:20,1.105,0.026,9395,"Orinoco, River",South America,Venezuela,River,-61.3804,8.494
2010-02-18 02:00:17,1.461,0.223,9395,"Orinoco, River",South America,Venezuela,River,-61.3804,8.494
2010-03-25 02:00:19,0.363,0.143,9395,"Orinoco, River",South America,Venezuela,River,-61.3804,8.494
2010-04-29 02:00:16,1.943,0.016,9395,"Orinoco, River",South America,Venezuela,River,-61.3804,8.494
2010-07-08 02:00:16,3.49,0.026,9395,"Orinoco, River",South America,Venezuela,River,-61.3804,8.494
2010-08-12 02:00:18,4.204,0.038,9395,"Orinoco, River",South America,Venezuela,River,-61.3804,8.494
2013-04-20 10:05:17,0.881,0.006,9395,"Orinoco, River",South America,Venezuela,River,-61.3804,8.494
2013-05-25 10:04:56,2.203,0.021,9395,"Orinoco, River",South America,Venezuela,River,-61.3804,8.494
2013-06-29 10:04:37,2.706,0.007,9395,"Orinoco, River",South America,Venezuela,River,-61.3804,8.494
2013-08-03 10:04:18,3.197,0.047,9395,"Orinoco, River",South America,Venezuela,River,-61.3804,8.494
2013-09-07 10:04:32,3.418,0.01,9395,"Orinoco, River",South America,Venezuela,River,-61.3804,8.494
2013-10-12 10:04:37,2.92,0.048,9395,"Orinoco, River",South America,Venezuela,River,-61.3804,8.494
2013-11-16 10:04:39,2.288,0.014,9395,"Orinoco, River",South America,Venezuela,River,-61.3804,8.494
2013-12-21 10:04:35,0.999,0.0,9395,"Orinoco, River",South America,Venezuela,River,-61.3804,8.494
2014-01-25 10:04:33,0.888,0.003,9395,"Orinoco, River",South America,Venezuela,River,-61.3804,8.494
2014-03-01 10:04:31,1.706,0.193,9395,"Orinoco, River",South America,Venezuela,River,-61.3804,8.494
2014-04-05 10:04:31,2.502,0.034,9395,"Orinoco, River",South America,Venezuela,River,-61.3804,8.494
2014-05-10 10:04:29,1.29,0.011,9395,"Orinoco, River",South America,Venezuela,River,-61.3804,8.494
2014-06-14 10:04:27,2.642,0.01,9395,"Orinoco, River",South America,Venezuela,River,-61.3804,8.494
2014-07-19 10:04:22,2.856,0.042,9395,"Orinoco, River",South America,Venezuela,River,-61.3804,8.494
2014-08-23 10:04:19,3.418,0.001,9395,"Orinoco, River",South America,Venezuela,River,-61.3804,8.494
2014-09-27 10:04:16,3.087,0.038,9395,"Orinoco, River",South America,Venezuela,River,-61.3804,8.494
2014-11-01 10:04:12,2.583,0.022,9395,"Orinoco, River",South America,Venezuela,River,-61.3804,8.494
2014-12-06 10:04:10,2.648,0.001,9395,"Orinoco, River",South America,Venezuela,River,-61.3804,8.494
2015-01-10 10:04:07,2.774,0.014,9395,"Orinoco, River",South America,Venezuela,River,-61.3804,8.494
2015-02-14 10:04:04,0.534,0.019,9395,"Orinoco, River",South America,Venezuela,River,-61.3804,8.494
2015-03-21 10:04:02,2.818,0.01,9395,"Orinoco, River",South America,Venezuela,River,-61.3804,8.494
2015-04-25 10:04:02,2.647,0.035,9395,"Orinoco, River",South America,Venezuela,River,-61.3804,8.494
2015-08-08 10:03:45,3.073,0.004,9395,"Orinoco, River",South America,Venezuela,River,-61.3804,8.494
2015-09-12 10:03:40,3.405,0.049,9395,"Orinoco, River",South America,Venezuela,River,-61.3804,8.494
2015-10-17 10:03:34,2.448,0.035,9395,"Orinoco, River",South America,Venezuela,River,-61.3804,8.494
2015-11-21 10:03:32,1.883,0.01,9395,"Orinoco, River",South America,Venezuela,River,-61.3804,8.494
2015-12-26 10:03:20,0.888,0.083,9395,"Orinoco, River",South America,Venezuela,River,-61.3804,8.494
2016-01-30 10:03:16,0.165,0.004,9395,"Orinoco, River",South America,Venezuela,River,-61.3804,8.494
2016-03-05 10:03:11,0.877,0.009,9395,"Orinoco, River",South America,Venezuela,River,-61.3804,8.494
2016-05-14 10:02:57,1.599,0.009,9395,"Orinoco, River",South America,Venezuela,River,-61.3804,8.494
2018-12-20 14:20:14,142.705,0.033,19806,"Orinoco, River",South America,Venezuela,River,-64.7532,2.3673
2019-05-31 14:20:17,144.576,0.044,19806,"Orinoco, River",South America,Venezuela,River,-64.7532,2.3673
2019-06-27 14:20:15,143.875,0.007,19806,"Orinoco, River",South America,Venezuela,River,-64.7532,2.3673
2019-07-24 14:20:18,144.42,0.014,19806,"Orinoco, River",South America,Venezuela,River,-64.7532,2.3673
2019-08-20 14:20:17,144.153,0.017,19806,"Orinoco, River",South America,Venezuela,River,-64.7532,2.3673
2019-09-16 14:20:17,143.329,0.044,19806,"Orinoco, River",South America,Venezuela,River,-64.7532,2.3673
2019-10-13 14:20:13,143.522,0.005,19806,"Orinoco, River",South America,Venezuela,River,-64.7532,2.3673
2019-11-09 14:20:17,143.116,0.024,19806,"Orinoco, River",South America,Venezuela,River,-64.7532,2.3673
2019-12-06 14:20:18,143.097,0.037,19806,"Orinoco, River",South America,Venezuela,River,-64.7532,2.3673
2020-01-02 14:20:18,142.904,0.01,19806,"Orinoco, River",South America,Venezuela,River,-64.7532,2.3673
2020-01-29 14:20:15,142.62,0.015,19806,"Orinoco, River",South America,Venezuela,River,-64.7532,2.3673
2020-05-16 14:20:24,143.372,0.024,19806,"Orinoco, River",South America,Venezuela,River,-64.7532,2.3673
2020-06-12 14:20:27,143.653,0.025,19806,"Orinoco, River",South America,Venezuela,River,-64.7532,2.3673
2020-07-09 14:20:29,144.36,0.148,19806,"Orinoco, River",South America,Venezuela,River,-64.7532,2.3673
2020-08-05 14:20:29,143.702,0.023,19806,"Orinoco, River",South America,Venezuela,River,-64.7532,2.3673
2020-09-01 14:20:29,144.884,0.132,19806,"Orinoco, River",South America,Venezuela,River,-64.7532,2.3673
2020-09-28 14:20:26,143.774,0.024,19806,"Orinoco, River",South America,Venezuela,River,-64.7532,2.3673
2020-10-25 14:20:28,143.1,0.037,19806,"Orinoco, River",South America,Venezuela,River,-64.7532,2.3673
2020-11-21 14:20:31,143.211,0.004,19806,"Orinoco, River",South America,Venezuela,River,-64.7532,2.3673
2020-12-18 14:20:29,143.174,0.07,19806,"Orinoco, River",South America,Venezuela,River,-64.7532,2.3673
2021-01-14 14:20:29,143.439,0.027,19806,"Orinoco, River",South America,Venezuela,River,-64.7532,2.3673
2021-02-10 14:20:26,143.011,0.078,19806,"Orinoco, River",South America,Venezuela,River,-64.7532,2.3673
2021-03-09 14:20:29,142.803,0.011,19806,"Orinoco, River",South America,Venezuela,River,-64.7532,2.3673
2021-04-05 14:20:28,142.771,0.044,19806,"Orinoco, River",South America,Venezuela,River,-64.7532,2.3673
2021-05-02 14:20:30,144.125,0.008,19806,"Orinoco, River",South America,Venezuela,River,-64.7532,2.3673
2021-06-25 14:20:38,144.216,0.042,19806,"Orinoco, River",South America,Venezuela,River,-64.7532,2.3673
2021-07-22 14:20:38,143.921,0.266,19806,"Orinoco, River",South America,Venezuela,River,-64.7532,2.3673
2021-08-18 14:20:40,144.251,0.037,19806,"Orinoco, River",South America,Venezuela,River,-64.7532,2.3673
2021-09-14 14:20:39,144.039,0.029,19806,"Orinoco, River",South America,Venezuela,River,-64.7532,2.3673
2021-10-11 14:20:34,143.859,0.017,19806,"Orinoco, River",South America,Venezuela,River,-64.7532,2.3673
2021-11-07 14:20:35,143.935,0.042,19806,"Orinoco, River",South America,Venezuela,River,-64.7532,2.3673
2021-12-04 14:20:35,143.597,0.124,19806,"Orinoco, River",South America,Venezuela,River,-64.7532,2.3673
2021-12-31 14:20:36,143.562,0.055,19806,"Orinoco, River",South America,Venezuela,River,-64.7532,2.3673
2022-01-27 14:20:32,143.234,0.042,19806,"Orinoco, River",South America,Venezuela,River,-64.7532,2.3673
2022-02-23 14:20:35,142.995,0.034,19806,"Orinoco, River",South America,Venezuela,River,-64.7532,2.3673
2022-03-22 14:20:34,144.457,0.051,19806,"Orinoco, River",South America,Venezuela,River,-64.7532,2.3673
2022-04-18 14:20:37,143.486,0.033,19806,"Orinoco, River",South America,Venezuela,River,-64.7532,2.3673
2022-05-15 14:20:42,143.586,0.043,19806,"Orinoco, River",South America,Venezuela,River,-64.7532,2.3673
2022-06-11 14:20:46,144.038,0.03,19806,"Orinoco, River",South America,Venezuela,River,-64.7532,2.3673
2022-07-08 14:20:48,144.547,0.006,19806,"Orinoco, River",South America,Venezuela,River,-64.7532,2.3673
2022-08-04 14:20:48,145.449,0.003,19806,"Orinoco, River",South America,Venezuela,River,-64.7532,2.3673
2022-08-31 14:20:49,144.714,0.013,19806,"Orinoco, River",South America,Venezuela,River,-64.7532,2.3673
2022-09-27 14:20:45,144.307,0.004,19806,"Orinoco, River",South America,Venezuela,River,-64.7532,2.3673
2022-10-24 14:20:47,143.84,0.024,19806,"Orinoco, River",South America,Venezuela,River,-64.7532,2.3673
2022-11-20 14:20:48,144.206,0.092,19806,"Orinoco, River",South America,Venezuela,River,-64.7532,2.3673
2022-12-17 14:20:48,143.766,0.018,19806,"Orinoco, River",South America,Venezuela,River,-64.7532,2.3673
2023-01-13 14:20:45,144.023,0.018,19806,"Orinoco, River",South America,Venezuela,River,-64.7532,2.3673
2023-02-09 14:20:48,143.135,0.006,19806,"Orinoco, River",South America,Venezuela,River,-64.7532,2.3673
2023-03-08 14:20:47,143.216,0.055,19806,"Orinoco, River",South America,Venezuela,River,-64.7532,2.3673
2023-04-04 14:20:45,142.974,0.043,19806,"Orinoco, River",South America,Venezuela,River,-64.7532,2.3673
2023-05-01 14:20:50,143.653,0.01,19806,"Orinoco, River",South America,Venezuela,River,-64.7532,2.3673
2023-05-28 14:20:54,144.278,0.009,19806,"Orinoco, River",South America,Venezuela,River,-64.7532,2.3673
2023-06-24 14:20:55,145.156,0.018,19806,"Orinoco, River",South America,Venezuela,River,-64.7532,2.3673
2023-07-21 14:20:58,144.296,0.02,19806,"Orinoco, River",South America,Venezuela,River,-64.7532,2.3673
2023-08-17 14:20:59,143.329,0.012,19806,"Orinoco, River",South America,Venezuela,River,-64.7532,2.3673
2023-09-13 14:20:55,143.643,0.004,19806,"Orinoco, River",South America,Venezuela,River,-64.7532,2.3673
2023-10-10 14:20:57,142.938,0.031,19806,"Orinoco, River",South America,Venezuela,River,-64.7532,2.3673
2023-11-06 14:21:00,142.756,0.038,19806,"Orinoco, River",South America,Venezuela,River,-64.7532,2.3673
2023-12-03 14:20:59,142.63,0.047,19806,"Orinoco, River",South America,Venezuela,River,-64.7532,2.3673
2023-12-30 14:20:56,142.634,0.006,19806,"Orinoco, River",South America,Venezuela,River,-64.7532,2.3673
2024-04-16 14:21:00,142.868,0.025,19806,"Orinoco, River",South America,Venezuela,River,-64.7532,2.3673
2024-05-13 14:21:05,144.515,0.01,19806,"Orinoco, River",South America,Venezuela,River,-64.7532,2.3673
2024-06-09 14:21:10,144.328,0.121,19806,"Orinoco, River",South America,Venezuela,River,-64.7532,2.3673
2024-07-06 14:21:10,144.099,0.087,19806,"Orinoco, River",South America,Venezuela,River,-64.7532,2.3673
2024-08-02 14:21:12,144.887,0.007,19806,"Orinoco, River",South America,Venezuela,River,-64.7532,2.3673
2024-08-29 14:21:12,143.957,0.008,19806,"Orinoco, River",South America,Venezuela,River,-64.7532,2.3673
2024-09-25 14:21:08,143.248,0.07,19806,"Orinoco, River",South America,Venezuela,River,-64.7532,2.3673
2024-10-22 14:21:08,143.295,0.012,19806,"Orinoco, River",South America,Venezuela,River,-64.7532,2.3673
2024-11-18 14:21:11,143.2,0.014,19806,"Orinoco, River",South America,Venezuela,River,-64.7532,2.3673
2024-12-15 14:21:10,143.185,0.023,19806,"Orinoco, River",South America,Venezuela,River,-64.7532,2.3673
2025-01-11 14:21:07,142.985,0.064,19806,"Orinoco, River",South America,Venezuela,River,-64.7532,2.3673
2025-02-07 14:21:07,143.035,0.075,19806,"Orinoco, River",South America,Venezuela,River,-64.7532,2.3673
2025-03-06 14:21:11,142.853,0.04,19806,"Orinoco, River",South America,Venezuela,River,-64.7532,2.3673
2025-04-02 14:21:09,143.087,0.022,19806,"Orinoco, River",South America,Venezuela,River,-64.7532,2.3673
2025-04-29 14:21:10,143.379,0.038,19806,"Orinoco, River",South America,Venezuela,River,-64.7532,2.3673
2025-05-26 14:21:17,143.829,0.013,19806,"Orinoco, River",South America,Venezuela,River,-64.7532,2.3673
2025-06-22 14:21:21,144.87,0.044,19806,"Orinoco, River",South America,Venezuela,River,-64.7532,2.3673
2025-08-15 14:21:23,144.284,0.104,19806,"Orinoco, River",South America,Venezuela,River,-64.7532,2.3673
2025-09-11 14:21:22,144.071,0.04,19806,"Orinoco, River",South America,Venezuela,River,-64.7532,2.3673
2025-10-08 14:21:20,144.052,0.061,19806,"Orinoco, River",South America,Venezuela,River,-64.7532,2.3673
2025-11-04 14:21:24,143.665,0.044,19806,"Orinoco, River",South America,Venezuela,River,-64.7532,2.3673
2025-12-01 14:21:27,143.88,0.002,19806,"Orinoco, River",South America,Venezuela,River,-64.7532,2.3673
2016-06-01 14:20:38,13.814,0.028,13276,"Orinoco, River",South America,Venezuela,River,-63.9782,7.9399
2016-06-28 14:20:40,16.321,0.004,13276,"Orinoco, River",South America,Venezuela,River,-63.9782,7.9399
2016-07-25 14:20:39,18.817,0.019,13276,"Orinoco, River",South America,Venezuela,River,-63.9782,7.9399
2016-08-21 14:20:37,20.035,0.013,13276,"Orinoco, River",South America,Venezuela,River,-63.9782,7.9399
2016-09-17 14:20:41,18.987,0.051,13276,"Orinoco, River",South America,Venezuela,River,-63.9782,7.9399
2016-10-14 14:20:42,16.588,0.007,13276,"Orinoco, River",South America,Venezuela,River,-63.9782,7.9399
2016-11-10 14:20:39,14.039,0.041,13276,"Orinoco, River",South America,Venezuela,River,-63.9782,7.9399
2016-12-07 14:20:36,12.709,0.014,13276,"Orinoco, River",South America,Venezuela,River,-63.9782,7.9399
2017-01-03 14:20:38,10.996,0.058,13276,"Orinoco, River",South America,Venezuela,River,-63.9782,7.9399
2017-01-30 14:20:40,8.934,0.022,13276,"Orinoco, River",South America,Venezuela,River,-63.9782,7.9399
2017-03-25 14:20:40,7.913,0.0,13276,"Orinoco, River",South America,Venezuela,River,-63.9782,7.9399
2017-04-21 14:20:43,8.374,0.094,13276,"Orinoco, River",South America,Venezuela,River,-63.9782,7.9399
2017-05-18 14:20:48,12.551,0.08,13276,"Orinoco, River",South America,Venezuela,River,-63.9782,7.9399
2017-06-14 14:20:49,14.439,0.008,13276,"Orinoco, River",South America,Venezuela,River,-63.9782,7.9399
2017-07-11 14:20:46,17.19,0.027,13276,"Orinoco, River",South America,Venezuela,River,-63.9782,7.9399
2017-08-07 14:20:44,20.261,0.004,13276,"Orinoco, River",South America,Venezuela,River,-63.9782,7.9399
2017-09-03 14:20:40,19.024,0.028,13276,"Orinoco, River",South America,Venezuela,River,-63.9782,7.9399
2017-09-30 14:20:43,16.296,0.033,13276,"Orinoco, River",South America,Venezuela,River,-63.9782,7.9399
2017-10-27 14:20:46,14.96,0.056,13276,"Orinoco, River",South America,Venezuela,River,-63.9782,7.9399
2017-11-23 14:20:43,13.171,0.048,13276,"Orinoco, River",South America,Venezuela,River,-63.9782,7.9399
2017-12-20 14:20:43,9.868,0.036,13276,"Orinoco, River",South America,Venezuela,River,-63.9782,7.9399
2018-01-16 14:20:47,8.425,0.002,13276,"Orinoco, River",South America,Venezuela,River,-63.9782,7.9399
2018-02-12 14:20:47,7.147,0.023,13276,"Orinoco, River",South America,Venezuela,River,-63.9782,7.9399
2018-05-04 14:20:50,9.834,0.003,13276,"Orinoco, River",South America,Venezuela,River,-63.9782,7.9399
2018-05-31 14:20:50,14.051,0.022,13276,"Orinoco, River",South America,Venezuela,River,-63.9782,7.9399
2018-06-27 14:20:50,16.913,0.01,13276,"Orinoco, River",South America,Venezuela,River,-63.9782,7.9399
2018-07-24 14:20:48,20.017,0.014,13276,"Orinoco, River",South America,Venezuela,River,-63.9782,7.9399
2018-08-20 14:20:45,21.466,0.028,13276,"Orinoco, River",South America,Venezuela,River,-63.9782,7.9399
2018-10-13 14:20:50,18.329,0.017,13276,"Orinoco, River",South America,Venezuela,River,-63.9782,7.9399
2018-11-09 14:20:50,14.474,0.024,13276,"Orinoco, River",South America,Venezuela,River,-63.9782,7.9399
2018-12-06 14:20:46,12.117,0.072,13276,"Orinoco, River",South America,Venezuela,River,-63.9782,7.9399
2019-01-02 14:20:46,8.345,0.002,13276,"Orinoco, River",South America,Venezuela,River,-63.9782,7.9399
2019-01-29 14:20:49,6.755,0.008,13276,"Orinoco, River",South America,Venezuela,River,-63.9782,7.9399
2019-02-25 14:20:49,6.237,0.081,13276,"Orinoco, River",South America,Venezuela,River,-63.9782,7.9399
2019-04-20 14:20:54,6.221,0.037,13276,"Orinoco, River",South America,Venezuela,River,-63.9782,7.9399
2019-05-17 14:20:55,10.005,0.015,13276,"Orinoco, River",South America,Venezuela,River,-63.9782,7.9399
2019-06-13 14:20:53,13.385,0.056,13276,"Orinoco, River",South America,Venezuela,River,-63.9782,7.9399
2019-07-10 14:20:54,16.347,0.04,13276,"Orinoco, River",South America,Venezuela,River,-63.9782,7.9399
2019-08-06 14:20:52,18.545,0.099,13276,"Orinoco, River",South America,Venezuela,River,-63.9782,7.9399
2019-09-02 14:20:49,19.261,0.027,13276,"Orinoco, River",South America,Venezuela,River,-63.9782,7.9399
2019-09-29 14:20:52,17.794,0.057,13276,"Orinoco, River",South America,Venezuela,River,-63.9782,7.9399
2019-10-26 14:20:53,14.744,0.029,13276,"Orinoco, River",South America,Venezuela,River,-63.9782,7.9399
2019-11-22 14:20:49,12.997,0.086,13276,"Orinoco, River",South America,Venezuela,River,-63.9782,7.9399
2019-12-19 14:20:48,10.74,0.026,13276,"Orinoco, River",South America,Venezuela,River,-63.9782,7.9399
2020-01-15 14:20:51,9.028,0.021,13276,"Orinoco, River",South America,Venezuela,River,-63.9782,7.9399
2020-02-11 14:20:51,7.017,0.019,13276,"Orinoco, River",South America,Venezuela,River,-63.9782,7.9399
2020-04-05 14:20:55,5.579,0.022,13276,"Orinoco, River",South America,Venezuela,River,-63.9782,7.9399
2020-05-02 14:20:58,6.732,0.059,13276,"Orinoco, River",South America,Venezuela,River,-63.9782,7.9399
2020-05-29 14:20:58,10.749,0.007,13276,"Orinoco, River",South America,Venezuela,River,-63.9782,7.9399
2020-06-25 14:20:57,13.637,0.032,13276,"Orinoco, River",South America,Venezuela,River,-63.9782,7.9399
2020-07-22 14:20:57,16.105,0.035,13276,"Orinoco, River",South America,Venezuela,River,-63.9782,7.9399
2020-08-18 14:20:55,17.499,0.063,13276,"Orinoco, River",South America,Venezuela,River,-63.9782,7.9399
2020-09-14 14:20:54,16.267,0.005,13276,"Orinoco, River",South America,Venezuela,River,-63.9782,7.9399
2020-10-11 14:20:56,13.974,0.026,13276,"Orinoco, River",South America,Venezuela,River,-63.9782,7.9399
2020-11-07 14:20:55,12.992,0.024,13276,"Orinoco, River",South America,Venezuela,River,-63.9782,7.9399
2020-12-04 14:20:50,13.418,0.044,13276,"Orinoco, River",South America,Venezuela,River,-63.9782,7.9399
2020-12-31 14:20:53,11.349,0.006,13276,"Orinoco, River",South America,Venezuela,River,-63.9782,7.9399
2021-01-27 14:20:58,9.457,0.02,13276,"Orinoco, River",South America,Venezuela,River,-63.9782,7.9399
2021-02-23 14:20:57,7.452,0.055,13276,"Orinoco, River",South America,Venezuela,River,-63.9782,7.9399
2021-03-22 14:20:55,7.64,0.022,13276,"Orinoco, River",South America,Venezuela,River,-63.9782,7.9399
2021-04-18 14:21:01,10.137,0.065,13276,"Orinoco, River",South America,Venezuela,River,-63.9782,7.9399
2021-05-15 14:21:03,13.494,0.017,13276,"Orinoco, River",South America,Venezuela,River,-63.9782,7.9399
2021-06-11 14:21:03,16.673,0.048,13276,"Orinoco, River",South America,Venezuela,River,-63.9782,7.9399
2021-07-08 14:21:04,17.817,0.055,13276,"Orinoco, River",South America,Venezuela,River,-63.9782,7.9399
2021-08-04 14:21:00,19.24,0.011,13276,"Orinoco, River",South America,Venezuela,River,-63.9782,7.9399
2021-08-31 14:20:58,19.872,0.012,13276,"Orinoco, River",South America,Venezuela,River,-63.9782,7.9399
2021-09-27 14:21:00,18.419,0.009,13276,"Orinoco, River",South America,Venezuela,River,-63.9782,7.9399
2021-10-24 14:21:01,16.398,0.012,13276,"Orinoco, River",South America,Venezuela,River,-63.9782,7.9399
2021-11-20 14:21:00,13.473,0.045,13276,"Orinoco, River",South America,Venezuela,River,-63.9782,7.9399
2021-12-17 14:20:58,11.037,0.044,13276,"Orinoco, River",South America,Venezuela,River,-63.9782,7.9399
2022-01-13 14:21:02,8.417,0.0,13276,"Orinoco, River",South America,Venezuela,River,-63.9782,7.9399
2022-03-08 14:21:01,6.935,0.014,13276,"Orinoco, River",South America,Venezuela,River,-63.9782,7.9399
2022-04-04 14:21:03,9.002,0.027,13276,"Orinoco, River",South America,Venezuela,River,-63.9782,7.9399
2022-05-01 14:21:06,10.066,0.05,13276,"Orinoco, River",South America,Venezuela,River,-63.9782,7.9399
2022-05-28 14:21:04,14.018,0.142,13276,"Orinoco, River",South America,Venezuela,River,-63.9782,7.9399
2022-06-24 14:21:03,16.947,0.057,13276,"Orinoco, River",South America,Venezuela,River,-63.9782,7.9399
2022-07-21 14:20:59,18.759,0.022,13276,"Orinoco, River",South America,Venezuela,River,-63.9782,7.9399
2022-08-17 14:20:57,19.841,0.034,13276,"Orinoco, River",South America,Venezuela,River,-63.9782,7.9399
2022-09-13 14:20:59,19.73,0.1,13276,"Orinoco, River",South America,Venezuela,River,-63.9782,7.9399
2022-10-10 14:20:58,17.429,0.058,13276,"Orinoco, River",South America,Venezuela,River,-63.9782,7.9399
2022-11-06 14:20:57,15.321,0.001,13276,"Orinoco, River",South America,Venezuela,River,-63.9782,7.9399
2022-12-03 14:20:54,14.741,0.021,13276,"Orinoco, River",South America,Venezuela,River,-63.9782,7.9399
2022-12-30 14:20:55,10.184,0.064,13276,"Orinoco, River",South America,Venezuela,River,-63.9782,7.9399
2023-01-26 14:20:58,9.272,0.092,13276,"Orinoco, River",South America,Venezuela,River,-63.9782,7.9399
2023-02-22 14:20:56,7.626,0.021,13276,"Orinoco, River",South America,Venezuela,River,-63.9782,7.9399
2023-03-21 14:21:00,7.443,0.019,13276,"Orinoco, River",South America,Venezuela,River,-63.9782,7.9399
2023-05-14 14:21:01,9.762,0.09,13276,"Orinoco, River",South America,Venezuela,River,-63.9782,7.9399
2023-06-10 14:20:58,13.923,0.014,13276,"Orinoco, River",South America,Venezuela,River,-63.9782,7.9399
2023-07-07 14:20:56,16.689,0.028,13276,"Orinoco, River",South America,Venezuela,River,-63.9782,7.9399
2023-08-03 14:20:53,18.214,0.037,13276,"Orinoco, River",South America,Venezuela,River,-63.9782,7.9399
2023-08-30 14:20:51,18.29,0.011,13276,"Orinoco, River",South America,Venezuela,River,-63.9782,7.9399
2023-09-26 14:20:53,14.669,0.011,13276,"Orinoco, River",South America,Venezuela,River,-63.9782,7.9399
2023-10-23 14:20:55,10.975,0.005,13276,"Orinoco, River",South America,Venezuela,River,-63.9782,7.9399
2023-11-19 14:20:53,11.431,0.026,13276,"Orinoco, River",South America,Venezuela,River,-63.9782,7.9399
2023-12-16 14:20:55,9.325,0.043,13276,"Orinoco, River",South America,Venezuela,River,-63.9782,7.9399
2024-01-12 14:20:57,8.708,0.006,13276,"Orinoco, River",South America,Venezuela,River,-63.9782,7.9399
2024-02-08 14:20:58,6.588,0.081,13276,"Orinoco, River",South America,Venezuela,River,-63.9782,7.9399
2024-03-06 14:20:55,6.48,0.09,13276,"Orinoco, River",South America,Venezuela,River,-63.9782,7.9399
2024-04-02 14:20:59,6.163,0.104,13276,"Orinoco, River",South America,Venezuela,River,-63.9782,7.9399
2024-04-29 14:21:01,7.273,0.059,13276,"Orinoco, River",South America,Venezuela,River,-63.9782,7.9399
2024-05-26 14:21:00,12.08,0.01,13276,"Orinoco, River",South America,Venezuela,River,-63.9782,7.9399
2024-06-22 14:21:01,16.372,0.012,13276,"Orinoco, River",South America,Venezuela,River,-63.9782,7.9399
2024-07-19 14:21:00,18.269,0.03,13276,"Orinoco, River",South America,Venezuela,River,-63.9782,7.9399
2024-08-15 14:20:56,19.633,0.184,13276,"Orinoco, River",South America,Venezuela,River,-63.9782,7.9399
2024-09-11 14:20:54,17.604,0.012,13276,"Orinoco, River",South America,Venezuela,River,-63.9782,7.9399
2024-10-08 14:20:58,13.723,0.058,13276,"Orinoco, River",South America,Venezuela,River,-63.9782,7.9399
2024-11-04 14:20:58,11.029,0.009,13276,"Orinoco, River",South America,Venezuela,River,-63.9782,7.9399
2024-12-01 14:20:55,11.302,0.023,13276,"Orinoco, River",South America,Venezuela,River,-63.9782,7.9399
2024-12-28 14:20:55,9.201,0.124,13276,"Orinoco, River",South America,Venezuela,River,-63.9782,7.9399
2025-01-24 14:21:00,8.462,0.061,13276,"Orinoco, River",South America,Venezuela,River,-63.9782,7.9399
2025-02-20 14:21:00,6.995,0.128,13276,"Orinoco, River",South America,Venezuela,River,-63.9782,7.9399
2025-03-19 14:20:58,7.148,0.08,13276,"Orinoco, River",South America,Venezuela,River,-63.9782,7.9399
2025-04-15 14:21:04,9.584,0.1,13276,"Orinoco, River",South America,Venezuela,River,-63.9782,7.9399
2025-05-12 14:21:05,11.587,0.005,13276,"Orinoco, River",South America,Venezuela,River,-63.9782,7.9399
2025-06-08 14:21:05,15.476,0.007,13276,"Orinoco, River",South America,Venezuela,River,-63.9782,7.9399
2025-07-05 14:21:06,18.528,0.02,13276,"Orinoco, River",South America,Venezuela,River,-63.9782,7.9399
2025-08-28 14:21:03,21.239,0.018,13276,"Orinoco, River",South America,Venezuela,River,-63.9782,7.9399
2025-09-24 14:21:05,19.762,0.127,13276,"Orinoco, River",South America,Venezuela,River,-63.9782,7.9399
2025-10-21 14:21:06,16.823,0.05,13276,"Orinoco, River",South America,Venezuela,River,-63.9782,7.9399
2025-11-17 14:21:04,13.896,0.011,13276,"Orinoco, River",South America,Venezuela,River,-63.9782,7.9399
2016-06-01 14:22:09,124.138,0.037,23580,"Orinoco, River",South America,Venezuela,River,-65.1819,2.5434
2016-06-28 14:22:11,124.752,0.004,23580,"Orinoco, River",South America,Venezuela,River,-65.1819,2.5434
2016-07-25 14:22:10,124.596,0.07,23580,"Orinoco, River",South America,Venezuela,River,-65.1819,2.5434
2016-08-21 14:22:09,123.56,0.018,23580,"Orinoco, River",South America,Venezuela,River,-65.1819,2.5434
2016-09-17 14:22:12,124.733,0.021,23580,"Orinoco, River",South America,Venezuela,River,-65.1819,2.5434
2016-10-14 14:22:13,123.285,0.014,23580,"Orinoco, River",South America,Venezuela,River,-65.1819,2.5434
2016-11-10 14:22:10,123.003,0.005,23580,"Orinoco, River",South America,Venezuela,River,-65.1819,2.5434
2016-12-07 14:22:08,122.56,0.009,23580,"Orinoco, River",South America,Venezuela,River,-65.1819,2.5434
2017-01-03 14:22:10,123.241,0.045,23580,"Orinoco, River",South America,Venezuela,River,-65.1819,2.5434
2017-01-30 14:22:11,123.269,0.005,23580,"Orinoco, River",South America,Venezuela,River,-65.1819,2.5434
2017-02-26 14:22:10,123.611,0.023,23580,"Orinoco, River",South America,Venezuela,River,-65.1819,2.5434
2017-03-25 14:22:11,124.549,0.003,23580,"Orinoco, River",South America,Venezuela,River,-65.1819,2.5434
2017-04-21 14:22:15,123.964,0.009,23580,"Orinoco, River",South America,Venezuela,River,-65.1819,2.5434
2017-05-18 14:22:19,125.313,0.031,23580,"Orinoco, River",South America,Venezuela,River,-65.1819,2.5434
2017-06-14 14:22:20,126.23,0.021,23580,"Orinoco, River",South America,Venezuela,River,-65.1819,2.5434
2017-07-11 14:22:17,125.658,0.021,23580,"Orinoco, River",South America,Venezuela,River,-65.1819,2.5434
2017-08-07 14:22:16,125.822,0.014,23580,"Orinoco, River",South America,Venezuela,River,-65.1819,2.5434
2017-09-03 14:22:11,124.377,0.023,23580,"Orinoco, River",South America,Venezuela,River,-65.1819,2.5434
2017-09-30 14:22:14,124.073,0.008,23580,"Orinoco, River",South America,Venezuela,River,-65.1819,2.5434
2017-10-27 14:22:17,123.339,0.037,23580,"Orinoco, River",South America,Venezuela,River,-65.1819,2.5434
2017-11-23 14:22:15,122.814,0.005,23580,"Orinoco, River",South America,Venezuela,River,-65.1819,2.5434
2017-12-20 14:22:14,122.913,0.011,23580,"Orinoco, River",South America,Venezuela,River,-65.1819,2.5434
2018-01-16 14:22:18,122.599,0.003,23580,"Orinoco, River",South America,Venezuela,River,-65.1819,2.5434
2018-02-12 14:22:18,122.101,0.024,23580,"Orinoco, River",South America,Venezuela,River,-65.1819,2.5434
2018-03-11 14:22:15,122.497,0.01,23580,"Orinoco, River",South America,Venezuela,River,-65.1819,2.5434
2018-04-07 14:22:19,122.507,0.006,23580,"Orinoco, River",South America,Venezuela,River,-65.1819,2.5434
2018-05-04 14:22:21,125.289,0.025,23580,"Orinoco, River",South America,Venezuela,River,-65.1819,2.5434
2018-05-31 14:22:21,127.73,0.029,23580,"Orinoco, River",South America,Venezuela,River,-65.1819,2.5434
2018-06-27 14:22:22,127.566,0.018,23580,"Orinoco, River",South America,Venezuela,River,-65.1819,2.5434
2018-07-24 14:22:19,125.577,0.003,23580,"Orinoco, River",South America,Venezuela,River,-65.1819,2.5434
2018-08-20 14:22:16,124.568,0.019,23580,"Orinoco, River",South America,Venezuela,River,-65.1819,2.5434
2018-09-16 14:22:18,125.279,0.005,23580,"Orinoco, River",South America,Venezuela,River,-65.1819,2.5434
2018-10-13 14:22:21,123.184,0.028,23580,"Orinoco, River",South America,Venezuela,River,-65.1819,2.5434
2018-11-09 14:22:21,123.152,0.003,23580,"Orinoco, River",South America,Venezuela,River,-65.1819,2.5434
2018-12-06 14:22:18,123.088,0.019,23580,"Orinoco, River",South America,Venezuela,River,-65.1819,2.5434
2019-01-02 14:22:18,122.571,0.006,23580,"Orinoco, River",South America,Venezuela,River,-65.1819,2.5434
2019-01-29 14:22:20,122.588,0.005,23580,"Orinoco, River",South America,Venezuela,River,-65.1819,2.5434
2019-02-25 14:22:20,122.114,0.022,23580,"Orinoco, River",South America,Venezuela,River,-65.1819,2.5434
2019-03-24 14:22:20,121.898,0.004,23580,"Orinoco, River",South America,Venezuela,River,-65.1819,2.5434
2019-04-20 14:22:25,122.87,0.009,23580,"Orinoco, River",South America,Venezuela,River,-65.1819,2.5434
2019-05-17 14:22:26,124.775,0.009,23580,"Orinoco, River",South America,Venezuela,River,-65.1819,2.5434
2019-06-13 14:22:25,125.827,0.048,23580,"Orinoco, River",South America,Venezuela,River,-65.1819,2.5434
2019-07-10 14:22:25,124.807,0.018,23580,"Orinoco, River",South America,Venezuela,River,-65.1819,2.5434
2019-08-06 14:22:23,126.407,0.002,23580,"Orinoco, River",South America,Venezuela,River,-65.1819,2.5434
2019-09-02 14:22:20,124.945,0.012,23580,"Orinoco, River",South America,Venezuela,River,-65.1819,2.5434
2019-09-29 14:22:23,124.204,0.012,23580,"Orinoco, River",South America,Venezuela,River,-65.1819,2.5434
2019-10-26 14:22:24,124.086,0.023,23580,"Orinoco, River",South America,Venezuela,River,-65.1819,2.5434
2019-11-22 14:22:21,123.512,0.012,23580,"Orinoco, River",South America,Venezuela,River,-65.1819,2.5434
2019-12-19 14:22:19,123.723,0.037,23580,"Orinoco, River",South America,Venezuela,River,-65.1819,2.5434
2020-01-15 14:22:22,122.67,0.003,23580,"Orinoco, River",South America,Venezuela,River,-65.1819,2.5434
2020-02-11 14:22:23,122.391,0.011,23580,"Orinoco, River",South America,Venezuela,River,-65.1819,2.5434
2020-03-09 14:22:21,122.496,0.006,23580,"Orinoco, River",South America,Venezuela,River,-65.1819,2.5434
2020-04-05 14:22:26,122.864,0.024,23580,"Orinoco, River",South America,Venezuela,River,-65.1819,2.5434
2020-05-02 14:22:29,123.519,0.007,23580,"Orinoco, River",South America,Venezuela,River,-65.1819,2.5434
2020-05-29 14:22:29,124.548,0.007,23580,"Orinoco, River",South America,Venezuela,River,-65.1819,2.5434
2020-06-25 14:22:28,126.03,0.002,23580,"Orinoco, River",South America,Venezuela,River,-65.1819,2.5434
2020-07-22 14:22:28,125.904,0.017,23580,"Orinoco, River",South America,Venezuela,River,-65.1819,2.5434
2020-08-18 14:22:26,125.227,0.008,23580,"Orinoco, River",South America,Venezuela,River,-65.1819,2.5434
2020-09-14 14:22:25,124.529,0.024,23580,"Orinoco, River",South America,Venezuela,River,-65.1819,2.5434
2020-10-11 14:22:28,123.918,0.001,23580,"Orinoco, River",South America,Venezuela,River,-65.1819,2.5434
2020-11-07 14:22:26,124.702,0.037,23580,"Orinoco, River",South America,Venezuela,River,-65.1819,2.5434
2020-12-04 14:22:21,124.711,0.021,23580,"Orinoco, River",South America,Venezuela,River,-65.1819,2.5434
2020-12-31 14:22:25,124.807,0.01,23580,"Orinoco, River",South America,Venezuela,River,-65.1819,2.5434
2021-01-27 14:22:29,123.977,0.179,23580,"Orinoco, River",South America,Venezuela,River,-65.1819,2.5434
2021-02-23 14:22:28,122.934,0.008,23580,"Orinoco, River",South America,Venezuela,River,-65.1819,2.5434
2021-03-22 14:22:26,123.849,0.003,23580,"Orinoco, River",South America,Venezuela,River,-65.1819,2.5434
2021-04-18 14:22:32,124.921,0.007,23580,"Orinoco, River",South America,Venezuela,River,-65.1819,2.5434
2021-05-15 14:22:34,126.298,0.005,23580,"Orinoco, River",South America,Venezuela,River,-65.1819,2.5434
2021-06-11 14:22:34,127.087,0.007,23580,"Orinoco, River",South America,Venezuela,River,-65.1819,2.5434
2021-07-08 14:22:35,126.29,0.015,23580,"Orinoco, River",South America,Venezuela,River,-65.1819,2.5434
2021-08-04 14:22:32,126.604,0.002,23580,"Orinoco, River",South America,Venezuela,River,-65.1819,2.5434
2021-08-31 14:22:29,125.772,0.016,23580,"Orinoco, River",South America,Venezuela,River,-65.1819,2.5434
2021-09-27 14:22:32,125.224,0.006,23580,"Orinoco, River",South America,Venezuela,River,-65.1819,2.5434
2021-10-24 14:22:32,125.614,0.024,23580,"Orinoco, River",South America,Venezuela,River,-65.1819,2.5434
2021-11-20 14:22:31,124.636,0.021,23580,"Orinoco, River",South America,Venezuela,River,-65.1819,2.5434
2021-12-17 14:22:29,124.97,0.003,23580,"Orinoco, River",South America,Venezuela,River,-65.1819,2.5434
2022-01-13 14:22:33,123.445,0.017,23580,"Orinoco, River",South America,Venezuela,River,-65.1819,2.5434
2022-02-09 14:22:35,123.163,0.037,23580,"Orinoco, River",South America,Venezuela,River,-65.1819,2.5434
2022-03-08 14:22:32,124.16,0.005,23580,"Orinoco, River",South America,Venezuela,River,-65.1819,2.5434
2022-04-04 14:22:35,124.388,0.0,23580,"Orinoco, River",South America,Venezuela,River,-65.1819,2.5434
2022-05-01 14:22:37,125.153,0.026,23580,"Orinoco, River",South America,Venezuela,River,-65.1819,2.5434
2022-05-28 14:22:35,126.06,0.002,23580,"Orinoco, River",South America,Venezuela,River,-65.1819,2.5434
2022-06-24 14:22:34,128.233,0.006,23580,"Orinoco, River",South America,Venezuela,River,-65.1819,2.5434
2022-07-21 14:22:30,125.989,0.065,23580,"Orinoco, River",South America,Venezuela,River,-65.1819,2.5434
2022-08-17 14:22:28,125.709,0.008,23580,"Orinoco, River",South America,Venezuela,River,-65.1819,2.5434
2022-09-13 14:22:30,125.642,0.016,23580,"Orinoco, River",South America,Venezuela,River,-65.1819,2.5434
2022-10-10 14:22:30,124.206,0.106,23580,"Orinoco, River",South America,Venezuela,River,-65.1819,2.5434
2022-11-06 14:22:29,125.349,0.011,23580,"Orinoco, River",South America,Venezuela,River,-65.1819,2.5434
2022-12-03 14:22:25,125.516,0.009,23580,"Orinoco, River",South America,Venezuela,River,-65.1819,2.5434
2022-12-30 14:22:26,123.635,0.007,23580,"Orinoco, River",South America,Venezuela,River,-65.1819,2.5434
2023-01-26 14:22:30,124.516,0.001,23580,"Orinoco, River",South America,Venezuela,River,-65.1819,2.5434
2023-02-22 14:22:27,123.974,0.005,23580,"Orinoco, River",South America,Venezuela,River,-65.1819,2.5434
2023-03-21 14:22:31,123.701,0.008,23580,"Orinoco, River",South America,Venezuela,River,-65.1819,2.5434
2023-04-17 14:22:34,122.824,0.002,23580,"Orinoco, River",South America,Venezuela,River,-65.1819,2.5434
2023-05-14 14:22:32,126.086,0.006,23580,"Orinoco, River",South America,Venezuela,River,-65.1819,2.5434
2023-06-10 14:22:30,124.984,0.012,23580,"Orinoco, River",South America,Venezuela,River,-65.1819,2.5434
2023-07-07 14:22:27,126.045,0.005,23580,"Orinoco, River",South America,Venezuela,River,-65.1819,2.5434
2023-08-03 14:22:24,125.582,0.004,23580,"Orinoco, River",South America,Venezuela,River,-65.1819,2.5434
2023-08-30 14:22:23,124.628,0.006,23580,"Orinoco, River",South America,Venezuela,River,-65.1819,2.5434
2023-09-26 14:22:24,122.778,0.004,23580,"Orinoco, River",South America,Venezuela,River,-65.1819,2.5434
2023-10-23 14:22:27,123.198,0.021,23580,"Orinoco, River",South America,Venezuela,River,-65.1819,2.5434
2023-11-19 14:22:24,122.703,0.053,23580,"Orinoco, River",South America,Venezuela,River,-65.1819,2.5434
2023-12-16 14:22:26,122.61,0.001,23580,"Orinoco, River",South America,Venezuela,River,-65.1819,2.5434
2024-01-12 14:22:28,122.617,0.002,23580,"Orinoco, River",South America,Venezuela,River,-65.1819,2.5434
2024-02-08 14:22:29,122.221,0.018,23580,"Orinoco, River",South America,Venezuela,River,-65.1819,2.5434
2024-03-06 14:22:26,122.263,0.007,23580,"Orinoco, River",South America,Venezuela,River,-65.1819,2.5434
2024-04-02 14:22:30,122.423,0.007,23580,"Orinoco, River",South America,Venezuela,River,-65.1819,2.5434
2024-04-29 14:22:32,123.461,0.002,23580,"Orinoco, River",South America,Venezuela,River,-65.1819,2.5434
2024-05-26 14:22:32,124.158,0.03,23580,"Orinoco, River",South America,Venezuela,River,-65.1819,2.5434
2024-06-22 14:22:33,125.886,0.028,23580,"Orinoco, River",South America,Venezuela,River,-65.1819,2.5434
2024-07-19 14:22:31,125.666,0.015,23580,"Orinoco, River",South America,Venezuela,River,-65.1819,2.5434
2024-08-15 14:22:27,124.909,0.011,23580,"Orinoco, River",South America,Venezuela,River,-65.1819,2.5434
2024-09-11 14:22:25,123.891,0.009,23580,"Orinoco, River",South America,Venezuela,River,-65.1819,2.5434
2024-10-08 14:22:29,123.38,0.016,23580,"Orinoco, River",South America,Venezuela,River,-65.1819,2.5434
2024-11-04 14:22:29,122.858,0.019,23580,"Orinoco, River",South America,Venezuela,River,-65.1819,2.5434
2024-12-01 14:22:26,122.964,0.031,23580,"Orinoco, River",South America,Venezuela,River,-65.1819,2.5434
2024-12-28 14:22:26,122.985,0.001,23580,"Orinoco, River",South America,Venezuela,River,-65.1819,2.5434
2025-01-24 14:22:31,122.326,0.034,23580,"Orinoco, River",South America,Venezuela,River,-65.1819,2.5434
2025-02-20 14:22:31,123.159,0.015,23580,"Orinoco, River",South America,Venezuela,River,-65.1819,2.5434
2025-03-19 14:22:30,124.31,0.021,23580,"Orinoco, River",South America,Venezuela,River,-65.1819,2.5434
2025-04-15 14:22:35,124.108,0.027,23580,"Orinoco, River",South America,Venezuela,River,-65.1819,2.5434
2025-05-12 14:22:36,124.55,0.045,23580,"Orinoco, River",South America,Venezuela,River,-65.1819,2.5434
2025-06-08 14:22:36,125.608,0.022,23580,"Orinoco, River",South America,Venezuela,River,-65.1819,2.5434
2025-07-05 14:22:37,125.111,0.043,23580,"Orinoco, River",South America,Venezuela,River,-65.1819,2.5434
2025-08-01 14:22:37,125.912,0.013,23580,"Orinoco, River",South America,Venezuela,River,-65.1819,2.5434
2025-08-28 14:22:34,124.763,0.002,23580,"Orinoco, River",South America,Venezuela,River,-65.1819,2.5434
2025-09-24 14:22:36,124.114,0.006,23580,"Orinoco, River",South America,Venezuela,River,-65.1819,2.5434
2025-10-21 14:22:37,123.87,0.004,23580,"Orinoco, River",South America,Venezuela,River,-65.1819,2.5434
2025-11-17 14:22:36,124.248,0.011,23580,"Orinoco, River",South America,Venezuela,River,-65.1819,2.5434
2016-05-31 02:13:54,19.41,0.086,13275,"Orinoco, River",South America,Venezuela,River,-64.6793,7.7414
2016-06-27 02:13:56,22.504,0.086,13275,"Orinoco, River",South America,Venezuela,River,-64.6793,7.7414
2016-07-24 02:13:55,25.299,0.086,13275,"Orinoco, River",South America,Venezuela,River,-64.6793,7.7414
2016-08-20 02:13:54,26.556,0.014,13275,"Orinoco, River",South America,Venezuela,River,-64.6793,7.7414
2016-09-16 02:13:57,25.509,0.046,13275,"Orinoco, River",South America,Venezuela,River,-64.6793,7.7414
2016-10-13 02:13:59,22.625,0.001,13275,"Orinoco, River",South America,Venezuela,River,-64.6793,7.7414
2016-11-09 02:13:55,19.806,0.003,13275,"Orinoco, River",South America,Venezuela,River,-64.6793,7.7414
2016-12-06 02:13:53,18.477,0.013,13275,"Orinoco, River",South America,Venezuela,River,-64.6793,7.7414
2017-01-02 02:13:54,16.814,0.0,13275,"Orinoco, River",South America,Venezuela,River,-64.6793,7.7414
2017-01-29 02:13:56,14.416,0.004,13275,"Orinoco, River",South America,Venezuela,River,-64.6793,7.7414
2017-02-25 02:13:55,12.389,0.019,13275,"Orinoco, River",South America,Venezuela,River,-64.6793,7.7414
2017-03-24 02:13:56,13.07,0.003,13275,"Orinoco, River",South America,Venezuela,River,-64.6793,7.7414
2017-04-20 02:14:00,13.629,0.007,13275,"Orinoco, River",South America,Venezuela,River,-64.6793,7.7414
2017-05-17 02:14:04,18.194,0.002,13275,"Orinoco, River",South America,Venezuela,River,-64.6793,7.7414
2017-06-13 02:14:05,20.389,0.031,13275,"Orinoco, River",South America,Venezuela,River,-64.6793,7.7414
2017-07-10 02:14:02,23.491,0.004,13275,"Orinoco, River",South America,Venezuela,River,-64.6793,7.7414
2017-08-06 02:14:01,26.414,0.009,13275,"Orinoco, River",South America,Venezuela,River,-64.6793,7.7414
2017-09-02 02:13:57,25.47,0.001,13275,"Orinoco, River",South America,Venezuela,River,-64.6793,7.7414
2017-09-29 02:13:59,22.104,0.008,13275,"Orinoco, River",South America,Venezuela,River,-64.6793,7.7414
2017-10-26 02:14:02,20.719,0.004,13275,"Orinoco, River",South America,Venezuela,River,-64.6793,7.7414
2017-11-22 02:14:00,19.22,0.01,13275,"Orinoco, River",South America,Venezuela,River,-64.6793,7.7414
2017-12-19 02:13:59,15.514,0.008,13275,"Orinoco, River",South America,Venezuela,River,-64.6793,7.7414
2018-01-15 02:14:03,13.75,0.007,13275,"Orinoco, River",South America,Venezuela,River,-64.6793,7.7414
2018-02-11 02:14:03,12.535,0.036,13275,"Orinoco, River",South America,Venezuela,River,-64.6793,7.7414
2018-03-10 02:14:00,10.847,0.022,13275,"Orinoco, River",South America,Venezuela,River,-64.6793,7.7414
2018-04-06 02:14:04,10.611,0.0,13275,"Orinoco, River",South America,Venezuela,River,-64.6793,7.7414
2018-05-03 02:14:06,15.201,0.0,13275,"Orinoco, River",South America,Venezuela,River,-64.6793,7.7414
2018-05-30 02:14:06,19.943,0.006,13275,"Orinoco, River",South America,Venezuela,River,-64.6793,7.7414
2018-06-26 02:14:07,23.046,0.024,13275,"Orinoco, River",South America,Venezuela,River,-64.6793,7.7414
2018-07-23 02:14:04,26.357,0.039,13275,"Orinoco, River",South America,Venezuela,River,-64.6793,7.7414
2018-08-19 02:14:01,28.044,0.004,13275,"Orinoco, River",South America,Venezuela,River,-64.6793,7.7414
2018-09-15 02:14:03,27.642,0.01,13275,"Orinoco, River",South America,Venezuela,River,-64.6793,7.7414
2018-10-12 02:14:07,24.636,0.074,13275,"Orinoco, River",South America,Venezuela,River,-64.6793,7.7414
2018-11-08 02:14:06,20.529,0.012,13275,"Orinoco, River",South America,Venezuela,River,-64.6793,7.7414
2018-12-05 02:14:03,18.032,0.006,13275,"Orinoco, River",South America,Venezuela,River,-64.6793,7.7414
2019-01-01 02:14:02,13.725,0.015,13275,"Orinoco, River",South America,Venezuela,River,-64.6793,7.7414
2019-01-28 02:14:05,11.976,0.003,13275,"Orinoco, River",South America,Venezuela,River,-64.6793,7.7414
2019-02-24 02:14:05,11.272,0.01,13275,"Orinoco, River",South America,Venezuela,River,-64.6793,7.7414
2019-03-23 02:14:05,10.668,0.003,13275,"Orinoco, River",South America,Venezuela,River,-64.6793,7.7414
2019-04-19 02:14:10,11.36,0.018,13275,"Orinoco, River",South America,Venezuela,River,-64.6793,7.7414
2019-05-16 02:14:12,15.394,0.005,13275,"Orinoco, River",South America,Venezuela,River,-64.6793,7.7414
2019-06-12 02:14:10,19.305,0.005,13275,"Orinoco, River",South America,Venezuela,River,-64.6793,7.7414
2019-07-09 02:14:10,22.407,0.0,13275,"Orinoco, River",South America,Venezuela,River,-64.6793,7.7414
2019-08-05 02:14:08,24.608,0.004,13275,"Orinoco, River",South America,Venezuela,River,-64.6793,7.7414
2019-09-01 02:14:05,25.628,0.024,13275,"Orinoco, River",South America,Venezuela,River,-64.6793,7.7414
2019-09-28 02:14:08,23.891,0.002,13275,"Orinoco, River",South America,Venezuela,River,-64.6793,7.7414
2019-10-25 02:14:09,20.508,0.008,13275,"Orinoco, River",South America,Venezuela,River,-64.6793,7.7414
2019-11-21 02:14:06,18.659,0.004,13275,"Orinoco, River",South America,Venezuela,River,-64.6793,7.7414
2019-12-18 02:14:04,16.603,0.013,13275,"Orinoco, River",South America,Venezuela,River,-64.6793,7.7414
2020-01-14 02:14:07,14.697,0.034,13275,"Orinoco, River",South America,Venezuela,River,-64.6793,7.7414
2020-02-10 02:14:08,12.234,0.028,13275,"Orinoco, River",South America,Venezuela,River,-64.6793,7.7414
2020-03-08 02:14:06,10.763,0.006,13275,"Orinoco, River",South America,Venezuela,River,-64.6793,7.7414
2020-04-04 02:14:11,10.359,0.005,13275,"Orinoco, River",South America,Venezuela,River,-64.6793,7.7414
2020-05-01 02:14:14,11.697,0.072,13275,"Orinoco, River",South America,Venezuela,River,-64.6793,7.7414
2020-05-28 02:14:15,16.293,0.016,13275,"Orinoco, River",South America,Venezuela,River,-64.6793,7.7414
2020-06-24 02:14:13,19.69,0.023,13275,"Orinoco, River",South America,Venezuela,River,-64.6793,7.7414
2020-07-21 02:14:14,22.218,0.052,13275,"Orinoco, River",South America,Venezuela,River,-64.6793,7.7414
2020-08-17 02:14:11,23.661,0.012,13275,"Orinoco, River",South America,Venezuela,River,-64.6793,7.7414
2020-09-13 02:14:10,22.131,0.007,13275,"Orinoco, River",South America,Venezuela,River,-64.6793,7.7414
2020-10-10 02:14:13,19.831,0.004,13275,"Orinoco, River",South America,Venezuela,River,-64.6793,7.7414
2020-11-06 02:14:12,18.822,0.014,13275,"Orinoco, River",South America,Venezuela,River,-64.6793,7.7414
2020-12-03 02:14:06,19.211,0.014,13275,"Orinoco, River",South America,Venezuela,River,-64.6793,7.7414
2020-12-30 02:14:09,16.886,0.01,13275,"Orinoco, River",South America,Venezuela,River,-64.6793,7.7414
2021-01-26 02:14:14,15.033,0.003,13275,"Orinoco, River",South America,Venezuela,River,-64.6793,7.7414
2021-02-22 02:14:13,12.587,0.003,13275,"Orinoco, River",South America,Venezuela,River,-64.6793,7.7414
2021-03-21 02:14:11,12.67,0.038,13275,"Orinoco, River",South America,Venezuela,River,-64.6793,7.7414
2021-04-17 02:14:17,15.659,0.012,13275,"Orinoco, River",South America,Venezuela,River,-64.6793,7.7414
2021-05-14 02:14:19,19.081,0.015,13275,"Orinoco, River",South America,Venezuela,River,-64.6793,7.7414
2021-06-10 02:14:19,22.471,0.005,13275,"Orinoco, River",South America,Venezuela,River,-64.6793,7.7414
2021-07-07 02:14:20,24.163,0.003,13275,"Orinoco, River",South America,Venezuela,River,-64.6793,7.7414
2021-08-03 02:14:17,25.329,0.0,13275,"Orinoco, River",South America,Venezuela,River,-64.6793,7.7414
2021-08-30 02:14:15,26.033,0.001,13275,"Orinoco, River",South America,Venezuela,River,-64.6793,7.7414
2021-09-26 02:14:16,24.419,0.011,13275,"Orinoco, River",South America,Venezuela,River,-64.6793,7.7414
2021-10-23 02:14:17,22.594,0.017,13275,"Orinoco, River",South America,Venezuela,River,-64.6793,7.7414
2021-11-19 02:14:16,19.484,0.015,13275,"Orinoco, River",South America,Venezuela,River,-64.6793,7.7414
2021-12-16 02:14:14,16.652,0.016,13275,"Orinoco, River",South America,Venezuela,River,-64.6793,7.7414
2022-01-12 02:14:18,13.665,0.046,13275,"Orinoco, River",South America,Venezuela,River,-64.6793,7.7414
2022-02-08 02:14:20,11.73,0.031,13275,"Orinoco, River",South America,Venezuela,River,-64.6793,7.7414
2022-03-07 02:14:17,11.744,0.006,13275,"Orinoco, River",South America,Venezuela,River,-64.6793,7.7414
2022-04-03 02:14:20,14.331,0.015,13275,"Orinoco, River",South America,Venezuela,River,-64.6793,7.7414
2022-04-30 02:14:22,15.036,0.009,13275,"Orinoco, River",South America,Venezuela,River,-64.6793,7.7414
2022-05-27 02:14:21,19.921,0.027,13275,"Orinoco, River",South America,Venezuela,River,-64.6793,7.7414
2022-06-23 02:14:19,22.689,0.019,13275,"Orinoco, River",South America,Venezuela,River,-64.6793,7.7414
2022-07-20 02:14:16,24.662,0.002,13275,"Orinoco, River",South America,Venezuela,River,-64.6793,7.7414
2022-08-16 02:14:14,26.155,0.045,13275,"Orinoco, River",South America,Venezuela,River,-64.6793,7.7414
2022-09-12 02:14:15,25.881,0.008,13275,"Orinoco, River",South America,Venezuela,River,-64.6793,7.7414
2022-10-09 02:14:15,23.105,0.017,13275,"Orinoco, River",South America,Venezuela,River,-64.6793,7.7414
2022-11-05 02:14:14,20.963,0.009,13275,"Orinoco, River",South America,Venezuela,River,-64.6793,7.7414
2022-12-02 02:14:11,20.58,0.002,13275,"Orinoco, River",South America,Venezuela,River,-64.6793,7.7414
2022-12-29 02:14:11,15.425,0.0,13275,"Orinoco, River",South America,Venezuela,River,-64.6793,7.7414
2023-01-25 02:14:14,14.378,0.001,13275,"Orinoco, River",South America,Venezuela,River,-64.6793,7.7414
2023-02-21 02:14:13,12.331,0.006,13275,"Orinoco, River",South America,Venezuela,River,-64.6793,7.7414
2023-03-20 02:14:16,12.054,0.013,13275,"Orinoco, River",South America,Venezuela,River,-64.6793,7.7414
2023-04-16 02:14:19,12.485,0.011,13275,"Orinoco, River",South America,Venezuela,River,-64.6793,7.7414
2023-05-13 02:14:18,15.314,0.023,13275,"Orinoco, River",South America,Venezuela,River,-64.6793,7.7414
2023-06-09 02:14:15,19.317,0.001,13275,"Orinoco, River",South America,Venezuela,River,-64.6793,7.7414
2023-07-06 02:14:12,22.6,0.048,13275,"Orinoco, River",South America,Venezuela,River,-64.6793,7.7414
2023-08-02 02:14:09,24.039,0.006,13275,"Orinoco, River",South America,Venezuela,River,-64.6793,7.7414
2023-08-29 02:14:08,24.298,0.005,13275,"Orinoco, River",South America,Venezuela,River,-64.6793,7.7414
2023-09-25 02:14:10,20.394,0.004,13275,"Orinoco, River",South America,Venezuela,River,-64.6793,7.7414
2023-10-22 02:14:12,16.708,0.022,13275,"Orinoco, River",South America,Venezuela,River,-64.6793,7.7414
2023-11-18 02:14:09,17.027,0.017,13275,"Orinoco, River",South America,Venezuela,River,-64.6793,7.7414
2023-12-15 02:14:11,14.483,0.001,13275,"Orinoco, River",South America,Venezuela,River,-64.6793,7.7414
2024-01-11 02:14:13,13.688,0.014,13275,"Orinoco, River",South America,Venezuela,River,-64.6793,7.7414
2024-02-07 02:14:15,11.15,0.009,13275,"Orinoco, River",South America,Venezuela,River,-64.6793,7.7414
2024-03-05 02:14:12,11.068,0.004,13275,"Orinoco, River",South America,Venezuela,River,-64.6793,7.7414
2024-04-01 02:14:15,10.466,0.024,13275,"Orinoco, River",South America,Venezuela,River,-64.6793,7.7414
2024-04-28 02:14:17,12.088,0.019,13275,"Orinoco, River",South America,Venezuela,River,-64.6793,7.7414
2024-05-25 02:14:17,17.669,0.007,13275,"Orinoco, River",South America,Venezuela,River,-64.6793,7.7414
2024-06-21 02:14:18,22.435,0.009,13275,"Orinoco, River",South America,Venezuela,River,-64.6793,7.7414
2024-07-18 02:14:16,24.511,0.01,13275,"Orinoco, River",South America,Venezuela,River,-64.6793,7.7414
2024-08-14 02:14:13,25.971,0.003,13275,"Orinoco, River",South America,Venezuela,River,-64.6793,7.7414
2024-09-10 02:14:10,23.375,0.007,13275,"Orinoco, River",South America,Venezuela,River,-64.6793,7.7414
2024-10-07 02:14:13,19.244,0.004,13275,"Orinoco, River",South America,Venezuela,River,-64.6793,7.7414
2024-11-03 02:14:14,16.593,0.001,13275,"Orinoco, River",South America,Venezuela,River,-64.6793,7.7414
2024-11-30 02:14:11,16.854,0.008,13275,"Orinoco, River",South America,Venezuela,River,-64.6793,7.7414
2024-12-27 02:14:11,14.299,0.022,13275,"Orinoco, River",South America,Venezuela,River,-64.6793,7.7414
2025-01-23 02:14:16,13.729,0.069,13275,"Orinoco, River",South America,Venezuela,River,-64.6793,7.7414
2025-02-19 02:14:17,11.856,0.0,13275,"Orinoco, River",South America,Venezuela,River,-64.6793,7.7414
2025-03-18 02:14:15,11.993,0.007,13275,"Orinoco, River",South America,Venezuela,River,-64.6793,7.7414
2025-04-14 02:14:20,14.665,0.003,13275,"Orinoco, River",South America,Venezuela,River,-64.6793,7.7414
2025-05-11 02:14:22,17.485,0.006,13275,"Orinoco, River",South America,Venezuela,River,-64.6793,7.7414
2025-07-04 02:14:23,24.852,0.034,13275,"Orinoco, River",South America,Venezuela,River,-64.6793,7.7414
2025-07-31 02:14:23,27.142,0.001,13275,"Orinoco, River",South America,Venezuela,River,-64.6793,7.7414
2025-08-27 02:14:19,27.599,0.003,13275,"Orinoco, River",South America,Venezuela,River,-64.6793,7.7414
2025-09-23 02:14:21,25.931,0.003,13275,"Orinoco, River",South America,Venezuela,River,-64.6793,7.7414
2025-10-20 02:14:22,22.493,0.005,13275,"Orinoco, River",South America,Venezuela,River,-64.6793,7.7414
2025-11-16 02:14:21,19.501,0.006,13275,"Orinoco, River",South America,Venezuela,River,-64.6793,7.7414
2018-12-07 02:21:51,104.315,0.001,16705,"Orinoco, River",South America,Venezuela,River,-65.9915,3.1441
2019-01-03 02:21:53,103.384,0.0,16705,"Orinoco, River",South America,Venezuela,River,-65.9915,3.1441
2019-01-30 02:21:54,103.22,0.004,16705,"Orinoco, River",South America,Venezuela,River,-65.9915,3.1441
2019-02-26 02:21:56,102.758,0.019,16705,"Orinoco, River",South America,Venezuela,River,-65.9915,3.1441
2019-03-25 02:22:00,102.62,0.028,16705,"Orinoco, River",South America,Venezuela,River,-65.9915,3.1441
2019-04-21 02:22:00,103.336,0.007,16705,"Orinoco, River",South America,Venezuela,River,-65.9915,3.1441
2019-05-18 02:21:57,107.117,0.02,16705,"Orinoco, River",South America,Venezuela,River,-65.9915,3.1441
2019-06-14 02:21:52,107.692,0.008,16705,"Orinoco, River",South America,Venezuela,River,-65.9915,3.1441
2019-07-11 02:21:55,107.051,0.018,16705,"Orinoco, River",South America,Venezuela,River,-65.9915,3.1441
2019-08-07 02:21:56,107.63,0.006,16705,"Orinoco, River",South America,Venezuela,River,-65.9915,3.1441
2019-09-03 02:21:54,106.242,0.007,16705,"Orinoco, River",South America,Venezuela,River,-65.9915,3.1441
2019-09-30 02:21:53,105.468,0.007,16705,"Orinoco, River",South America,Venezuela,River,-65.9915,3.1441
2019-10-27 02:21:52,105.645,0.014,16705,"Orinoco, River",South America,Venezuela,River,-65.9915,3.1441
2019-11-23 02:21:56,105.265,0.009,16705,"Orinoco, River",South America,Venezuela,River,-65.9915,3.1441
2019-12-20 02:21:55,104.457,0.016,16705,"Orinoco, River",South America,Venezuela,River,-65.9915,3.1441
2020-01-16 02:21:54,103.473,0.001,16705,"Orinoco, River",South America,Venezuela,River,-65.9915,3.1441
2020-02-12 02:21:52,103.074,0.013,16705,"Orinoco, River",South America,Venezuela,River,-65.9915,3.1441
2020-03-10 02:21:56,103.181,0.017,16705,"Orinoco, River",South America,Venezuela,River,-65.9915,3.1441
2020-04-06 02:21:56,104.058,0.0,16705,"Orinoco, River",South America,Venezuela,River,-65.9915,3.1441
2020-05-03 02:22:01,105.095,0.005,16705,"Orinoco, River",South America,Venezuela,River,-65.9915,3.1441
2020-05-30 02:22:02,105.975,0.015,16705,"Orinoco, River",South America,Venezuela,River,-65.9915,3.1441
2020-06-26 02:22:06,107.678,0.008,16705,"Orinoco, River",South America,Venezuela,River,-65.9915,3.1441
2020-07-23 02:22:07,107.273,0.004,16705,"Orinoco, River",South America,Venezuela,River,-65.9915,3.1441
2020-08-19 02:22:07,107.183,0.01,16705,"Orinoco, River",South America,Venezuela,River,-65.9915,3.1441
2020-09-15 02:22:05,106.172,0.016,16705,"Orinoco, River",South America,Venezuela,River,-65.9915,3.1441
2020-10-12 02:22:03,105.542,0.005,16705,"Orinoco, River",South America,Venezuela,River,-65.9915,3.1441
2020-12-05 02:22:08,105.936,0.01,16705,"Orinoco, River",South America,Venezuela,River,-65.9915,3.1441
2021-01-01 02:22:07,106.642,0.002,16705,"Orinoco, River",South America,Venezuela,River,-65.9915,3.1441
2021-01-28 02:22:04,104.977,0.017,16705,"Orinoco, River",South America,Venezuela,River,-65.9915,3.1441
2021-02-24 02:22:06,103.691,0.028,16705,"Orinoco, River",South America,Venezuela,River,-65.9915,3.1441
2021-03-23 02:22:07,104.414,0.011,16705,"Orinoco, River",South America,Venezuela,River,-65.9915,3.1441
2021-04-19 02:22:05,106.156,0.009,16705,"Orinoco, River",South America,Venezuela,River,-65.9915,3.1441
2021-05-16 02:22:09,107.66,0.002,16705,"Orinoco, River",South America,Venezuela,River,-65.9915,3.1441
2021-06-12 02:22:14,108.264,0.004,16705,"Orinoco, River",South America,Venezuela,River,-65.9915,3.1441
2021-07-09 02:22:16,108.057,0.01,16705,"Orinoco, River",South America,Venezuela,River,-65.9915,3.1441
2021-08-05 02:22:17,108.191,0.008,16705,"Orinoco, River",South America,Venezuela,River,-65.9915,3.1441
2021-09-01 02:22:18,107.774,0.012,16705,"Orinoco, River",South America,Venezuela,River,-65.9915,3.1441
2021-09-28 02:22:14,106.79,0.002,16705,"Orinoco, River",South America,Venezuela,River,-65.9915,3.1441
2021-10-25 02:22:11,105.892,0.002,16705,"Orinoco, River",South America,Venezuela,River,-65.9915,3.1441
2021-11-21 02:22:14,105.525,0.009,16705,"Orinoco, River",South America,Venezuela,River,-65.9915,3.1441
2021-12-18 02:22:14,105.943,0.012,16705,"Orinoco, River",South America,Venezuela,River,-65.9915,3.1441
2022-01-14 02:22:11,104.387,0.007,16705,"Orinoco, River",South America,Venezuela,River,-65.9915,3.1441
2022-02-10 02:22:11,103.878,0.013,16705,"Orinoco, River",South America,Venezuela,River,-65.9915,3.1441
2022-03-09 02:22:12,105.334,0.009,16705,"Orinoco, River",South America,Venezuela,River,-65.9915,3.1441
2022-04-05 02:22:12,105.859,0.012,16705,"Orinoco, River",South America,Venezuela,River,-65.9915,3.1441
2022-05-02 02:22:17,106.282,0.006,16705,"Orinoco, River",South America,Venezuela,River,-65.9915,3.1441
2022-05-29 02:22:21,108.051,0.006,16705,"Orinoco, River",South America,Venezuela,River,-65.9915,3.1441
2022-06-25 02:22:24,108.417,0.012,16705,"Orinoco, River",South America,Venezuela,River,-65.9915,3.1441
2022-07-22 02:22:27,107.842,0.01,16705,"Orinoco, River",South America,Venezuela,River,-65.9915,3.1441
2022-08-18 02:22:26,107.227,0.003,16705,"Orinoco, River",South America,Venezuela,River,-65.9915,3.1441
2022-09-14 02:22:25,106.938,0.005,16705,"Orinoco, River",South America,Venezuela,River,-65.9915,3.1441
2022-10-11 02:22:22,105.603,0.025,16705,"Orinoco, River",South America,Venezuela,River,-65.9915,3.1441
2022-11-07 02:22:27,106.277,0.01,16705,"Orinoco, River",South America,Venezuela,River,-65.9915,3.1441
2022-12-04 02:22:27,106.933,0.007,16705,"Orinoco, River",South America,Venezuela,River,-65.9915,3.1441
2022-12-31 02:22:25,104.649,0.017,16705,"Orinoco, River",South America,Venezuela,River,-65.9915,3.1441
2023-01-27 02:22:22,105.362,0.005,16705,"Orinoco, River",South America,Venezuela,River,-65.9915,3.1441
2023-02-23 02:22:26,104.444,0.001,16705,"Orinoco, River",South America,Venezuela,River,-65.9915,3.1441
2023-03-22 02:22:24,104.164,0.006,16705,"Orinoco, River",South America,Venezuela,River,-65.9915,3.1441
2023-04-18 02:22:25,104.533,0.01,16705,"Orinoco, River",South America,Venezuela,River,-65.9915,3.1441
2023-05-15 02:22:29,106.913,0.008,16705,"Orinoco, River",South America,Venezuela,River,-65.9915,3.1441
2023-06-11 02:22:32,106.498,0.003,16705,"Orinoco, River",South America,Venezuela,River,-65.9915,3.1441
2023-07-08 02:22:35,108.303,0.002,16705,"Orinoco, River",South America,Venezuela,River,-65.9915,3.1441
2023-08-04 02:22:35,107.291,0.01,16705,"Orinoco, River",South America,Venezuela,River,-65.9915,3.1441
2023-08-31 02:22:34,105.32,0.013,16705,"Orinoco, River",South America,Venezuela,River,-65.9915,3.1441
2023-09-27 02:22:31,104.776,0.001,16705,"Orinoco, River",South America,Venezuela,River,-65.9915,3.1441
2023-10-24 02:22:37,104.195,0.012,16705,"Orinoco, River",South America,Venezuela,River,-65.9915,3.1441
2023-11-20 02:22:37,103.715,0.014,16705,"Orinoco, River",South America,Venezuela,River,-65.9915,3.1441
2023-12-17 02:22:37,103.307,0.003,16705,"Orinoco, River",South America,Venezuela,River,-65.9915,3.1441
2024-01-13 02:22:31,103.197,0.007,16705,"Orinoco, River",South America,Venezuela,River,-65.9915,3.1441
2024-02-09 02:22:35,103.014,0.009,16705,"Orinoco, River",South America,Venezuela,River,-65.9915,3.1441
2024-03-07 02:22:37,102.68,0.025,16705,"Orinoco, River",South America,Venezuela,River,-65.9915,3.1441
2024-04-03 02:22:35,103.105,0.022,16705,"Orinoco, River",South America,Venezuela,River,-65.9915,3.1441
2024-04-30 02:22:41,104.615,0.012,16705,"Orinoco, River",South America,Venezuela,River,-65.9915,3.1441
2024-05-27 02:22:44,106.201,0.002,16705,"Orinoco, River",South America,Venezuela,River,-65.9915,3.1441
2024-06-23 02:22:47,108.595,0.004,16705,"Orinoco, River",South America,Venezuela,River,-65.9915,3.1441
2024-07-20 02:22:49,108.01,0.008,16705,"Orinoco, River",South America,Venezuela,River,-65.9915,3.1441
2024-08-16 02:22:48,107.883,0.005,16705,"Orinoco, River",South America,Venezuela,River,-65.9915,3.1441
2024-09-12 02:22:46,106.084,0.015,16705,"Orinoco, River",South America,Venezuela,River,-65.9915,3.1441
2024-10-09 02:22:43,105.144,0.004,16705,"Orinoco, River",South America,Venezuela,River,-65.9915,3.1441
2024-11-05 02:22:48,104.499,0.009,16705,"Orinoco, River",South America,Venezuela,River,-65.9915,3.1441
2024-12-02 02:22:48,104.323,0.012,16705,"Orinoco, River",South America,Venezuela,River,-65.9915,3.1441
2024-12-29 02:22:47,104.532,0.012,16705,"Orinoco, River",South America,Venezuela,River,-65.9915,3.1441
2025-01-25 02:22:44,103.718,0.02,16705,"Orinoco, River",South America,Venezuela,River,-65.9915,3.1441
2025-02-21 02:22:48,104.782,0.017,16705,"Orinoco, River",South America,Venezuela,River,-65.9915,3.1441
2025-03-20 02:22:47,105.491,0.006,16705,"Orinoco, River",South America,Venezuela,River,-65.9915,3.1441
2025-04-16 02:22:47,106.306,0.0,16705,"Orinoco, River",South America,Venezuela,River,-65.9915,3.1441
2025-05-13 02:22:52,106.785,0.015,16705,"Orinoco, River",South America,Venezuela,River,-65.9915,3.1441
2025-06-09 02:22:56,108.44,0.011,16705,"Orinoco, River",South America,Venezuela,River,-65.9915,3.1441
2025-07-06 02:23:01,107.786,0.001,16705,"Orinoco, River",South America,Venezuela,River,-65.9915,3.1441
2025-08-02 02:23:01,108.11,0.002,16705,"Orinoco, River",South America,Venezuela,River,-65.9915,3.1441
2025-08-29 02:23:03,106.501,0.008,16705,"Orinoco, River",South America,Venezuela,River,-65.9915,3.1441
2025-09-25 02:23:01,105.744,0.019,16705,"Orinoco, River",South America,Venezuela,River,-65.9915,3.1441
2025-10-22 02:23:00,106.132,0.012,16705,"Orinoco, River",South America,Venezuela,River,-65.9915,3.1441
2025-11-18 02:23:03,106.023,0.005,16705,"Orinoco, River",South America,Venezuela,River,-65.9915,3.1441
2002-06-11 14:12:54,3.699,0.004,7823,"Orinoco, River",South America,Venezuela,River,-61.8951,8.5813
2002-07-16 14:12:54,6.253,0.001,7823,"Orinoco, River",South America,Venezuela,River,-61.8951,8.5813
2002-08-20 14:12:52,7.055,0.001,7823,"Orinoco, River",South America,Venezuela,River,-61.8951,8.5813
2002-09-24 14:12:50,6.594,0.0,7823,"Orinoco, River",South America,Venezuela,River,-61.8951,8.5813
2002-10-29 14:12:55,4.241,0.0,7823,"Orinoco, River",South America,Venezuela,River,-61.8951,8.5813
2002-12-03 14:12:51,3.734,0.002,7823,"Orinoco, River",South America,Venezuela,River,-61.8951,8.5813
2003-01-07 14:12:50,2.683,0.012,7823,"Orinoco, River",South America,Venezuela,River,-61.8951,8.5813
2003-02-11 14:12:48,1.834,0.034,7823,"Orinoco, River",South America,Venezuela,River,-61.8951,8.5813
2003-04-22 14:12:55,1.188,0.02,7823,"Orinoco, River",South America,Venezuela,River,-61.8951,8.5813
2003-05-27 14:12:50,2.482,0.002,7823,"Orinoco, River",South America,Venezuela,River,-61.8951,8.5813
2003-07-01 14:12:56,4.991,0.0,7823,"Orinoco, River",South America,Venezuela,River,-61.8951,8.5813
2003-08-05 14:13:00,6.567,0.001,7823,"Orinoco, River",South America,Venezuela,River,-61.8951,8.5813
2003-09-09 14:13:03,6.992,0.0,7823,"Orinoco, River",South America,Venezuela,River,-61.8951,8.5813
2003-10-14 14:12:59,5.825,0.0,7823,"Orinoco, River",South America,Venezuela,River,-61.8951,8.5813
2003-11-18 14:12:56,4.897,0.001,7823,"Orinoco, River",South America,Venezuela,River,-61.8951,8.5813
2003-12-23 14:13:00,3.677,0.002,7823,"Orinoco, River",South America,Venezuela,River,-61.8951,8.5813
2004-01-27 14:12:56,2.648,0.002,7823,"Orinoco, River",South America,Venezuela,River,-61.8951,8.5813
2004-03-02 14:12:57,1.696,0.009,7823,"Orinoco, River",South America,Venezuela,River,-61.8951,8.5813
2004-04-06 14:12:57,1.581,0.023,7823,"Orinoco, River",South America,Venezuela,River,-61.8951,8.5813
2004-05-11 14:12:57,1.71,0.007,7823,"Orinoco, River",South America,Venezuela,River,-61.8951,8.5813
2004-06-15 14:13:02,4.922,0.001,7823,"Orinoco, River",South America,Venezuela,River,-61.8951,8.5813
2004-07-20 14:13:03,6.406,0.006,7823,"Orinoco, River",South America,Venezuela,River,-61.8951,8.5813
2004-08-24 14:13:00,6.998,0.001,7823,"Orinoco, River",South America,Venezuela,River,-61.8951,8.5813
2004-09-28 14:12:58,6.498,0.001,7823,"Orinoco, River",South America,Venezuela,River,-61.8951,8.5813
2004-11-02 14:13:01,5.06,0.001,7823,"Orinoco, River",South America,Venezuela,River,-61.8951,8.5813
2004-12-07 14:12:58,3.674,0.002,7823,"Orinoco, River",South America,Venezuela,River,-61.8951,8.5813
2005-01-11 14:12:55,2.874,0.004,7823,"Orinoco, River",South America,Venezuela,River,-61.8951,8.5813
2005-02-15 14:12:56,2.269,0.003,7823,"Orinoco, River",South America,Venezuela,River,-61.8951,8.5813
2005-03-22 14:12:56,1.688,0.005,7823,"Orinoco, River",South America,Venezuela,River,-61.8951,8.5813
2005-04-26 14:13:03,1.522,0.002,7823,"Orinoco, River",South America,Venezuela,River,-61.8951,8.5813
2005-05-31 14:13:03,3.272,0.005,7823,"Orinoco, River",South America,Venezuela,River,-61.8951,8.5813
2005-07-05 14:13:05,5.072,0.002,7823,"Orinoco, River",South America,Venezuela,River,-61.8951,8.5813
2005-08-09 14:13:00,5.871,0.001,7823,"Orinoco, River",South America,Venezuela,River,-61.8951,8.5813
2005-09-13 14:12:59,5.931,0.001,7823,"Orinoco, River",South America,Venezuela,River,-61.8951,8.5813
2005-10-18 14:13:01,4.48,0.0,7823,"Orinoco, River",South America,Venezuela,River,-61.8951,8.5813
2005-11-22 14:12:58,3.782,0.002,7823,"Orinoco, River",South America,Venezuela,River,-61.8951,8.5813
2005-12-27 14:12:51,3.463,0.001,7823,"Orinoco, River",South America,Venezuela,River,-61.8951,8.5813
2006-01-31 14:12:49,3.032,0.01,7823,"Orinoco, River",South America,Venezuela,River,-61.8951,8.5813
2006-03-07 14:12:49,2.468,0.008,7823,"Orinoco, River",South America,Venezuela,River,-61.8951,8.5813
2006-04-11 14:12:50,1.886,0.002,7823,"Orinoco, River",South America,Venezuela,River,-61.8951,8.5813
2006-05-16 14:12:55,1.961,0.012,7823,"Orinoco, River",South America,Venezuela,River,-61.8951,8.5813
2006-06-20 14:12:58,4.191,0.001,7823,"Orinoco, River",South America,Venezuela,River,-61.8951,8.5813
2006-07-25 14:13:00,7.137,0.0,7823,"Orinoco, River",South America,Venezuela,River,-61.8951,8.5813
2006-08-29 14:12:57,7.322,0.001,7823,"Orinoco, River",South America,Venezuela,River,-61.8951,8.5813
2006-10-03 14:12:57,5.82,0.0,7823,"Orinoco, River",South America,Venezuela,River,-61.8951,8.5813
2006-11-07 14:12:58,4.376,0.001,7823,"Orinoco, River",South America,Venezuela,River,-61.8951,8.5813
2006-12-12 14:12:57,3.819,0.007,7823,"Orinoco, River",South America,Venezuela,River,-61.8951,8.5813
2007-01-16 14:12:51,2.844,0.004,7823,"Orinoco, River",South America,Venezuela,River,-61.8951,8.5813
2007-02-20 14:12:53,1.933,0.017,7823,"Orinoco, River",South America,Venezuela,River,-61.8951,8.5813
2007-03-27 14:12:51,1.599,0.0,7823,"Orinoco, River",South America,Venezuela,River,-61.8951,8.5813
2007-05-01 14:12:54,1.637,0.025,7823,"Orinoco, River",South America,Venezuela,River,-61.8951,8.5813
2007-06-05 14:12:56,2.767,0.004,7823,"Orinoco, River",South America,Venezuela,River,-61.8951,8.5813
2007-07-10 14:12:56,5.51,0.005,7823,"Orinoco, River",South America,Venezuela,River,-61.8951,8.5813
2007-08-14 14:12:56,6.782,0.003,7823,"Orinoco, River",South America,Venezuela,River,-61.8951,8.5813
2007-09-18 14:12:51,6.869,0.001,7823,"Orinoco, River",South America,Venezuela,River,-61.8951,8.5813
2007-10-23 14:12:51,5.616,0.0,7823,"Orinoco, River",South America,Venezuela,River,-61.8951,8.5813
2007-11-27 14:12:47,4.077,0.004,7823,"Orinoco, River",South America,Venezuela,River,-61.8951,8.5813
2008-01-01 14:12:49,3.219,0.035,7823,"Orinoco, River",South America,Venezuela,River,-61.8951,8.5813
2008-02-05 14:12:48,2.328,0.003,7823,"Orinoco, River",South America,Venezuela,River,-61.8951,8.5813
2008-03-11 14:12:50,1.918,0.01,7823,"Orinoco, River",South America,Venezuela,River,-61.8951,8.5813
2008-04-15 14:12:48,1.613,0.017,7823,"Orinoco, River",South America,Venezuela,River,-61.8951,8.5813
2008-05-20 14:12:50,1.812,0.006,7823,"Orinoco, River",South America,Venezuela,River,-61.8951,8.5813
2008-06-24 14:12:51,3.417,0.004,7823,"Orinoco, River",South America,Venezuela,River,-61.8951,8.5813
2008-07-29 14:12:51,6.07,0.0,7823,"Orinoco, River",South America,Venezuela,River,-61.8951,8.5813
2008-09-02 14:12:47,6.839,0.002,7823,"Orinoco, River",South America,Venezuela,River,-61.8951,8.5813
2008-10-07 14:12:48,5.666,0.0,7823,"Orinoco, River",South America,Venezuela,River,-61.8951,8.5813
2008-11-11 14:12:46,4.181,0.001,7823,"Orinoco, River",South America,Venezuela,River,-61.8951,8.5813
2008-12-16 14:12:47,4.091,0.002,7823,"Orinoco, River",South America,Venezuela,River,-61.8951,8.5813
2009-01-20 14:12:45,3.287,0.0,7823,"Orinoco, River",South America,Venezuela,River,-61.8951,8.5813
2009-02-24 14:12:48,2.509,0.009,7823,"Orinoco, River",South America,Venezuela,River,-61.8951,8.5813
2009-03-31 14:12:45,1.984,0.003,7823,"Orinoco, River",South America,Venezuela,River,-61.8951,8.5813
2009-05-05 14:12:47,1.891,0.005,7823,"Orinoco, River",South America,Venezuela,River,-61.8951,8.5813
2009-06-09 14:12:49,2.211,0.006,7823,"Orinoco, River",South America,Venezuela,River,-61.8951,8.5813
2009-07-14 14:12:49,3.895,0.003,7823,"Orinoco, River",South America,Venezuela,River,-61.8951,8.5813
2009-08-18 14:12:48,5.944,0.008,7823,"Orinoco, River",South America,Venezuela,River,-61.8951,8.5813
2009-09-22 14:12:44,5.515,0.0,7823,"Orinoco, River",South America,Venezuela,River,-61.8951,8.5813
2009-10-27 14:12:43,3.95,0.001,7823,"Orinoco, River",South America,Venezuela,River,-61.8951,8.5813
2009-12-01 14:12:40,3.14,0.001,7823,"Orinoco, River",South America,Venezuela,River,-61.8951,8.5813
2010-01-05 14:12:42,2.239,0.005,7823,"Orinoco, River",South America,Venezuela,River,-61.8951,8.5813
2010-02-09 14:12:41,2.026,0.007,7823,"Orinoco, River",South America,Venezuela,River,-61.8951,8.5813
2010-03-16 14:12:42,1.739,0.007,7823,"Orinoco, River",South America,Venezuela,River,-61.8951,8.5813
2010-04-20 14:12:39,1.519,0.007,7823,"Orinoco, River",South America,Venezuela,River,-61.8951,8.5813
2010-05-25 14:12:39,2.97,0.001,7823,"Orinoco, River",South America,Venezuela,River,-61.8951,8.5813
2010-06-29 14:12:39,5.612,0.001,7823,"Orinoco, River",South America,Venezuela,River,-61.8951,8.5813
2010-08-03 14:12:41,6.737,0.0,7823,"Orinoco, River",South America,Venezuela,River,-61.8951,8.5813
2010-09-07 14:12:40,7.008,0.0,7823,"Orinoco, River",South America,Venezuela,River,-61.8951,8.5813
2010-10-12 14:12:34,5.431,0.001,7823,"Orinoco, River",South America,Venezuela,River,-61.8951,8.5813
2013-04-11 22:17:43,1.478,0.009,7823,"Orinoco, River",South America,Venezuela,River,-61.8951,8.5813
2013-05-16 22:17:23,2.227,0.002,7823,"Orinoco, River",South America,Venezuela,River,-61.8951,8.5813
2013-06-20 22:17:05,4.559,0.0,7823,"Orinoco, River",South America,Venezuela,River,-61.8951,8.5813
2013-07-25 22:16:42,5.272,0.0,7823,"Orinoco, River",South America,Venezuela,River,-61.8951,8.5813
2013-08-29 22:16:50,6.158,0.0,7823,"Orinoco, River",South America,Venezuela,River,-61.8951,8.5813
2013-10-03 22:17:03,5.488,0.0,7823,"Orinoco, River",South America,Venezuela,River,-61.8951,8.5813
2013-11-07 22:17:01,4.192,0.0,7823,"Orinoco, River",South America,Venezuela,River,-61.8951,8.5813
2013-12-12 22:16:58,3.392,0.0,7823,"Orinoco, River",South America,Venezuela,River,-61.8951,8.5813
2014-01-16 22:16:57,2.664,0.001,7823,"Orinoco, River",South America,Venezuela,River,-61.8951,8.5813
2014-02-20 22:16:57,2.162,0.0,7823,"Orinoco, River",South America,Venezuela,River,-61.8951,8.5813
2014-03-27 22:16:52,1.79,0.027,7823,"Orinoco, River",South America,Venezuela,River,-61.8951,8.5813
2014-05-01 22:16:52,1.47,0.012,7823,"Orinoco, River",South America,Venezuela,River,-61.8951,8.5813
2014-06-05 22:16:50,2.364,0.001,7823,"Orinoco, River",South America,Venezuela,River,-61.8951,8.5813
2014-07-10 22:16:44,4.711,0.0,7823,"Orinoco, River",South America,Venezuela,River,-61.8951,8.5813
2014-08-14 22:16:40,6.359,0.001,7823,"Orinoco, River",South America,Venezuela,River,-61.8951,8.5813
2014-09-18 22:16:39,6.404,0.0,7823,"Orinoco, River",South America,Venezuela,River,-61.8951,8.5813
2014-10-23 22:16:37,4.843,0.0,7823,"Orinoco, River",South America,Venezuela,River,-61.8951,8.5813
2014-11-27 22:16:33,4.174,0.0,7823,"Orinoco, River",South America,Venezuela,River,-61.8951,8.5813
2015-01-01 22:16:30,2.991,0.0,7823,"Orinoco, River",South America,Venezuela,River,-61.8951,8.5813
2015-02-05 22:16:28,2.043,0.003,7823,"Orinoco, River",South America,Venezuela,River,-61.8951,8.5813
2015-03-12 22:16:27,1.785,0.01,7823,"Orinoco, River",South America,Venezuela,River,-61.8951,8.5813
2015-04-16 22:16:28,1.657,0.0,7823,"Orinoco, River",South America,Venezuela,River,-61.8951,8.5813
2015-07-30 22:16:01,5.974,0.001,7823,"Orinoco, River",South America,Venezuela,River,-61.8951,8.5813
2015-09-03 22:16:03,6.557,0.0,7823,"Orinoco, River",South America,Venezuela,River,-61.8951,8.5813
2015-10-08 22:15:59,5.146,0.003,7823,"Orinoco, River",South America,Venezuela,River,-61.8951,8.5813
2015-11-12 22:15:59,3.275,0.002,7823,"Orinoco, River",South America,Venezuela,River,-61.8951,8.5813
2015-12-17 22:15:46,2.742,0.002,7823,"Orinoco, River",South America,Venezuela,River,-61.8951,8.5813
2016-01-21 22:15:38,1.982,0.003,7823,"Orinoco, River",South America,Venezuela,River,-61.8951,8.5813
2016-02-25 22:15:36,1.522,0.001,7823,"Orinoco, River",South America,Venezuela,River,-61.8951,8.5813
2016-03-31 22:15:36,1.17,0.001,7823,"Orinoco, River",South America,Venezuela,River,-61.8951,8.5813
2016-05-05 22:15:25,1.412,0.003,7823,"Orinoco, River",South America,Venezuela,River,-61.8951,8.5813
2002-06-17 14:24:39,23.257,0.048,1121,"Orinoco, River",South America,Venezuela,River,-64.9706,7.6967
2002-07-22 14:24:39,25.337,0.018,1121,"Orinoco, River",South America,Venezuela,River,-64.9706,7.6967
2002-08-26 14:24:34,25.741,0.027,1121,"Orinoco, River",South America,Venezuela,River,-64.9706,7.6967
2002-09-30 14:24:37,24.466,0.175,1121,"Orinoco, River",South America,Venezuela,River,-64.9706,7.6967
2002-11-04 14:24:38,20.929,0.007,1121,"Orinoco, River",South America,Venezuela,River,-64.9706,7.6967
2002-12-09 14:24:36,19.676,0.032,1121,"Orinoco, River",South America,Venezuela,River,-64.9706,7.6967
2003-01-13 14:24:34,15.616,0.092,1121,"Orinoco, River",South America,Venezuela,River,-64.9706,7.6967
2003-04-28 14:24:39,17.004,0.016,1121,"Orinoco, River",South America,Venezuela,River,-64.9706,7.6967
2003-06-02 14:24:35,21.427,0.014,1121,"Orinoco, River",South America,Venezuela,River,-64.9706,7.6967
2003-07-07 14:24:41,23.409,0.011,1121,"Orinoco, River",South America,Venezuela,River,-64.9706,7.6967
2003-08-11 14:24:45,25.004,0.096,1121,"Orinoco, River",South America,Venezuela,River,-64.9706,7.6967
2003-09-15 14:24:48,26.524,0.026,1121,"Orinoco, River",South America,Venezuela,River,-64.9706,7.6967
2003-10-20 14:24:43,23.884,0.05,1121,"Orinoco, River",South America,Venezuela,River,-64.9706,7.6967
2003-11-24 14:24:43,20.706,0.088,1121,"Orinoco, River",South America,Venezuela,River,-64.9706,7.6967
2004-02-02 14:24:41,15.265,0.045,1121,"Orinoco, River",South America,Venezuela,River,-64.9706,7.6967
2004-04-12 14:24:41,15.374,0.06,1121,"Orinoco, River",South America,Venezuela,River,-64.9706,7.6967
2004-05-17 14:24:44,20.754,0.002,1121,"Orinoco, River",South America,Venezuela,River,-64.9706,7.6967
2004-07-26 14:24:48,25.593,0.064,1121,"Orinoco, River",South America,Venezuela,River,-64.9706,7.6967
2004-08-30 14:24:45,26.543,0.018,1121,"Orinoco, River",South America,Venezuela,River,-64.9706,7.6967
2004-10-04 14:24:44,24.588,0.003,1121,"Orinoco, River",South America,Venezuela,River,-64.9706,7.6967
2004-11-08 14:24:44,21.541,0.045,1121,"Orinoco, River",South America,Venezuela,River,-64.9706,7.6967
2004-12-13 14:24:42,17.178,0.135,1121,"Orinoco, River",South America,Venezuela,River,-64.9706,7.6967
2005-01-17 14:24:41,16.545,0.01,1121,"Orinoco, River",South America,Venezuela,River,-64.9706,7.6967
2005-02-21 14:24:41,15.572,0.059,1121,"Orinoco, River",South America,Venezuela,River,-64.9706,7.6967
2005-05-02 14:24:49,20.046,0.052,1121,"Orinoco, River",South America,Venezuela,River,-64.9706,7.6967
2005-07-11 14:24:50,24.548,0.003,1121,"Orinoco, River",South America,Venezuela,River,-64.9706,7.6967
2005-09-19 14:24:44,25.189,0.028,1121,"Orinoco, River",South America,Venezuela,River,-64.9706,7.6967
2005-10-24 14:24:46,21.078,0.018,1121,"Orinoco, River",South America,Venezuela,River,-64.9706,7.6967
2005-11-28 14:24:41,20.448,0.094,1121,"Orinoco, River",South America,Venezuela,River,-64.9706,7.6967
2006-04-17 14:24:36,16.374,0.183,1121,"Orinoco, River",South America,Venezuela,River,-64.9706,7.6967
2006-05-22 14:24:39,18.789,0.046,1121,"Orinoco, River",South America,Venezuela,River,-64.9706,7.6967
2006-06-26 14:24:44,22.156,0.023,1121,"Orinoco, River",South America,Venezuela,River,-64.9706,7.6967
2006-07-31 14:24:45,26.638,0.065,1121,"Orinoco, River",South America,Venezuela,River,-64.9706,7.6967
2006-09-04 14:24:40,26.716,0.002,1121,"Orinoco, River",South America,Venezuela,River,-64.9706,7.6967
2006-10-09 14:24:42,22.916,0.118,1121,"Orinoco, River",South America,Venezuela,River,-64.9706,7.6967
2006-11-13 14:24:42,20.992,0.08,1121,"Orinoco, River",South America,Venezuela,River,-64.9706,7.6967
2007-01-22 14:24:35,15.788,0.021,1121,"Orinoco, River",South America,Venezuela,River,-64.9706,7.6967
2007-04-02 14:24:35,15.336,0.046,1121,"Orinoco, River",South America,Venezuela,River,-64.9706,7.6967
2007-05-07 14:24:39,17.985,0.041,1121,"Orinoco, River",South America,Venezuela,River,-64.9706,7.6967
2007-06-11 14:24:41,20.569,0.095,1121,"Orinoco, River",South America,Venezuela,River,-64.9706,7.6967
2007-08-20 14:24:40,25.869,0.005,1121,"Orinoco, River",South America,Venezuela,River,-64.9706,7.6967
2007-10-29 14:24:35,21.451,0.001,1121,"Orinoco, River",South America,Venezuela,River,-64.9706,7.6967
2007-12-03 14:24:32,19.962,0.166,1121,"Orinoco, River",South America,Venezuela,River,-64.9706,7.6967
2008-01-07 14:24:34,17.608,0.023,1121,"Orinoco, River",South America,Venezuela,River,-64.9706,7.6967
2008-02-11 14:24:33,15.09,0.032,1121,"Orinoco, River",South America,Venezuela,River,-64.9706,7.6967
2008-05-26 14:24:35,18.781,0.014,1121,"Orinoco, River",South America,Venezuela,River,-64.9706,7.6967
2008-06-30 14:24:35,19.846,0.046,1121,"Orinoco, River",South America,Venezuela,River,-64.9706,7.6967
2008-08-04 14:24:35,24.653,0.005,1121,"Orinoco, River",South America,Venezuela,River,-64.9706,7.6967
2008-09-08 14:24:31,24.933,0.067,1121,"Orinoco, River",South America,Venezuela,River,-64.9706,7.6967
2008-12-22 14:24:32,19.757,0.017,1121,"Orinoco, River",South America,Venezuela,River,-64.9706,7.6967
2009-01-26 14:24:30,16.923,0.006,1121,"Orinoco, River",South America,Venezuela,River,-64.9706,7.6967
2009-04-06 14:24:29,16.349,0.052,1121,"Orinoco, River",South America,Venezuela,River,-64.9706,7.6967
2009-05-11 14:24:32,17.706,0.008,1121,"Orinoco, River",South America,Venezuela,River,-64.9706,7.6967
2009-06-15 14:24:34,19.404,0.01,1121,"Orinoco, River",South America,Venezuela,River,-64.9706,7.6967
2009-11-02 14:24:28,20.023,0.009,1121,"Orinoco, River",South America,Venezuela,River,-64.9706,7.6967
2009-12-07 14:24:24,17.16,0.015,1121,"Orinoco, River",South America,Venezuela,River,-64.9706,7.6967
2010-01-11 14:24:27,15.22,0.001,1121,"Orinoco, River",South America,Venezuela,River,-64.9706,7.6967
2010-04-26 14:24:24,19.19,0.033,1121,"Orinoco, River",South America,Venezuela,River,-64.9706,7.6967
2010-05-31 14:24:24,22.42,0.001,1121,"Orinoco, River",South America,Venezuela,River,-64.9706,7.6967
2010-08-09 14:24:26,26.288,0.058,1121,"Orinoco, River",South America,Venezuela,River,-64.9706,7.6967
2018-12-12 14:27:29,98.085,0.013,17241,"Orinoco, River",South America,Venezuela,River,-66.4625,3.0978
2019-01-08 14:27:32,97.285,0.006,17241,"Orinoco, River",South America,Venezuela,River,-66.4625,3.0978
2019-04-26 14:27:39,97.606,0.007,17241,"Orinoco, River",South America,Venezuela,River,-66.4625,3.0978
2019-05-23 14:27:35,101.042,0.023,17241,"Orinoco, River",South America,Venezuela,River,-66.4625,3.0978
2019-06-19 14:27:31,101.448,0.046,17241,"Orinoco, River",South America,Venezuela,River,-66.4625,3.0978
2019-07-16 14:27:34,101.128,0.031,17241,"Orinoco, River",South America,Venezuela,River,-66.4625,3.0978
2019-08-12 14:27:34,101.316,0.017,17241,"Orinoco, River",South America,Venezuela,River,-66.4625,3.0978
2019-09-08 14:27:33,100.006,0.014,17241,"Orinoco, River",South America,Venezuela,River,-66.4625,3.0978
2019-10-05 14:27:31,99.213,0.01,17241,"Orinoco, River",South America,Venezuela,River,-66.4625,3.0978
2019-11-01 14:27:32,98.699,0.006,17241,"Orinoco, River",South America,Venezuela,River,-66.4625,3.0978
2019-11-28 14:27:35,98.672,0.01,17241,"Orinoco, River",South America,Venezuela,River,-66.4625,3.0978
2019-12-25 14:27:34,98.632,0.049,17241,"Orinoco, River",South America,Venezuela,River,-66.4625,3.0978
2020-01-21 14:27:32,97.561,0.017,17241,"Orinoco, River",South America,Venezuela,River,-66.4625,3.0978
2020-04-11 14:27:36,97.959,0.012,17241,"Orinoco, River",South America,Venezuela,River,-66.4625,3.0978
2020-05-08 14:27:40,98.926,0.042,17241,"Orinoco, River",South America,Venezuela,River,-66.4625,3.0978
2020-06-04 14:27:43,100.269,0.025,17241,"Orinoco, River",South America,Venezuela,River,-66.4625,3.0978
2020-07-01 14:27:45,101.517,0.022,17241,"Orinoco, River",South America,Venezuela,River,-66.4625,3.0978
2020-07-28 14:27:45,101.481,0.032,17241,"Orinoco, River",South America,Venezuela,River,-66.4625,3.0978
2020-08-24 14:27:45,100.672,0.02,17241,"Orinoco, River",South America,Venezuela,River,-66.4625,3.0978
2020-09-20 14:27:43,100.64,0.02,17241,"Orinoco, River",South America,Venezuela,River,-66.4625,3.0978
2020-10-17 14:27:43,98.961,0.008,17241,"Orinoco, River",South America,Venezuela,River,-66.4625,3.0978
2020-11-13 14:27:47,99.717,0.014,17241,"Orinoco, River",South America,Venezuela,River,-66.4625,3.0978
2020-12-10 14:27:46,99.086,0.03,17241,"Orinoco, River",South America,Venezuela,River,-66.4625,3.0978
2021-01-06 14:27:46,99.905,0.016,17241,"Orinoco, River",South America,Venezuela,River,-66.4625,3.0978
2021-02-02 14:27:41,98.129,0.046,17241,"Orinoco, River",South America,Venezuela,River,-66.4625,3.0978
2021-03-01 14:27:45,97.613,0.01,17241,"Orinoco, River",South America,Venezuela,River,-66.4625,3.0978
2021-03-28 14:27:45,99.34,0.015,17241,"Orinoco, River",South America,Venezuela,River,-66.4625,3.0978
2021-04-24 14:27:45,99.378,0.013,17241,"Orinoco, River",South America,Venezuela,River,-66.4625,3.0978
2021-05-21 14:27:48,101.284,0.009,17241,"Orinoco, River",South America,Venezuela,River,-66.4625,3.0978
2021-06-17 14:27:54,102.247,0.002,17241,"Orinoco, River",South America,Venezuela,River,-66.4625,3.0978
2021-07-14 14:27:55,101.826,0.011,17241,"Orinoco, River",South America,Venezuela,River,-66.4625,3.0978
2021-08-10 14:27:56,101.936,0.031,17241,"Orinoco, River",South America,Venezuela,River,-66.4625,3.0978
2021-09-06 14:27:56,101.609,0.013,17241,"Orinoco, River",South America,Venezuela,River,-66.4625,3.0978
2021-10-03 14:27:52,100.271,0.025,17241,"Orinoco, River",South America,Venezuela,River,-66.4625,3.0978
2021-10-30 14:27:51,100.484,0.0,17241,"Orinoco, River",South America,Venezuela,River,-66.4625,3.0978
2021-11-26 14:27:52,99.757,0.026,17241,"Orinoco, River",South America,Venezuela,River,-66.4625,3.0978
2021-12-23 14:27:53,99.613,0.003,17241,"Orinoco, River",South America,Venezuela,River,-66.4625,3.0978
2022-01-19 14:27:50,98.295,0.025,17241,"Orinoco, River",South America,Venezuela,River,-66.4625,3.0978
2022-02-15 14:27:50,97.862,0.001,17241,"Orinoco, River",South America,Venezuela,River,-66.4625,3.0978
2022-03-14 14:27:50,98.967,0.038,17241,"Orinoco, River",South America,Venezuela,River,-66.4625,3.0978
2022-04-10 14:27:52,99.941,0.002,17241,"Orinoco, River",South America,Venezuela,River,-66.4625,3.0978
2022-05-07 14:27:57,99.714,0.015,17241,"Orinoco, River",South America,Venezuela,River,-66.4625,3.0978
2022-06-03 14:28:01,101.813,0.024,17241,"Orinoco, River",South America,Venezuela,River,-66.4625,3.0978
2022-06-30 14:28:02,102.253,0.026,17241,"Orinoco, River",South America,Venezuela,River,-66.4625,3.0978
2022-07-27 14:28:05,101.729,0.01,17241,"Orinoco, River",South America,Venezuela,River,-66.4625,3.0978
2022-08-23 14:28:05,101.054,0.005,17241,"Orinoco, River",South America,Venezuela,River,-66.4625,3.0978
2022-09-19 14:28:02,100.68,0.006,17241,"Orinoco, River",South America,Venezuela,River,-66.4625,3.0978
2022-10-16 14:28:02,99.27,0.008,17241,"Orinoco, River",South America,Venezuela,River,-66.4625,3.0978
2022-11-12 14:28:06,99.794,0.013,17241,"Orinoco, River",South America,Venezuela,River,-66.4625,3.0978
2022-12-09 14:28:06,100.396,0.009,17241,"Orinoco, River",South America,Venezuela,River,-66.4625,3.0978
2023-01-05 14:28:03,99.131,0.033,17241,"Orinoco, River",South America,Venezuela,River,-66.4625,3.0978
2023-02-01 14:28:03,98.295,0.006,17241,"Orinoco, River",South America,Venezuela,River,-66.4625,3.0978
2023-02-28 14:28:05,98.07,0.015,17241,"Orinoco, River",South America,Venezuela,River,-66.4625,3.0978
2023-03-27 14:28:03,97.776,0.008,17241,"Orinoco, River",South America,Venezuela,River,-66.4625,3.0978
2023-04-23 14:28:05,99.112,0.005,17241,"Orinoco, River",South America,Venezuela,River,-66.4625,3.0978
2023-05-20 14:28:09,100.86,0.028,17241,"Orinoco, River",South America,Venezuela,River,-66.4625,3.0978
2023-06-16 14:28:12,100.208,0.007,17241,"Orinoco, River",South America,Venezuela,River,-66.4625,3.0978
2023-07-13 14:28:14,101.818,0.004,17241,"Orinoco, River",South America,Venezuela,River,-66.4625,3.0978
2023-08-09 14:28:14,100.877,0.013,17241,"Orinoco, River",South America,Venezuela,River,-66.4625,3.0978
2023-09-05 14:28:12,98.566,0.012,17241,"Orinoco, River",South America,Venezuela,River,-66.4625,3.0978
2023-10-02 14:28:12,98.072,0.013,17241,"Orinoco, River",South America,Venezuela,River,-66.4625,3.0978
2023-10-29 14:28:16,98.23,0.017,17241,"Orinoco, River",South America,Venezuela,River,-66.4625,3.0978
2023-11-25 14:28:17,98.19,0.002,17241,"Orinoco, River",South America,Venezuela,River,-66.4625,3.0978
2023-12-22 14:28:15,97.458,0.015,17241,"Orinoco, River",South America,Venezuela,River,-66.4625,3.0978
2024-01-18 14:28:09,97.462,0.015,17241,"Orinoco, River",South America,Venezuela,River,-66.4625,3.0978
2024-04-08 14:28:15,97.97,0.042,17241,"Orinoco, River",South America,Venezuela,River,-66.4625,3.0978
2024-05-05 14:28:21,99.092,0.016,17241,"Orinoco, River",South America,Venezuela,River,-66.4625,3.0978
2024-06-01 14:28:25,101.411,0.008,17241,"Orinoco, River",South America,Venezuela,River,-66.4625,3.0978
2024-06-28 14:28:27,102.323,0.001,17241,"Orinoco, River",South America,Venezuela,River,-66.4625,3.0978
2024-07-25 14:28:27,101.897,0.031,17241,"Orinoco, River",South America,Venezuela,River,-66.4625,3.0978
2024-08-21 14:28:27,101.214,0.019,17241,"Orinoco, River",South America,Venezuela,River,-66.4625,3.0978
2024-09-17 14:28:25,99.522,0.002,17241,"Orinoco, River",South America,Venezuela,River,-66.4625,3.0978
2024-10-14 14:28:24,98.937,0.047,17241,"Orinoco, River",South America,Venezuela,River,-66.4625,3.0978
2024-11-10 14:28:26,98.312,0.009,17241,"Orinoco, River",South America,Venezuela,River,-66.4625,3.0978
2024-12-07 14:28:27,98.574,0.02,17241,"Orinoco, River",South America,Venezuela,River,-66.4625,3.0978
2025-01-03 14:28:24,99.317,0.032,17241,"Orinoco, River",South America,Venezuela,River,-66.4625,3.0978
2025-01-30 14:28:22,98.377,0.032,17241,"Orinoco, River",South America,Venezuela,River,-66.4625,3.0978
2025-02-26 14:28:25,98.556,0.003,17241,"Orinoco, River",South America,Venezuela,River,-66.4625,3.0978
2025-03-25 14:28:26,99.05,0.019,17241,"Orinoco, River",South America,Venezuela,River,-66.4625,3.0978
2025-04-21 14:28:26,99.894,0.006,17241,"Orinoco, River",South America,Venezuela,River,-66.4625,3.0978
2025-05-18 14:28:32,101.18,0.018,17241,"Orinoco, River",South America,Venezuela,River,-66.4625,3.0978
2025-06-14 14:28:36,102.003,0.002,17241,"Orinoco, River",South America,Venezuela,River,-66.4625,3.0978
2025-07-11 14:28:40,101.912,0.002,17241,"Orinoco, River",South America,Venezuela,River,-66.4625,3.0978
2025-08-07 14:28:40,101.733,0.001,17241,"Orinoco, River",South America,Venezuela,River,-66.4625,3.0978
2025-09-03 14:28:41,101.14,0.001,17241,"Orinoco, River",South America,Venezuela,River,-66.4625,3.0978
2025-09-30 14:28:38,99.635,0.003,17241,"Orinoco, River",South America,Venezuela,River,-66.4625,3.0978
2025-10-27 14:28:40,100.128,0.005,17241,"Orinoco, River",South America,Venezuela,River,-66.4625,3.0978
2025-11-23 14:28:42,99.816,0.021,17241,"Orinoco, River",South America,Venezuela,River,-66.4625,3.0978
2018-12-03 02:25:49,85.981,0.005,16345,"Orinoco, River",South America,Venezuela,River,-67.1078,3.962
2018-12-30 02:25:51,85.116,0.014,16345,"Orinoco, River",South America,Venezuela,River,-67.1078,3.962
2019-01-26 02:25:52,84.692,0.003,16345,"Orinoco, River",South America,Venezuela,River,-67.1078,3.962
2019-04-17 02:25:58,84.675,0.009,16345,"Orinoco, River",South America,Venezuela,River,-67.1078,3.962
2019-05-14 02:25:56,86.477,0.001,16345,"Orinoco, River",South America,Venezuela,River,-67.1078,3.962
2019-06-10 02:25:51,88.364,0.007,16345,"Orinoco, River",South America,Venezuela,River,-67.1078,3.962
2019-07-07 02:25:53,89.483,0.004,16345,"Orinoco, River",South America,Venezuela,River,-67.1078,3.962
2019-08-03 02:25:54,89.995,0.024,16345,"Orinoco, River",South America,Venezuela,River,-67.1078,3.962
2019-08-30 02:25:53,90.672,0.001,16345,"Orinoco, River",South America,Venezuela,River,-67.1078,3.962
2019-09-26 02:25:52,88.416,0.024,16345,"Orinoco, River",South America,Venezuela,River,-67.1078,3.962
2019-10-23 02:25:50,87.551,0.001,16345,"Orinoco, River",South America,Venezuela,River,-67.1078,3.962
2019-11-19 02:25:54,86.36,0.009,16345,"Orinoco, River",South America,Venezuela,River,-67.1078,3.962
2019-12-16 02:25:54,85.953,0.015,16345,"Orinoco, River",South America,Venezuela,River,-67.1078,3.962
2020-01-12 02:25:53,85.19,0.011,16345,"Orinoco, River",South America,Venezuela,River,-67.1078,3.962
2020-02-08 02:25:50,84.681,0.005,16345,"Orinoco, River",South America,Venezuela,River,-67.1078,3.962
2020-04-29 02:25:58,85.339,0.003,16345,"Orinoco, River",South America,Venezuela,River,-67.1078,3.962
2020-05-26 02:26:00,87.348,0.015,16345,"Orinoco, River",South America,Venezuela,River,-67.1078,3.962
2020-06-22 02:26:04,88.348,0.02,16345,"Orinoco, River",South America,Venezuela,River,-67.1078,3.962
2020-07-19 02:26:05,89.675,0.013,16345,"Orinoco, River",South America,Venezuela,River,-67.1078,3.962
2020-08-15 02:26:05,89.874,0.0,16345,"Orinoco, River",South America,Venezuela,River,-67.1078,3.962
2020-09-11 02:26:04,89.247,0.006,16345,"Orinoco, River",South America,Venezuela,River,-67.1078,3.962
2020-10-08 02:26:00,87.481,0.001,16345,"Orinoco, River",South America,Venezuela,River,-67.1078,3.962
2020-11-04 02:26:05,86.483,0.01,16345,"Orinoco, River",South America,Venezuela,River,-67.1078,3.962
2020-12-01 02:26:06,87.539,0.004,16345,"Orinoco, River",South America,Venezuela,River,-67.1078,3.962
2020-12-28 02:26:05,86.499,0.011,16345,"Orinoco, River",South America,Venezuela,River,-67.1078,3.962
2021-01-24 02:26:03,85.767,0.015,16345,"Orinoco, River",South America,Venezuela,River,-67.1078,3.962
2021-02-20 02:26:03,85.055,0.012,16345,"Orinoco, River",South America,Venezuela,River,-67.1078,3.962
2021-03-19 02:26:05,85.437,0.004,16345,"Orinoco, River",South America,Venezuela,River,-67.1078,3.962
2021-04-15 02:26:03,86.569,0.012,16345,"Orinoco, River",South America,Venezuela,River,-67.1078,3.962
2021-05-12 02:26:07,87.851,0.023,16345,"Orinoco, River",South America,Venezuela,River,-67.1078,3.962
2021-06-08 02:26:12,89.743,0.006,16345,"Orinoco, River",South America,Venezuela,River,-67.1078,3.962
2021-07-05 02:26:14,90.368,0.018,16345,"Orinoco, River",South America,Venezuela,River,-67.1078,3.962
2021-08-01 02:26:15,90.848,0.003,16345,"Orinoco, River",South America,Venezuela,River,-67.1078,3.962
2021-08-28 02:26:16,90.68,0.001,16345,"Orinoco, River",South America,Venezuela,River,-67.1078,3.962
2021-09-24 02:26:13,89.626,0.026,16345,"Orinoco, River",South America,Venezuela,River,-67.1078,3.962
2021-10-21 02:26:08,87.856,0.076,16345,"Orinoco, River",South America,Venezuela,River,-67.1078,3.962
2021-11-17 02:26:12,86.898,0.003,16345,"Orinoco, River",South America,Venezuela,River,-67.1078,3.962
2021-12-14 02:26:12,86.816,0.003,16345,"Orinoco, River",South America,Venezuela,River,-67.1078,3.962
2022-01-10 02:26:10,85.648,0.017,16345,"Orinoco, River",South America,Venezuela,River,-67.1078,3.962
2022-02-06 02:26:08,84.979,0.005,16345,"Orinoco, River",South America,Venezuela,River,-67.1078,3.962
2022-03-05 02:26:11,85.637,0.016,16345,"Orinoco, River",South America,Venezuela,River,-67.1078,3.962
2022-04-01 02:26:11,86.635,0.026,16345,"Orinoco, River",South America,Venezuela,River,-67.1078,3.962
2022-04-28 02:26:14,86.022,0.006,16345,"Orinoco, River",South America,Venezuela,River,-67.1078,3.962
2022-05-25 02:26:18,88.786,0.008,16345,"Orinoco, River",South America,Venezuela,River,-67.1078,3.962
2022-06-21 02:26:22,90.102,0.011,16345,"Orinoco, River",South America,Venezuela,River,-67.1078,3.962
2022-07-18 02:26:25,90.965,0.006,16345,"Orinoco, River",South America,Venezuela,River,-67.1078,3.962
2022-08-14 02:26:24,90.43,0.0,16345,"Orinoco, River",South America,Venezuela,River,-67.1078,3.962
2022-09-10 02:26:24,89.174,0.017,16345,"Orinoco, River",South America,Venezuela,River,-67.1078,3.962
2022-10-07 02:26:20,87.825,0.002,16345,"Orinoco, River",South America,Venezuela,River,-67.1078,3.962
2022-11-03 02:26:25,87.599,0.007,16345,"Orinoco, River",South America,Venezuela,River,-67.1078,3.962
2022-11-30 02:26:25,87.572,0.033,16345,"Orinoco, River",South America,Venezuela,River,-67.1078,3.962
2022-12-27 02:26:24,85.9,0.023,16345,"Orinoco, River",South America,Venezuela,River,-67.1078,3.962
2023-01-23 02:26:19,86.627,0.009,16345,"Orinoco, River",South America,Venezuela,River,-67.1078,3.962
2023-02-19 02:26:24,85.202,0.022,16345,"Orinoco, River",South America,Venezuela,River,-67.1078,3.962
2023-03-18 02:26:23,85.425,0.019,16345,"Orinoco, River",South America,Venezuela,River,-67.1078,3.962
2023-04-14 02:26:23,84.756,0.018,16345,"Orinoco, River",South America,Venezuela,River,-67.1078,3.962
2023-05-11 02:26:26,85.678,0.003,16345,"Orinoco, River",South America,Venezuela,River,-67.1078,3.962
2023-06-07 02:26:29,88.4,0.014,16345,"Orinoco, River",South America,Venezuela,River,-67.1078,3.962
2023-07-04 02:26:32,89.26,0.003,16345,"Orinoco, River",South America,Venezuela,River,-67.1078,3.962
2023-07-31 02:26:33,90.262,0.004,16345,"Orinoco, River",South America,Venezuela,River,-67.1078,3.962
2023-08-27 02:26:33,89.079,0.004,16345,"Orinoco, River",South America,Venezuela,River,-67.1078,3.962
2023-09-23 02:26:29,86.638,0.024,16345,"Orinoco, River",South America,Venezuela,River,-67.1078,3.962
2023-10-20 02:26:35,85.785,0.018,16345,"Orinoco, River",South America,Venezuela,River,-67.1078,3.962
2023-11-16 02:26:35,85.986,0.001,16345,"Orinoco, River",South America,Venezuela,River,-67.1078,3.962
2023-12-13 02:26:34,85.187,0.013,16345,"Orinoco, River",South America,Venezuela,River,-67.1078,3.962
2024-01-09 02:26:30,85.168,0.015,16345,"Orinoco, River",South America,Venezuela,River,-67.1078,3.962
2024-04-26 02:26:37,85.417,0.001,16345,"Orinoco, River",South America,Venezuela,River,-67.1078,3.962
2024-05-23 02:26:41,88.305,0.006,16345,"Orinoco, River",South America,Venezuela,River,-67.1078,3.962
2024-06-19 02:26:44,90.551,0.008,16345,"Orinoco, River",South America,Venezuela,River,-67.1078,3.962
2024-07-16 02:26:47,90.754,0.024,16345,"Orinoco, River",South America,Venezuela,River,-67.1078,3.962
2024-08-12 02:26:47,91.369,0.001,16345,"Orinoco, River",South America,Venezuela,River,-67.1078,3.962
2024-09-08 02:26:47,89.257,0.011,16345,"Orinoco, River",South America,Venezuela,River,-67.1078,3.962
2024-10-05 02:26:41,87.55,0.031,16345,"Orinoco, River",South America,Venezuela,River,-67.1078,3.962
2024-11-01 02:26:46,86.714,0.0,16345,"Orinoco, River",South America,Venezuela,River,-67.1078,3.962
2024-11-28 02:26:48,86.753,0.012,16345,"Orinoco, River",South America,Venezuela,River,-67.1078,3.962
2024-12-25 02:26:46,85.993,0.006,16345,"Orinoco, River",South America,Venezuela,River,-67.1078,3.962
2025-01-21 02:26:43,85.312,0.003,16345,"Orinoco, River",South America,Venezuela,River,-67.1078,3.962
2025-02-17 02:26:47,85.186,0.002,16345,"Orinoco, River",South America,Venezuela,River,-67.1078,3.962
2025-03-16 02:26:47,85.395,0.011,16345,"Orinoco, River",South America,Venezuela,River,-67.1078,3.962
2025-04-12 02:26:46,87.405,0.008,16345,"Orinoco, River",South America,Venezuela,River,-67.1078,3.962
2025-05-09 02:26:49,87.672,0.0,16345,"Orinoco, River",South America,Venezuela,River,-67.1078,3.962
2025-06-05 02:26:52,90.026,0.005,16345,"Orinoco, River",South America,Venezuela,River,-67.1078,3.962
2025-07-02 02:26:58,90.735,0.022,16345,"Orinoco, River",South America,Venezuela,River,-67.1078,3.962
2025-08-25 02:27:01,90.489,0.017,16345,"Orinoco, River",South America,Venezuela,River,-67.1078,3.962
2025-09-21 02:26:59,89.396,0.004,16345,"Orinoco, River",South America,Venezuela,River,-67.1078,3.962
2025-10-18 02:26:57,87.884,0.028,16345,"Orinoco, River",South America,Venezuela,River,-67.1078,3.962
2025-11-14 02:27:01,87.301,0.002,16345,"Orinoco, River",South America,Venezuela,River,-67.1078,3.962
2018-11-26 02:08:18,9.283,0.014,15677,"Orinoco, River",South America,Venezuela,River,-63.3801,8.2184
2018-12-23 02:08:20,6.022,0.012,15677,"Orinoco, River",South America,Venezuela,River,-63.3801,8.2184
2019-01-19 02:08:22,4.102,0.01,15677,"Orinoco, River",South America,Venezuela,River,-63.3801,8.2184
2019-02-15 02:08:22,3.628,0.054,15677,"Orinoco, River",South America,Venezuela,River,-63.3801,8.2184
2019-03-14 02:08:27,4.26,0.484,15677,"Orinoco, River",South America,Venezuela,River,-63.3801,8.2184
2019-04-10 02:08:28,3.435,0.055,15677,"Orinoco, River",South America,Venezuela,River,-63.3801,8.2184
2019-05-07 02:08:27,5.247,0.038,15677,"Orinoco, River",South America,Venezuela,River,-63.3801,8.2184
2019-06-03 02:08:22,8.928,0.001,15677,"Orinoco, River",South America,Venezuela,River,-63.3801,8.2184
2019-06-30 02:08:22,11.808,0.017,15677,"Orinoco, River",South America,Venezuela,River,-63.3801,8.2184
2019-07-27 02:08:24,14.011,0.004,15677,"Orinoco, River",South America,Venezuela,River,-63.3801,8.2184
2019-08-23 02:08:23,15.697,0.015,15677,"Orinoco, River",South America,Venezuela,River,-63.3801,8.2184
2019-10-16 02:08:18,11.786,0.006,15677,"Orinoco, River",South America,Venezuela,River,-63.3801,8.2184
2019-11-12 02:08:23,10.51,0.128,15677,"Orinoco, River",South America,Venezuela,River,-63.3801,8.2184
2019-12-09 02:08:24,8.283,0.006,15677,"Orinoco, River",South America,Venezuela,River,-63.3801,8.2184
2020-01-05 02:08:23,6.533,0.039,15677,"Orinoco, River",South America,Venezuela,River,-63.3801,8.2184
2020-02-01 02:08:20,4.514,0.05,15677,"Orinoco, River",South America,Venezuela,River,-63.3801,8.2184
2020-02-28 02:08:23,4.787,0.832,15677,"Orinoco, River",South America,Venezuela,River,-63.3801,8.2184
2020-03-26 02:08:25,4.097,0.447,15677,"Orinoco, River",South America,Venezuela,River,-63.3801,8.2184
2020-04-22 02:08:27,3.47,0.019,15677,"Orinoco, River",South America,Venezuela,River,-63.3801,8.2184
2020-05-19 02:08:30,5.39,0.007,15677,"Orinoco, River",South America,Venezuela,River,-63.3801,8.2184
2020-06-15 02:08:33,9.069,0.004,15677,"Orinoco, River",South America,Venezuela,River,-63.3801,8.2184
2020-07-12 02:08:35,11.222,0.009,15677,"Orinoco, River",South America,Venezuela,River,-63.3801,8.2184
2020-08-08 02:08:35,13.332,0.008,15677,"Orinoco, River",South America,Venezuela,River,-63.3801,8.2184
2020-09-04 02:08:34,13.244,0.036,15677,"Orinoco, River",South America,Venezuela,River,-63.3801,8.2184
2020-10-28 02:08:34,10.818,0.261,15677,"Orinoco, River",South America,Venezuela,River,-63.3801,8.2184
2020-11-24 02:08:37,10.311,0.038,15677,"Orinoco, River",South America,Venezuela,River,-63.3801,8.2184
2020-12-21 02:08:35,9.221,0.18,15677,"Orinoco, River",South America,Venezuela,River,-63.3801,8.2184
2021-01-17 02:08:34,7.307,0.026,15677,"Orinoco, River",South America,Venezuela,River,-63.3801,8.2184
2021-02-13 02:08:32,4.801,0.001,15677,"Orinoco, River",South America,Venezuela,River,-63.3801,8.2184
2021-03-12 02:08:35,3.913,0.056,15677,"Orinoco, River",South America,Venezuela,River,-63.3801,8.2184
2021-04-08 02:08:33,4.907,0.018,15677,"Orinoco, River",South America,Venezuela,River,-63.3801,8.2184
2021-05-05 02:08:36,8.389,0.025,15677,"Orinoco, River",South America,Venezuela,River,-63.3801,8.2184
2021-06-01 02:08:40,11.577,0.017,15677,"Orinoco, River",South America,Venezuela,River,-63.3801,8.2184
2021-06-28 02:08:44,13.896,0.015,15677,"Orinoco, River",South America,Venezuela,River,-63.3801,8.2184
2021-07-25 02:08:44,14.552,0.004,15677,"Orinoco, River",South America,Venezuela,River,-63.3801,8.2184
2021-08-21 02:08:46,16.188,0.009,15677,"Orinoco, River",South America,Venezuela,River,-63.3801,8.2184
2021-09-17 02:08:44,15.166,0.038,15677,"Orinoco, River",South America,Venezuela,River,-63.3801,8.2184
2021-10-14 02:08:40,13.562,0.018,15677,"Orinoco, River",South America,Venezuela,River,-63.3801,8.2184
2021-11-10 02:08:41,11.389,0.043,15677,"Orinoco, River",South America,Venezuela,River,-63.3801,8.2184
2021-12-07 02:08:42,8.358,0.083,15677,"Orinoco, River",South America,Venezuela,River,-63.3801,8.2184
2022-01-03 02:08:41,6.286,0.024,15677,"Orinoco, River",South America,Venezuela,River,-63.3801,8.2184
2022-01-30 02:08:37,4.059,0.036,15677,"Orinoco, River",South America,Venezuela,River,-63.3801,8.2184
2022-02-26 02:08:41,3.3,0.001,15677,"Orinoco, River",South America,Venezuela,River,-63.3801,8.2184
2022-03-25 02:08:40,5.428,0.035,15677,"Orinoco, River",South America,Venezuela,River,-63.3801,8.2184
2022-04-21 02:08:43,5.693,0.049,15677,"Orinoco, River",South America,Venezuela,River,-63.3801,8.2184
2022-05-18 02:08:48,9.018,0.026,15677,"Orinoco, River",South America,Venezuela,River,-63.3801,8.2184
2022-06-14 02:08:52,12.106,0.032,15677,"Orinoco, River",South America,Venezuela,River,-63.3801,8.2184
2022-08-07 02:08:54,15.086,0.411,15677,"Orinoco, River",South America,Venezuela,River,-63.3801,8.2184
2022-09-03 02:08:55,15.675,0.021,15677,"Orinoco, River",South America,Venezuela,River,-63.3801,8.2184
2022-09-30 02:08:51,14.502,0.004,15677,"Orinoco, River",South America,Venezuela,River,-63.3801,8.2184
2022-11-23 02:08:53,11.556,0.008,15677,"Orinoco, River",South America,Venezuela,River,-63.3801,8.2184
2022-12-20 02:08:53,9.059,0.025,15677,"Orinoco, River",South America,Venezuela,River,-63.3801,8.2184
2023-01-16 02:08:50,5.96,0.067,15677,"Orinoco, River",South America,Venezuela,River,-63.3801,8.2184
2023-02-12 02:08:54,4.471,0.023,15677,"Orinoco, River",South America,Venezuela,River,-63.3801,8.2184
2023-03-11 02:08:53,3.804,0.017,15677,"Orinoco, River",South America,Venezuela,River,-63.3801,8.2184
2023-04-07 02:08:51,4.383,0.149,15677,"Orinoco, River",South America,Venezuela,River,-63.3801,8.2184
2023-05-04 02:08:56,5.653,0.073,15677,"Orinoco, River",South America,Venezuela,River,-63.3801,8.2184
2023-05-31 02:08:59,8.544,0.02,15677,"Orinoco, River",South America,Venezuela,River,-63.3801,8.2184
2023-06-27 02:09:01,12.561,0.089,15677,"Orinoco, River",South America,Venezuela,River,-63.3801,8.2184
2023-07-24 02:09:03,13.718,0.114,15677,"Orinoco, River",South America,Venezuela,River,-63.3801,8.2184
2023-08-20 02:09:04,14.552,0.005,15677,"Orinoco, River",South America,Venezuela,River,-63.3801,8.2184
2023-09-16 02:09:00,12.731,0.065,15677,"Orinoco, River",South America,Venezuela,River,-63.3801,8.2184
2023-11-09 02:09:06,7.596,0.018,15677,"Orinoco, River",South America,Venezuela,River,-63.3801,8.2184
2023-12-06 02:09:03,6.645,0.017,15677,"Orinoco, River",South America,Venezuela,River,-63.3801,8.2184
2024-01-02 02:09:01,5.155,0.033,15677,"Orinoco, River",South America,Venezuela,River,-63.3801,8.2184
2024-01-29 02:09:01,3.825,0.027,15677,"Orinoco, River",South America,Venezuela,River,-63.3801,8.2184
2024-02-25 02:09:04,3.619,0.029,15677,"Orinoco, River",South America,Venezuela,River,-63.3801,8.2184
2024-03-23 02:09:02,3.047,0.357,15677,"Orinoco, River",South America,Venezuela,River,-63.3801,8.2184
2024-04-19 02:09:06,3.954,0.004,15677,"Orinoco, River",South America,Venezuela,River,-63.3801,8.2184
2024-05-16 02:09:10,7.221,0.028,15677,"Orinoco, River",South America,Venezuela,River,-63.3801,8.2184
2024-06-12 02:09:16,11.556,0.043,15677,"Orinoco, River",South America,Venezuela,River,-63.3801,8.2184
2024-07-09 02:09:16,14.164,0.08,15677,"Orinoco, River",South America,Venezuela,River,-63.3801,8.2184
2024-08-05 02:09:18,16.268,0.011,15677,"Orinoco, River",South America,Venezuela,River,-63.3801,8.2184
2024-09-01 02:09:18,15.001,0.101,15677,"Orinoco, River",South America,Venezuela,River,-63.3801,8.2184
2024-09-28 02:09:13,12.123,0.162,15677,"Orinoco, River",South America,Venezuela,River,-63.3801,8.2184
2024-10-25 02:09:15,9.107,0.006,15677,"Orinoco, River",South America,Venezuela,River,-63.3801,8.2184
2024-11-21 02:09:18,7.606,0.049,15677,"Orinoco, River",South America,Venezuela,River,-63.3801,8.2184
2024-12-18 02:09:15,7.137,0.017,15677,"Orinoco, River",South America,Venezuela,River,-63.3801,8.2184
2025-01-14 02:09:14,6.622,0.037,15677,"Orinoco, River",South America,Venezuela,River,-63.3801,8.2184
2025-02-10 02:09:14,4.764,0.024,15677,"Orinoco, River",South America,Venezuela,River,-63.3801,8.2184
2025-03-09 02:09:17,4.413,0.049,15677,"Orinoco, River",South America,Venezuela,River,-63.3801,8.2184
2025-04-05 02:09:16,5.59,0.015,15677,"Orinoco, River",South America,Venezuela,River,-63.3801,8.2184
2025-05-02 02:09:17,7.757,0.016,15677,"Orinoco, River",South America,Venezuela,River,-63.3801,8.2184
2025-05-29 02:09:23,10.67,0.009,15677,"Orinoco, River",South America,Venezuela,River,-63.3801,8.2184
2025-06-25 02:09:26,14.086,0.004,15677,"Orinoco, River",South America,Venezuela,River,-63.3801,8.2184
2025-08-18 02:09:30,17.343,0.003,15677,"Orinoco, River",South America,Venezuela,River,-63.3801,8.2184
2025-10-11 02:09:26,14.612,0.013,15677,"Orinoco, River",South America,Venezuela,River,-63.3801,8.2184
2018-12-03 02:26:22,43.937,0.004,16344,"Orinoco, River",South America,Colombia,River,-67.5384,5.8978
2018-12-30 02:26:23,41.007,0.03,16344,"Orinoco, River",South America,Colombia,River,-67.5384,5.8978
2019-01-26 02:26:25,40.101,0.023,16344,"Orinoco, River",South America,Colombia,River,-67.5384,5.8978
2019-02-22 02:26:26,39.848,0.007,16344,"Orinoco, River",South America,Colombia,River,-67.5384,5.8978
2019-03-21 02:26:30,39.455,0.013,16344,"Orinoco, River",South America,Colombia,River,-67.5384,5.8978
2019-04-17 02:26:31,39.887,0.004,16344,"Orinoco, River",South America,Colombia,River,-67.5384,5.8978
2019-05-14 02:26:29,43.137,0.0,16344,"Orinoco, River",South America,Colombia,River,-67.5384,5.8978
2019-06-10 02:26:24,46.617,0.002,16344,"Orinoco, River",South America,Colombia,River,-67.5384,5.8978
2019-07-07 02:26:25,49.95,0.05,16344,"Orinoco, River",South America,Colombia,River,-67.5384,5.8978
2019-08-03 02:26:27,50.326,0.0,16344,"Orinoco, River",South America,Colombia,River,-67.5384,5.8978
2019-08-30 02:26:25,50.722,0.002,16344,"Orinoco, River",South America,Colombia,River,-67.5384,5.8978
2019-09-26 02:26:24,47.916,0.001,16344,"Orinoco, River",South America,Colombia,River,-67.5384,5.8978
2019-10-23 02:26:22,46.166,0.002,16344,"Orinoco, River",South America,Colombia,River,-67.5384,5.8978
2019-11-19 02:26:26,45.071,0.001,16344,"Orinoco, River",South America,Colombia,River,-67.5384,5.8978
2019-12-16 02:26:27,43.117,0.028,16344,"Orinoco, River",South America,Colombia,River,-67.5384,5.8978
2020-01-12 02:26:25,42.13,0.01,16344,"Orinoco, River",South America,Colombia,River,-67.5384,5.8978
2020-02-08 02:26:23,40.422,0.023,16344,"Orinoco, River",South America,Colombia,River,-67.5384,5.8978
2020-03-06 02:26:26,39.525,0.001,16344,"Orinoco, River",South America,Colombia,River,-67.5384,5.8978
2020-04-02 02:26:27,39.216,0.007,16344,"Orinoco, River",South America,Colombia,River,-67.5384,5.8978
2020-04-29 02:26:31,40.442,0.004,16344,"Orinoco, River",South America,Colombia,River,-67.5384,5.8978
2020-05-26 02:26:33,44.093,0.001,16344,"Orinoco, River",South America,Colombia,River,-67.5384,5.8978
2020-06-22 02:26:37,46.735,0.001,16344,"Orinoco, River",South America,Colombia,River,-67.5384,5.8978
2020-07-19 02:26:38,49.012,0.0,16344,"Orinoco, River",South America,Colombia,River,-67.5384,5.8978
2020-08-15 02:26:38,48.482,0.001,16344,"Orinoco, River",South America,Colombia,River,-67.5384,5.8978
2020-09-11 02:26:36,46.887,0.001,16344,"Orinoco, River",South America,Colombia,River,-67.5384,5.8978
2020-10-08 02:26:32,45.049,0.0,16344,"Orinoco, River",South America,Colombia,River,-67.5384,5.8978
2020-11-04 02:26:38,44.549,0.0,16344,"Orinoco, River",South America,Colombia,River,-67.5384,5.8978
2020-12-01 02:26:39,44.469,0.0,16344,"Orinoco, River",South America,Colombia,River,-67.5384,5.8978
2020-12-28 02:26:38,43.697,0.022,16344,"Orinoco, River",South America,Colombia,River,-67.5384,5.8978
2021-01-24 02:26:36,42.103,0.018,16344,"Orinoco, River",South America,Colombia,River,-67.5384,5.8978
2021-02-20 02:26:36,40.29,0.004,16344,"Orinoco, River",South America,Colombia,River,-67.5384,5.8978
2021-03-19 02:26:37,40.386,0.003,16344,"Orinoco, River",South America,Colombia,River,-67.5384,5.8978
2021-04-15 02:26:35,43.071,0.002,16344,"Orinoco, River",South America,Colombia,River,-67.5384,5.8978
2021-05-12 02:26:39,45.723,0.008,16344,"Orinoco, River",South America,Colombia,River,-67.5384,5.8978
2021-06-08 02:26:44,49.128,0.003,16344,"Orinoco, River",South America,Colombia,River,-67.5384,5.8978
2021-07-05 02:26:47,49.957,0.001,16344,"Orinoco, River",South America,Colombia,River,-67.5384,5.8978
2021-08-01 02:26:48,50.646,0.001,16344,"Orinoco, River",South America,Colombia,River,-67.5384,5.8978
2021-08-28 02:26:49,49.789,0.001,16344,"Orinoco, River",South America,Colombia,River,-67.5384,5.8978
2021-09-24 02:26:46,48.673,0.004,16344,"Orinoco, River",South America,Colombia,River,-67.5384,5.8978
2021-10-21 02:26:41,46.386,0.009,16344,"Orinoco, River",South America,Colombia,River,-67.5384,5.8978
2021-11-17 02:26:44,44.825,0.002,16344,"Orinoco, River",South America,Colombia,River,-67.5384,5.8978
2021-12-14 02:26:45,43.189,0.004,16344,"Orinoco, River",South America,Colombia,River,-67.5384,5.8978
2022-01-10 02:26:43,41.009,0.016,16344,"Orinoco, River",South America,Colombia,River,-67.5384,5.8978
2022-02-06 02:26:40,39.554,0.005,16344,"Orinoco, River",South America,Colombia,River,-67.5384,5.8978
2022-03-05 02:26:43,40.121,0.0,16344,"Orinoco, River",South America,Colombia,River,-67.5384,5.8978
2022-04-01 02:26:43,42.273,0.007,16344,"Orinoco, River",South America,Colombia,River,-67.5384,5.8978
2022-04-28 02:26:46,42.707,0.001,16344,"Orinoco, River",South America,Colombia,River,-67.5384,5.8978
2022-05-25 02:26:51,47.079,0.001,16344,"Orinoco, River",South America,Colombia,River,-67.5384,5.8978
2022-06-21 02:26:55,49.181,0.003,16344,"Orinoco, River",South America,Colombia,River,-67.5384,5.8978
2022-07-18 02:26:58,50.576,0.003,16344,"Orinoco, River",South America,Colombia,River,-67.5384,5.8978
2022-08-14 02:26:57,50.684,0.001,16344,"Orinoco, River",South America,Colombia,River,-67.5384,5.8978
2022-09-10 02:26:57,49.463,0.001,16344,"Orinoco, River",South America,Colombia,River,-67.5384,5.8978
2022-10-07 02:26:52,46.119,0.006,16344,"Orinoco, River",South America,Colombia,River,-67.5384,5.8978
2022-11-03 02:26:58,45.801,0.013,16344,"Orinoco, River",South America,Colombia,River,-67.5384,5.8978
2022-11-30 02:26:57,45.367,0.017,16344,"Orinoco, River",South America,Colombia,River,-67.5384,5.8978
2022-12-27 02:26:56,41.967,0.02,16344,"Orinoco, River",South America,Colombia,River,-67.5384,5.8978
2023-01-23 02:26:52,41.399,0.005,16344,"Orinoco, River",South America,Colombia,River,-67.5384,5.8978
2023-02-19 02:26:56,40.196,0.007,16344,"Orinoco, River",South America,Colombia,River,-67.5384,5.8978
2023-03-18 02:26:56,40.51,0.003,16344,"Orinoco, River",South America,Colombia,River,-67.5384,5.8978
2023-04-14 02:26:56,40.576,0.002,16344,"Orinoco, River",South America,Colombia,River,-67.5384,5.8978
2023-05-11 02:26:58,42.449,0.003,16344,"Orinoco, River",South America,Colombia,River,-67.5384,5.8978
2023-06-07 02:27:02,46.592,0.01,16344,"Orinoco, River",South America,Colombia,River,-67.5384,5.8978
2023-07-04 02:27:05,48.188,0.018,16344,"Orinoco, River",South America,Colombia,River,-67.5384,5.8978
2023-07-31 02:27:06,49.485,0.0,16344,"Orinoco, River",South America,Colombia,River,-67.5384,5.8978
2023-08-27 02:27:06,48.798,0.0,16344,"Orinoco, River",South America,Colombia,River,-67.5384,5.8978
2023-09-23 02:27:02,44.483,0.002,16344,"Orinoco, River",South America,Colombia,River,-67.5384,5.8978
2023-10-20 02:27:07,42.296,0.001,16344,"Orinoco, River",South America,Colombia,River,-67.5384,5.8978
2023-11-16 02:27:07,42.815,0.006,16344,"Orinoco, River",South America,Colombia,River,-67.5384,5.8978
2023-12-13 02:27:07,41.398,0.001,16344,"Orinoco, River",South America,Colombia,River,-67.5384,5.8978
2024-01-09 02:27:03,40.972,0.004,16344,"Orinoco, River",South America,Colombia,River,-67.5384,5.8978
2024-02-05 02:27:05,39.416,0.001,16344,"Orinoco, River",South America,Colombia,River,-67.5384,5.8978
2024-03-03 02:27:08,39.514,0.021,16344,"Orinoco, River",South America,Colombia,River,-67.5384,5.8978
2024-03-30 02:27:04,39.2,0.002,16344,"Orinoco, River",South America,Colombia,River,-67.5384,5.8978
2024-04-26 02:27:10,41.109,0.0,16344,"Orinoco, River",South America,Colombia,River,-67.5384,5.8978
2024-05-23 02:27:13,46.076,0.002,16344,"Orinoco, River",South America,Colombia,River,-67.5384,5.8978
2024-06-19 02:27:17,49.305,0.001,16344,"Orinoco, River",South America,Colombia,River,-67.5384,5.8978
2024-07-16 02:27:20,51.026,0.0,16344,"Orinoco, River",South America,Colombia,River,-67.5384,5.8978
2024-08-12 02:27:19,50.169,0.009,16344,"Orinoco, River",South America,Colombia,River,-67.5384,5.8978
2024-09-08 02:27:19,47.623,0.002,16344,"Orinoco, River",South America,Colombia,River,-67.5384,5.8978
2024-10-05 02:27:14,44.279,0.005,16344,"Orinoco, River",South America,Colombia,River,-67.5384,5.8978
2024-11-01 02:27:18,42.831,0.005,16344,"Orinoco, River",South America,Colombia,River,-67.5384,5.8978
2024-11-28 02:27:21,43.787,0.001,16344,"Orinoco, River",South America,Colombia,River,-67.5384,5.8978
2024-12-25 02:27:18,42.076,0.001,16344,"Orinoco, River",South America,Colombia,River,-67.5384,5.8978
2025-01-21 02:27:16,41.943,0.016,16344,"Orinoco, River",South America,Colombia,River,-67.5384,5.8978
2025-02-17 02:27:19,40.529,0.004,16344,"Orinoco, River",South America,Colombia,River,-67.5384,5.8978
2025-03-16 02:27:19,41.009,0.008,16344,"Orinoco, River",South America,Colombia,River,-67.5384,5.8978
2025-04-12 02:27:18,43.208,0.001,16344,"Orinoco, River",South America,Colombia,River,-67.5384,5.8978
2025-05-09 02:27:22,45.406,0.001,16344,"Orinoco, River",South America,Colombia,River,-67.5384,5.8978
2025-06-05 02:27:25,49.296,0.002,16344,"Orinoco, River",South America,Colombia,River,-67.5384,5.8978
2025-07-02 02:27:31,51.797,0.001,16344,"Orinoco, River",South America,Colombia,River,-67.5384,5.8978
2025-07-29 02:27:32,52.35,0.0,16344,"Orinoco, River",South America,Colombia,River,-67.5384,5.8978
2025-08-25 02:27:34,51.404,0.004,16344,"Orinoco, River",South America,Colombia,River,-67.5384,5.8978
2025-09-21 02:27:32,49.595,0.005,16344,"Orinoco, River",South America,Colombia,River,-67.5384,5.8978
2025-10-18 02:27:30,47.15,0.011,16344,"Orinoco, River",South America,Colombia,River,-67.5384,5.8978
2025-11-14 02:27:34,45.684,0.007,16344,"Orinoco, River",South America,Colombia,River,-67.5384,5.8978
2018-12-08 14:30:59,84.162,0.022,16864,"Orinoco, River",South America,Venezuela,River,-67.2052,3.9591
2019-01-04 14:31:02,83.251,0.002,16864,"Orinoco, River",South America,Venezuela,River,-67.2052,3.9591
2019-01-31 14:31:02,83.043,0.044,16864,"Orinoco, River",South America,Venezuela,River,-67.2052,3.9591
2019-04-22 14:31:08,83.136,0.007,16864,"Orinoco, River",South America,Venezuela,River,-67.2052,3.9591
2019-05-19 14:31:06,85.627,0.0,16864,"Orinoco, River",South America,Venezuela,River,-67.2052,3.9591
2019-06-15 14:31:01,87.833,0.01,16864,"Orinoco, River",South America,Venezuela,River,-67.2052,3.9591
2019-07-12 14:31:03,88.541,0.0,16864,"Orinoco, River",South America,Venezuela,River,-67.2052,3.9591
2019-08-08 14:31:04,89.181,0.004,16864,"Orinoco, River",South America,Venezuela,River,-67.2052,3.9591
2019-09-04 14:31:03,89.145,0.013,16864,"Orinoco, River",South America,Venezuela,River,-67.2052,3.9591
2019-10-01 14:31:02,86.864,0.013,16864,"Orinoco, River",South America,Venezuela,River,-67.2052,3.9591
2019-10-28 14:31:01,86.425,0.008,16864,"Orinoco, River",South America,Venezuela,River,-67.2052,3.9591
2019-11-24 14:31:04,84.996,0.008,16864,"Orinoco, River",South America,Venezuela,River,-67.2052,3.9591
2019-12-21 14:31:04,84.939,0.006,16864,"Orinoco, River",South America,Venezuela,River,-67.2052,3.9591
2020-01-17 14:31:03,83.296,0.001,16864,"Orinoco, River",South America,Venezuela,River,-67.2052,3.9591
2020-02-13 14:31:01,83.053,0.022,16864,"Orinoco, River",South America,Venezuela,River,-67.2052,3.9591
2020-04-07 14:31:05,83.086,0.001,16864,"Orinoco, River",South America,Venezuela,River,-67.2052,3.9591
2020-05-04 14:31:09,83.939,0.004,16864,"Orinoco, River",South America,Venezuela,River,-67.2052,3.9591
2020-05-31 14:31:12,86.366,0.001,16864,"Orinoco, River",South America,Venezuela,River,-67.2052,3.9591
2020-06-27 14:31:15,87.83,0.004,16864,"Orinoco, River",South America,Venezuela,River,-67.2052,3.9591
2020-07-24 14:31:15,88.765,0.01,16864,"Orinoco, River",South America,Venezuela,River,-67.2052,3.9591
2020-08-20 14:31:15,88.717,0.005,16864,"Orinoco, River",South America,Venezuela,River,-67.2052,3.9591
2020-09-16 14:31:13,87.953,0.002,16864,"Orinoco, River",South America,Venezuela,River,-67.2052,3.9591
2020-10-13 14:31:12,86.325,0.004,16864,"Orinoco, River",South America,Venezuela,River,-67.2052,3.9591
2020-11-09 14:31:16,86.147,0.005,16864,"Orinoco, River",South America,Venezuela,River,-67.2052,3.9591
2020-12-06 14:31:16,86.669,0.008,16864,"Orinoco, River",South America,Venezuela,River,-67.2052,3.9591
2021-01-02 14:31:16,85.822,0.001,16864,"Orinoco, River",South America,Venezuela,River,-67.2052,3.9591
2021-01-29 14:31:12,84.314,0.005,16864,"Orinoco, River",South America,Venezuela,River,-67.2052,3.9591
2021-02-25 14:31:14,83.286,0.003,16864,"Orinoco, River",South America,Venezuela,River,-67.2052,3.9591
2021-03-24 14:31:15,83.779,0.018,16864,"Orinoco, River",South America,Venezuela,River,-67.2052,3.9591
2021-04-20 14:31:14,85.461,0.002,16864,"Orinoco, River",South America,Venezuela,River,-67.2052,3.9591
2021-05-17 14:31:17,87.151,0.006,16864,"Orinoco, River",South America,Venezuela,River,-67.2052,3.9591
2021-06-13 14:31:23,89.154,0.004,16864,"Orinoco, River",South America,Venezuela,River,-67.2052,3.9591
2021-07-10 14:31:24,89.244,0.016,16864,"Orinoco, River",South America,Venezuela,River,-67.2052,3.9591
2021-08-06 14:31:26,89.802,0.005,16864,"Orinoco, River",South America,Venezuela,River,-67.2052,3.9591
2021-09-02 14:31:26,89.377,0.014,16864,"Orinoco, River",South America,Venezuela,River,-67.2052,3.9591
2021-09-29 14:31:23,88.269,0.012,16864,"Orinoco, River",South America,Venezuela,River,-67.2052,3.9591
2021-10-26 14:31:20,86.517,0.007,16864,"Orinoco, River",South America,Venezuela,River,-67.2052,3.9591
2021-11-22 14:31:22,85.071,0.003,16864,"Orinoco, River",South America,Venezuela,River,-67.2052,3.9591
2021-12-19 14:31:23,85.335,0.047,16864,"Orinoco, River",South America,Venezuela,River,-67.2052,3.9591
2022-01-15 14:31:20,83.727,0.019,16864,"Orinoco, River",South America,Venezuela,River,-67.2052,3.9591
2022-02-11 14:31:20,83.392,0.039,16864,"Orinoco, River",South America,Venezuela,River,-67.2052,3.9591
2022-03-10 14:31:21,84.163,0.032,16864,"Orinoco, River",South America,Venezuela,River,-67.2052,3.9591
2022-04-06 14:31:20,85.024,0.007,16864,"Orinoco, River",South America,Venezuela,River,-67.2052,3.9591
2022-05-03 14:31:26,85.009,0.019,16864,"Orinoco, River",South America,Venezuela,River,-67.2052,3.9591
2022-05-30 14:31:30,87.713,0.003,16864,"Orinoco, River",South America,Venezuela,River,-67.2052,3.9591
2022-06-26 14:31:32,89.305,0.014,16864,"Orinoco, River",South America,Venezuela,River,-67.2052,3.9591
2022-07-23 14:31:35,89.885,0.002,16864,"Orinoco, River",South America,Venezuela,River,-67.2052,3.9591
2022-08-19 14:31:35,89.143,0.011,16864,"Orinoco, River",South America,Venezuela,River,-67.2052,3.9591
2022-09-15 14:31:33,87.99,0.014,16864,"Orinoco, River",South America,Venezuela,River,-67.2052,3.9591
2022-10-12 14:31:31,86.801,0.004,16864,"Orinoco, River",South America,Venezuela,River,-67.2052,3.9591
2022-11-08 14:31:36,86.494,0.0,16864,"Orinoco, River",South America,Venezuela,River,-67.2052,3.9591
2022-12-05 14:31:36,86.322,0.029,16864,"Orinoco, River",South America,Venezuela,River,-67.2052,3.9591
2023-01-01 14:31:33,84.127,0.004,16864,"Orinoco, River",South America,Venezuela,River,-67.2052,3.9591
2023-01-28 14:31:32,84.891,0.004,16864,"Orinoco, River",South America,Venezuela,River,-67.2052,3.9591
2023-02-24 14:31:35,83.625,0.013,16864,"Orinoco, River",South America,Venezuela,River,-67.2052,3.9591
2023-03-23 14:31:33,83.454,0.024,16864,"Orinoco, River",South America,Venezuela,River,-67.2052,3.9591
2023-04-19 14:31:34,83.626,0.01,16864,"Orinoco, River",South America,Venezuela,River,-67.2052,3.9591
2023-05-16 14:31:38,85.728,0.02,16864,"Orinoco, River",South America,Venezuela,River,-67.2052,3.9591
2023-06-12 14:31:41,87.291,0.001,16864,"Orinoco, River",South America,Venezuela,River,-67.2052,3.9591
2023-07-09 14:31:44,88.666,0.009,16864,"Orinoco, River",South America,Venezuela,River,-67.2052,3.9591
2023-08-05 14:31:44,89.221,0.006,16864,"Orinoco, River",South America,Venezuela,River,-67.2052,3.9591
2023-09-01 14:31:42,87.458,0.006,16864,"Orinoco, River",South America,Venezuela,River,-67.2052,3.9591
2023-09-28 14:31:40,85.357,0.02,16864,"Orinoco, River",South America,Venezuela,River,-67.2052,3.9591
2023-10-25 14:31:46,84.65,0.004,16864,"Orinoco, River",South America,Venezuela,River,-67.2052,3.9591
2023-11-21 14:31:46,83.914,0.001,16864,"Orinoco, River",South America,Venezuela,River,-67.2052,3.9591
2024-01-14 14:31:39,83.161,0.003,16864,"Orinoco, River",South America,Venezuela,River,-67.2052,3.9591
2024-02-10 14:31:44,83.052,0.0,16864,"Orinoco, River",South America,Venezuela,River,-67.2052,3.9591
2024-04-04 14:31:44,83.276,0.025,16864,"Orinoco, River",South America,Venezuela,River,-67.2052,3.9591
2024-05-01 14:31:50,84.034,0.002,16864,"Orinoco, River",South America,Venezuela,River,-67.2052,3.9591
2024-05-28 14:31:53,86.793,0.002,16864,"Orinoco, River",South America,Venezuela,River,-67.2052,3.9591
2024-06-24 14:31:56,89.623,0.01,16864,"Orinoco, River",South America,Venezuela,River,-67.2052,3.9591
2024-07-21 14:31:58,89.732,0.007,16864,"Orinoco, River",South America,Venezuela,River,-67.2052,3.9591
2024-08-17 14:31:56,90.023,0.019,16864,"Orinoco, River",South America,Venezuela,River,-67.2052,3.9591
2024-09-13 14:31:55,87.845,0.014,16864,"Orinoco, River",South America,Venezuela,River,-67.2052,3.9591
2024-10-10 14:31:52,85.874,0.008,16864,"Orinoco, River",South America,Venezuela,River,-67.2052,3.9591
2024-11-06 14:31:57,84.822,0.034,16864,"Orinoco, River",South America,Venezuela,River,-67.2052,3.9591
2024-12-03 14:31:56,84.964,0.006,16864,"Orinoco, River",South America,Venezuela,River,-67.2052,3.9591
2024-12-30 14:31:55,84.902,0.001,16864,"Orinoco, River",South America,Venezuela,River,-67.2052,3.9591
2025-01-26 14:31:53,83.675,0.008,16864,"Orinoco, River",South America,Venezuela,River,-67.2052,3.9591
2025-02-22 14:31:56,84.265,0.005,16864,"Orinoco, River",South America,Venezuela,River,-67.2052,3.9591
2025-03-21 14:31:56,84.702,0.013,16864,"Orinoco, River",South America,Venezuela,River,-67.2052,3.9591
2025-04-17 14:31:55,86.182,0.008,16864,"Orinoco, River",South America,Venezuela,River,-67.2052,3.9591
2025-05-14 14:32:00,86.726,0.013,16864,"Orinoco, River",South America,Venezuela,River,-67.2052,3.9591
2025-06-10 14:32:05,89.223,0.025,16864,"Orinoco, River",South America,Venezuela,River,-67.2052,3.9591
2025-07-07 14:32:09,90.102,0.001,16864,"Orinoco, River",South America,Venezuela,River,-67.2052,3.9591
2025-08-30 14:32:11,89.417,0.013,16864,"Orinoco, River",South America,Venezuela,River,-67.2052,3.9591
2025-09-26 14:32:09,87.803,0.026,16864,"Orinoco, River",South America,Venezuela,River,-67.2052,3.9591
2025-10-23 14:32:09,87.074,0.001,16864,"Orinoco, River",South America,Venezuela,River,-67.2052,3.9591
2025-11-19 14:32:11,86.902,0.001,16864,"Orinoco, River",South America,Venezuela,River,-67.2052,3.9591
2016-06-05 14:16:48,7.822,0.015,14284,"Orinoco, River",South America,Venezuela,River,-62.9593,8.306
2016-07-02 14:16:49,9.985,0.008,14284,"Orinoco, River",South America,Venezuela,River,-62.9593,8.306
2016-07-29 14:16:48,12.028,0.035,14284,"Orinoco, River",South America,Venezuela,River,-62.9593,8.306
2016-08-25 14:16:46,12.88,0.002,14284,"Orinoco, River",South America,Venezuela,River,-62.9593,8.306
2016-09-21 14:16:51,12.247,0.005,14284,"Orinoco, River",South America,Venezuela,River,-62.9593,8.306
2016-10-18 14:16:51,9.74,0.014,14284,"Orinoco, River",South America,Venezuela,River,-62.9593,8.306
2016-11-14 14:16:48,7.421,0.016,14284,"Orinoco, River",South America,Venezuela,River,-62.9593,8.306
2016-12-11 14:16:45,6.551,0.005,14284,"Orinoco, River",South America,Venezuela,River,-62.9593,8.306
2017-01-07 14:16:48,5.471,0.157,14284,"Orinoco, River",South America,Venezuela,River,-62.9593,8.306
2017-02-03 14:16:49,2.84,0.042,14284,"Orinoco, River",South America,Venezuela,River,-62.9593,8.306
2017-03-02 14:16:48,2.164,0.356,14284,"Orinoco, River",South America,Venezuela,River,-62.9593,8.306
2017-03-29 14:16:50,2.625,0.061,14284,"Orinoco, River",South America,Venezuela,River,-62.9593,8.306
2017-06-18 14:16:58,8.613,0.03,14284,"Orinoco, River",South America,Venezuela,River,-62.9593,8.306
2017-07-15 14:16:55,10.993,0.004,14284,"Orinoco, River",South America,Venezuela,River,-62.9593,8.306
2017-08-11 14:16:53,13.364,0.009,14284,"Orinoco, River",South America,Venezuela,River,-62.9593,8.306
2017-09-07 14:16:49,12.284,0.031,14284,"Orinoco, River",South America,Venezuela,River,-62.9593,8.306
2017-10-04 14:16:53,9.594,0.002,14284,"Orinoco, River",South America,Venezuela,River,-62.9593,8.306
2017-10-31 14:16:55,8.435,0.007,14284,"Orinoco, River",South America,Venezuela,River,-62.9593,8.306
2017-11-27 14:16:52,6.613,0.084,14284,"Orinoco, River",South America,Venezuela,River,-62.9593,8.306
2017-12-24 14:16:53,5.834,0.041,14284,"Orinoco, River",South America,Venezuela,River,-62.9593,8.306
2018-02-16 14:16:56,3.685,0.263,14284,"Orinoco, River",South America,Venezuela,River,-62.9593,8.306
2018-05-08 14:16:59,4.64,0.04,14284,"Orinoco, River",South America,Venezuela,River,-62.9593,8.306
2018-06-04 14:16:59,7.85,0.002,14284,"Orinoco, River",South America,Venezuela,River,-62.9593,8.306
2018-07-01 14:17:00,11.013,0.009,14284,"Orinoco, River",South America,Venezuela,River,-62.9593,8.306
2018-07-28 14:16:57,13.483,0.004,14284,"Orinoco, River",South America,Venezuela,River,-62.9593,8.306
2018-08-24 14:16:54,14.251,0.023,14284,"Orinoco, River",South America,Venezuela,River,-62.9593,8.306
2018-09-20 14:16:57,13.644,0.025,14284,"Orinoco, River",South America,Venezuela,River,-62.9593,8.306
2018-10-17 14:17:00,11.18,0.004,14284,"Orinoco, River",South America,Venezuela,River,-62.9593,8.306
2018-11-13 14:16:59,7.988,0.002,14284,"Orinoco, River",South America,Venezuela,River,-62.9593,8.306
2019-01-06 14:16:57,2.495,0.028,14284,"Orinoco, River",South America,Venezuela,River,-62.9593,8.306
2019-05-21 14:17:05,4.574,0.06,14284,"Orinoco, River",South America,Venezuela,River,-62.9593,8.306
2019-06-17 14:17:03,7.492,0.002,14284,"Orinoco, River",South America,Venezuela,River,-62.9593,8.306
2019-07-14 14:17:03,10.52,0.01,14284,"Orinoco, River",South America,Venezuela,River,-62.9593,8.306
2019-08-10 14:17:01,12.487,0.033,14284,"Orinoco, River",South America,Venezuela,River,-62.9593,8.306
2019-09-06 14:16:59,12.465,0.026,14284,"Orinoco, River",South America,Venezuela,River,-62.9593,8.306
2019-10-03 14:17:02,10.96,0.026,14284,"Orinoco, River",South America,Venezuela,River,-62.9593,8.306
2019-10-30 14:17:02,8.336,0.034,14284,"Orinoco, River",South America,Venezuela,River,-62.9593,8.306
2019-11-26 14:16:58,7.132,0.001,14284,"Orinoco, River",South America,Venezuela,River,-62.9593,8.306
2019-12-23 14:16:58,6.025,0.461,14284,"Orinoco, River",South America,Venezuela,River,-62.9593,8.306
2020-01-19 14:17:01,2.87,0.009,14284,"Orinoco, River",South America,Venezuela,River,-62.9593,8.306
2020-05-06 14:17:08,2.187,0.22,14284,"Orinoco, River",South America,Venezuela,River,-62.9593,8.306
2020-06-02 14:17:07,4.986,0.046,14284,"Orinoco, River",South America,Venezuela,River,-62.9593,8.306
2020-06-29 14:17:07,7.439,0.028,14284,"Orinoco, River",South America,Venezuela,River,-62.9593,8.306
2020-07-26 14:17:06,9.651,0.007,14284,"Orinoco, River",South America,Venezuela,River,-62.9593,8.306
2020-08-22 14:17:04,11.502,0.012,14284,"Orinoco, River",South America,Venezuela,River,-62.9593,8.306
2020-09-18 14:17:04,9.48,0.023,14284,"Orinoco, River",South America,Venezuela,River,-62.9593,8.306
2020-10-15 14:17:06,7.747,0.006,14284,"Orinoco, River",South America,Venezuela,River,-62.9593,8.306
2020-11-11 14:17:04,7.518,0.022,14284,"Orinoco, River",South America,Venezuela,River,-62.9593,8.306
2020-12-08 14:16:59,7.57,0.015,14284,"Orinoco, River",South America,Venezuela,River,-62.9593,8.306
2021-04-22 14:17:11,5.378,0.018,14284,"Orinoco, River",South America,Venezuela,River,-62.9593,8.306
2021-05-19 14:17:12,8.11,0.029,14284,"Orinoco, River",South America,Venezuela,River,-62.9593,8.306
2021-06-15 14:17:13,10.725,0.022,14284,"Orinoco, River",South America,Venezuela,River,-62.9593,8.306
2021-07-12 14:17:13,11.449,0.002,14284,"Orinoco, River",South America,Venezuela,River,-62.9593,8.306
2021-08-08 14:17:09,12.962,0.008,14284,"Orinoco, River",South America,Venezuela,River,-62.9593,8.306
2021-09-04 14:17:07,13.44,0.028,14284,"Orinoco, River",South America,Venezuela,River,-62.9593,8.306
2021-10-01 14:17:10,11.484,0.004,14284,"Orinoco, River",South America,Venezuela,River,-62.9593,8.306
2021-10-28 14:17:10,9.772,0.024,14284,"Orinoco, River",South America,Venezuela,River,-62.9593,8.306
2022-03-12 14:17:10,2.153,0.459,14284,"Orinoco, River",South America,Venezuela,River,-62.9593,8.306
2022-04-08 14:17:13,3.664,0.002,14284,"Orinoco, River",South America,Venezuela,River,-62.9593,8.306
2022-05-05 14:17:15,3.572,0.061,14284,"Orinoco, River",South America,Venezuela,River,-62.9593,8.306
2022-06-01 14:17:13,8.566,0.004,14284,"Orinoco, River",South America,Venezuela,River,-62.9593,8.306
2022-06-28 14:17:12,11.404,0.023,14284,"Orinoco, River",South America,Venezuela,River,-62.9593,8.306
2022-07-25 14:17:09,12.426,0.028,14284,"Orinoco, River",South America,Venezuela,River,-62.9593,8.306
2022-08-21 14:17:05,12.702,0.031,14284,"Orinoco, River",South America,Venezuela,River,-62.9593,8.306
2022-09-17 14:17:09,12.813,0.017,14284,"Orinoco, River",South America,Venezuela,River,-62.9593,8.306
2022-10-14 14:17:08,10.621,0.002,14284,"Orinoco, River",South America,Venezuela,River,-62.9593,8.306
2022-11-10 14:17:07,9.719,0.002,14284,"Orinoco, River",South America,Venezuela,River,-62.9593,8.306
2022-12-07 14:17:03,8.334,0.023,14284,"Orinoco, River",South America,Venezuela,River,-62.9593,8.306
2023-01-03 14:17:06,4.773,0.244,14284,"Orinoco, River",South America,Venezuela,River,-62.9593,8.306
2023-02-26 14:17:05,2.264,0.121,14284,"Orinoco, River",South America,Venezuela,River,-62.9593,8.306
2023-04-21 14:17:12,2.458,0.088,14284,"Orinoco, River",South America,Venezuela,River,-62.9593,8.306
2023-05-18 14:17:10,4.146,0.058,14284,"Orinoco, River",South America,Venezuela,River,-62.9593,8.306
2023-06-14 14:17:06,8.287,0.001,14284,"Orinoco, River",South America,Venezuela,River,-62.9593,8.306
2023-07-11 14:17:06,11.084,0.021,14284,"Orinoco, River",South America,Venezuela,River,-62.9593,8.306
2023-08-07 14:17:02,12.131,0.036,14284,"Orinoco, River",South America,Venezuela,River,-62.9593,8.306
2023-09-03 14:17:02,11.326,0.009,14284,"Orinoco, River",South America,Venezuela,River,-62.9593,8.306
2023-09-30 14:17:03,8.02,0.031,14284,"Orinoco, River",South America,Venezuela,River,-62.9593,8.306
2023-10-27 14:17:05,6.763,0.025,14284,"Orinoco, River",South America,Venezuela,River,-62.9593,8.306
2023-11-23 14:17:02,5.707,0.095,14284,"Orinoco, River",South America,Venezuela,River,-62.9593,8.306
2023-12-20 14:17:06,3.283,0.026,14284,"Orinoco, River",South America,Venezuela,River,-62.9593,8.306
2024-01-16 14:17:07,3.841,0.33,14284,"Orinoco, River",South America,Venezuela,River,-62.9593,8.306
2024-05-03 14:17:12,2.308,0.018,14284,"Orinoco, River",South America,Venezuela,River,-62.9593,8.306
2024-05-30 14:17:11,6.379,0.038,14284,"Orinoco, River",South America,Venezuela,River,-62.9593,8.306
2024-06-26 14:17:11,9.928,0.001,14284,"Orinoco, River",South America,Venezuela,River,-62.9593,8.306
2024-07-23 14:17:08,11.921,0.012,14284,"Orinoco, River",South America,Venezuela,River,-62.9593,8.306
2024-08-19 14:17:06,12.753,0.024,14284,"Orinoco, River",South America,Venezuela,River,-62.9593,8.306
2024-09-15 14:17:04,10.553,0.023,14284,"Orinoco, River",South America,Venezuela,River,-62.9593,8.306
2024-10-12 14:17:08,7.268,0.014,14284,"Orinoco, River",South America,Venezuela,River,-62.9593,8.306
2024-12-05 14:17:04,5.454,0.034,14284,"Orinoco, River",South America,Venezuela,River,-62.9593,8.306
2025-01-01 14:17:05,3.168,0.07,14284,"Orinoco, River",South America,Venezuela,River,-62.9593,8.306
2025-02-24 14:17:08,2.144,0.052,14284,"Orinoco, River",South America,Venezuela,River,-62.9593,8.306
2025-03-23 14:17:08,2.245,0.122,14284,"Orinoco, River",South America,Venezuela,River,-62.9593,8.306
2025-05-16 14:17:15,5.857,0.02,14284,"Orinoco, River",South America,Venezuela,River,-62.9593,8.306
2025-06-12 14:17:14,9.137,0.036,14284,"Orinoco, River",South America,Venezuela,River,-62.9593,8.306
2025-07-09 14:17:15,12.094,0.029,14284,"Orinoco, River",South America,Venezuela,River,-62.9593,8.306
2025-08-05 14:17:15,13.609,0.04,14284,"Orinoco, River",South America,Venezuela,River,-62.9593,8.306
2025-09-01 14:17:11,14.03,0.039,14284,"Orinoco, River",South America,Venezuela,River,-62.9593,8.306
2025-09-28 14:17:15,12.511,0.036,14284,"Orinoco, River",South America,Venezuela,River,-62.9593,8.306
2025-10-25 14:17:16,10.155,0.03,14284,"Orinoco, River",South America,Venezuela,River,-62.9593,8.306
2025-11-21 14:17:14,7.102,0.034,14284,"Orinoco, River",South America,Venezuela,River,-62.9593,8.306
2002-07-09 14:34:08,84.289,0.067,1260,"Orinoco, River",South America,Venezuela,River,-67.8373,4.5028
2002-08-13 14:34:08,84.629,0.039,1260,"Orinoco, River",South America,Venezuela,River,-67.8373,4.5028
2002-09-17 14:34:07,82.83,0.018,1260,"Orinoco, River",South America,Venezuela,River,-67.8373,4.5028
2002-10-22 14:34:10,77.505,0.022,1260,"Orinoco, River",South America,Venezuela,River,-67.8373,4.5028
2002-11-26 14:34:08,79.864,0.016,1260,"Orinoco, River",South America,Venezuela,River,-67.8373,4.5028
2002-12-31 14:34:07,75.635,0.025,1260,"Orinoco, River",South America,Venezuela,River,-67.8373,4.5028
2003-02-04 14:34:06,71.882,0.001,1260,"Orinoco, River",South America,Venezuela,River,-67.8373,4.5028
2003-03-11 14:34:08,71.822,0.027,1260,"Orinoco, River",South America,Venezuela,River,-67.8373,4.5028
2003-05-20 14:34:04,81.006,0.096,1260,"Orinoco, River",South America,Venezuela,River,-67.8373,4.5028
2003-06-24 14:34:12,82.721,0.02,1260,"Orinoco, River",South America,Venezuela,River,-67.8373,4.5028
2003-07-29 14:34:16,84.443,0.042,1260,"Orinoco, River",South America,Venezuela,River,-67.8373,4.5028
2003-09-02 14:34:19,84.078,0.034,1260,"Orinoco, River",South America,Venezuela,River,-67.8373,4.5028
2003-10-07 14:34:16,81.822,0.042,1260,"Orinoco, River",South America,Venezuela,River,-67.8373,4.5028
2003-11-11 14:34:12,80.339,0.068,1260,"Orinoco, River",South America,Venezuela,River,-67.8373,4.5028
2003-12-16 14:34:13,77.469,0.023,1260,"Orinoco, River",South America,Venezuela,River,-67.8373,4.5028
2004-01-20 14:34:12,70.689,0.12,1260,"Orinoco, River",South America,Venezuela,River,-67.8373,4.5028
2004-02-24 14:34:11,71.217,0.009,1260,"Orinoco, River",South America,Venezuela,River,-67.8373,4.5028
2004-03-30 14:34:15,72.751,0.029,1260,"Orinoco, River",South America,Venezuela,River,-67.8373,4.5028
2004-05-04 14:34:12,77.334,0.04,1260,"Orinoco, River",South America,Venezuela,River,-67.8373,4.5028
2004-06-08 14:34:18,82.035,0.002,1260,"Orinoco, River",South America,Venezuela,River,-67.8373,4.5028
2004-07-13 14:34:18,83.853,0.026,1260,"Orinoco, River",South America,Venezuela,River,-67.8373,4.5028
2004-08-17 14:34:16,84.043,0.009,1260,"Orinoco, River",South America,Venezuela,River,-67.8373,4.5028
2004-09-21 14:34:13,82.76,0.016,1260,"Orinoco, River",South America,Venezuela,River,-67.8373,4.5028
2004-10-26 14:34:18,79.749,0.01,1260,"Orinoco, River",South America,Venezuela,River,-67.8373,4.5028
2005-01-04 14:34:09,74.643,0.018,1260,"Orinoco, River",South America,Venezuela,River,-67.8373,4.5028
2005-02-08 14:34:13,73.403,0.009,1260,"Orinoco, River",South America,Venezuela,River,-67.8373,4.5028
2005-03-15 14:34:12,73.336,0.017,1260,"Orinoco, River",South America,Venezuela,River,-67.8373,4.5028
2005-04-19 14:34:18,78.307,0.035,1260,"Orinoco, River",South America,Venezuela,River,-67.8373,4.5028
2005-05-24 14:34:19,80.985,0.011,1260,"Orinoco, River",South America,Venezuela,River,-67.8373,4.5028
2005-06-28 14:34:21,82.236,0.027,1260,"Orinoco, River",South America,Venezuela,River,-67.8373,4.5028
2005-08-02 14:34:17,82.837,0.045,1260,"Orinoco, River",South America,Venezuela,River,-67.8373,4.5028
2005-09-06 14:34:14,82.755,0.012,1260,"Orinoco, River",South America,Venezuela,River,-67.8373,4.5028
2005-10-11 14:34:16,77.622,0.016,1260,"Orinoco, River",South America,Venezuela,River,-67.8373,4.5028
2005-11-15 14:34:16,79.242,0.023,1260,"Orinoco, River",South America,Venezuela,River,-67.8373,4.5028
2005-12-20 14:34:09,76.311,0.021,1260,"Orinoco, River",South America,Venezuela,River,-67.8373,4.5028
2006-01-24 14:34:04,75.56,0.012,1260,"Orinoco, River",South America,Venezuela,River,-67.8373,4.5028
2006-02-28 14:34:06,72.364,0.126,1260,"Orinoco, River",South America,Venezuela,River,-67.8373,4.5028
2006-04-04 14:34:04,75.399,0.012,1260,"Orinoco, River",South America,Venezuela,River,-67.8373,4.5028
2006-05-09 14:34:10,79.283,0.018,1260,"Orinoco, River",South America,Venezuela,River,-67.8373,4.5028
2006-06-13 14:34:13,81.822,0.049,1260,"Orinoco, River",South America,Venezuela,River,-67.8373,4.5028
2006-07-18 14:34:16,83.719,0.015,1260,"Orinoco, River",South America,Venezuela,River,-67.8373,4.5028
2006-08-22 14:34:14,83.795,0.001,1260,"Orinoco, River",South America,Venezuela,River,-67.8373,4.5028
2006-09-26 14:34:12,80.899,0.051,1260,"Orinoco, River",South America,Venezuela,River,-67.8373,4.5028
2006-10-31 14:34:14,79.811,0.026,1260,"Orinoco, River",South America,Venezuela,River,-67.8373,4.5028
2006-12-05 14:34:14,79.161,0.017,1260,"Orinoco, River",South America,Venezuela,River,-67.8373,4.5028
2007-01-09 14:34:09,75.781,0.009,1260,"Orinoco, River",South America,Venezuela,River,-67.8373,4.5028
2007-02-13 14:34:09,72.342,0.023,1260,"Orinoco, River",South America,Venezuela,River,-67.8373,4.5028
2007-03-20 14:34:08,72.124,0.093,1260,"Orinoco, River",South America,Venezuela,River,-67.8373,4.5028
2007-04-24 14:34:09,77.167,0.017,1260,"Orinoco, River",South America,Venezuela,River,-67.8373,4.5028
2007-05-29 14:34:12,81.059,0.033,1260,"Orinoco, River",South America,Venezuela,River,-67.8373,4.5028
2007-07-03 14:34:12,84.15,0.002,1260,"Orinoco, River",South America,Venezuela,River,-67.8373,4.5028
2007-08-07 14:34:12,83.885,0.015,1260,"Orinoco, River",South America,Venezuela,River,-67.8373,4.5028
2007-09-11 14:34:09,82.768,0.034,1260,"Orinoco, River",South America,Venezuela,River,-67.8373,4.5028
2007-10-16 14:34:07,81.28,0.014,1260,"Orinoco, River",South America,Venezuela,River,-67.8373,4.5028
2007-11-20 14:34:05,78.657,0.037,1260,"Orinoco, River",South America,Venezuela,River,-67.8373,4.5028
2007-12-25 14:34:05,76.567,0.037,1260,"Orinoco, River",South America,Venezuela,River,-67.8373,4.5028
2008-01-29 14:34:05,73.258,0.133,1260,"Orinoco, River",South America,Venezuela,River,-67.8373,4.5028
2008-03-04 14:34:06,73.599,0.001,1260,"Orinoco, River",South America,Venezuela,River,-67.8373,4.5028
2008-04-08 14:34:06,72.864,0.056,1260,"Orinoco, River",South America,Venezuela,River,-67.8373,4.5028
2008-05-13 14:34:05,77.425,0.002,1260,"Orinoco, River",South America,Venezuela,River,-67.8373,4.5028
2008-06-17 14:34:07,81.872,0.005,1260,"Orinoco, River",South America,Venezuela,River,-67.8373,4.5028
2008-07-22 14:34:07,84.193,0.02,1260,"Orinoco, River",South America,Venezuela,River,-67.8373,4.5028
2008-08-26 14:34:04,83.719,0.013,1260,"Orinoco, River",South America,Venezuela,River,-67.8373,4.5028
2008-09-30 14:34:04,80.432,0.087,1260,"Orinoco, River",South America,Venezuela,River,-67.8373,4.5028
2008-11-04 14:34:02,79.376,0.033,1260,"Orinoco, River",South America,Venezuela,River,-67.8373,4.5028
2008-12-09 14:34:03,79.25,0.006,1260,"Orinoco, River",South America,Venezuela,River,-67.8373,4.5028
2009-01-13 14:34:02,75.995,0.002,1260,"Orinoco, River",South America,Venezuela,River,-67.8373,4.5028
2009-02-17 14:34:04,74.928,0.061,1260,"Orinoco, River",South America,Venezuela,River,-67.8373,4.5028
2009-03-24 14:34:02,74.685,0.041,1260,"Orinoco, River",South America,Venezuela,River,-67.8373,4.5028
2009-07-07 14:34:05,82.223,0.094,1260,"Orinoco, River",South America,Venezuela,River,-67.8373,4.5028
2009-08-11 14:34:04,83.345,0.008,1260,"Orinoco, River",South America,Venezuela,River,-67.8373,4.5028
2009-09-15 14:34:01,81.234,0.044,1260,"Orinoco, River",South America,Venezuela,River,-67.8373,4.5028
2009-10-20 14:33:59,78.524,0.013,1260,"Orinoco, River",South America,Venezuela,River,-67.8373,4.5028
2009-11-24 14:33:57,75.459,0.002,1260,"Orinoco, River",South America,Venezuela,River,-67.8373,4.5028
2009-12-29 14:33:58,73.374,0.03,1260,"Orinoco, River",South America,Venezuela,River,-67.8373,4.5028
2010-02-02 14:33:58,72.221,0.134,1260,"Orinoco, River",South America,Venezuela,River,-67.8373,4.5028
2010-03-09 14:33:58,72.206,0.072,1260,"Orinoco, River",South America,Venezuela,River,-67.8373,4.5028
2010-04-13 14:33:56,75.242,0.009,1260,"Orinoco, River",South America,Venezuela,River,-67.8373,4.5028
2010-05-18 14:33:56,81.411,0.032,1260,"Orinoco, River",South America,Venezuela,River,-67.8373,4.5028
2010-06-22 14:33:55,82.89,0.033,1260,"Orinoco, River",South America,Venezuela,River,-67.8373,4.5028
2010-07-27 14:33:56,83.294,0.052,1260,"Orinoco, River",South America,Venezuela,River,-67.8373,4.5028
2010-08-31 14:33:56,83.809,0.026,1260,"Orinoco, River",South America,Venezuela,River,-67.8373,4.5028
2010-10-05 14:33:52,79.685,0.004,1260,"Orinoco, River",South America,Venezuela,River,-67.8373,4.5028
2013-04-04 22:39:05,75.149,0.0,1260,"Orinoco, River",South America,Venezuela,River,-67.8373,4.5028
2013-05-09 22:38:44,78.468,0.015,1260,"Orinoco, River",South America,Venezuela,River,-67.8373,4.5028
2013-06-13 22:38:24,82.396,0.012,1260,"Orinoco, River",South America,Venezuela,River,-67.8373,4.5028
2013-07-18 22:38:01,83.09,0.004,1260,"Orinoco, River",South America,Venezuela,River,-67.8373,4.5028
2013-08-22 22:38:04,83.369,0.0,1260,"Orinoco, River",South America,Venezuela,River,-67.8373,4.5028
2013-09-26 22:38:18,82.255,0.01,1260,"Orinoco, River",South America,Venezuela,River,-67.8373,4.5028
2013-10-31 22:38:18,79.492,0.0,1260,"Orinoco, River",South America,Venezuela,River,-67.8373,4.5028
2013-12-05 22:38:15,78.148,0.014,1260,"Orinoco, River",South America,Venezuela,River,-67.8373,4.5028
2014-01-09 22:38:14,74.75,0.009,1260,"Orinoco, River",South America,Venezuela,River,-67.8373,4.5028
2014-02-13 22:38:13,72.469,0.011,1260,"Orinoco, River",South America,Venezuela,River,-67.8373,4.5028
2014-03-20 22:38:09,72.848,0.014,1260,"Orinoco, River",South America,Venezuela,River,-67.8373,4.5028
2014-04-24 22:38:08,78.198,0.063,1260,"Orinoco, River",South America,Venezuela,River,-67.8373,4.5028
2014-05-29 22:38:06,79.421,0.005,1260,"Orinoco, River",South America,Venezuela,River,-67.8373,4.5028
2014-07-03 22:38:02,83.014,0.009,1260,"Orinoco, River",South America,Venezuela,River,-67.8373,4.5028
2014-08-07 22:37:58,84.146,0.004,1260,"Orinoco, River",South America,Venezuela,River,-67.8373,4.5028
2014-09-11 22:37:54,83.773,0.014,1260,"Orinoco, River",South America,Venezuela,River,-67.8373,4.5028
2014-10-16 22:37:53,79.812,0.004,1260,"Orinoco, River",South America,Venezuela,River,-67.8373,4.5028
2014-11-20 22:37:49,79.055,0.018,1260,"Orinoco, River",South America,Venezuela,River,-67.8373,4.5028
2014-12-25 22:37:45,75.801,0.011,1260,"Orinoco, River",South America,Venezuela,River,-67.8373,4.5028
2015-01-29 22:37:44,74.35,0.013,1260,"Orinoco, River",South America,Venezuela,River,-67.8373,4.5028
2015-03-05 22:37:43,74.094,0.023,1260,"Orinoco, River",South America,Venezuela,River,-67.8373,4.5028
2015-04-09 22:37:46,74.141,0.0,1260,"Orinoco, River",South America,Venezuela,River,-67.8373,4.5028
2015-05-14 22:37:24,79.297,0.021,1260,"Orinoco, River",South America,Venezuela,River,-67.8373,4.5028
2015-07-23 22:37:12,83.434,0.024,1260,"Orinoco, River",South America,Venezuela,River,-67.8373,4.5028
2015-08-27 22:37:18,83.109,0.001,1260,"Orinoco, River",South America,Venezuela,River,-67.8373,4.5028
2015-10-01 22:37:17,79.511,0.002,1260,"Orinoco, River",South America,Venezuela,River,-67.8373,4.5028
2015-11-05 22:37:15,77.611,0.002,1260,"Orinoco, River",South America,Venezuela,River,-67.8373,4.5028
2015-12-10 22:37:04,76.323,0.042,1260,"Orinoco, River",South America,Venezuela,River,-67.8373,4.5028
2016-01-14 22:36:53,74.035,0.006,1260,"Orinoco, River",South America,Venezuela,River,-67.8373,4.5028
2016-02-18 22:36:54,71.753,0.021,1260,"Orinoco, River",South America,Venezuela,River,-67.8373,4.5028
2016-03-24 22:36:49,72.037,0.009,1260,"Orinoco, River",South America,Venezuela,River,-67.8373,4.5028
2016-04-28 22:36:45,76.999,0.001,1260,"Orinoco, River",South America,Venezuela,River,-67.8373,4.5028
2002-08-01 14:10:02,2.555,0.003,9396,"Orinoco, River",South America,Venezuela,River,-61.1984,8.5079
2002-09-05 14:09:59,2.91,0.069,9396,"Orinoco, River",South America,Venezuela,River,-61.1984,8.5079
2002-10-10 14:10:04,2.232,0.137,9396,"Orinoco, River",South America,Venezuela,River,-61.1984,8.5079
2002-11-14 14:10:03,2.01,0.091,9396,"Orinoco, River",South America,Venezuela,River,-61.1984,8.5079
2002-12-19 14:09:56,1.719,0.057,9396,"Orinoco, River",South America,Venezuela,River,-61.1984,8.5079
2003-06-12 14:10:02,1.921,0.001,9396,"Orinoco, River",South America,Venezuela,River,-61.1984,8.5079
2003-07-17 14:10:07,2.335,0.001,9396,"Orinoco, River",South America,Venezuela,River,-61.1984,8.5079
2003-08-21 14:10:11,2.589,0.1,9396,"Orinoco, River",South America,Venezuela,River,-61.1984,8.5079
2003-09-25 14:10:10,2.82,0.0,9396,"Orinoco, River",South America,Venezuela,River,-61.1984,8.5079
2003-10-30 14:10:03,2.385,0.034,9396,"Orinoco, River",South America,Venezuela,River,-61.1984,8.5079
2004-01-08 14:10:08,1.967,0.021,9396,"Orinoco, River",South America,Venezuela,River,-61.1984,8.5079
2004-02-12 14:10:06,1.747,0.005,9396,"Orinoco, River",South America,Venezuela,River,-61.1984,8.5079
2004-03-18 14:10:09,1.931,0.477,9396,"Orinoco, River",South America,Venezuela,River,-61.1984,8.5079
2004-05-27 14:10:10,1.92,0.126,9396,"Orinoco, River",South America,Venezuela,River,-61.1984,8.5079
2004-07-01 14:10:09,2.272,0.121,9396,"Orinoco, River",South America,Venezuela,River,-61.1984,8.5079
2004-08-05 14:10:11,2.767,0.006,9396,"Orinoco, River",South America,Venezuela,River,-61.1984,8.5079
2004-09-09 14:10:09,2.622,0.07,9396,"Orinoco, River",South America,Venezuela,River,-61.1984,8.5079
2004-10-14 14:10:11,2.404,0.086,9396,"Orinoco, River",South America,Venezuela,River,-61.1984,8.5079
2004-11-18 14:10:08,1.971,0.031,9396,"Orinoco, River",South America,Venezuela,River,-61.1984,8.5079
2004-12-23 14:10:04,1.893,0.002,9396,"Orinoco, River",South America,Venezuela,River,-61.1984,8.5079
2005-01-27 14:10:06,1.882,0.091,9396,"Orinoco, River",South America,Venezuela,River,-61.1984,8.5079
2005-03-03 14:10:06,1.913,0.081,9396,"Orinoco, River",South America,Venezuela,River,-61.1984,8.5079
2005-04-07 14:10:09,1.797,0.069,9396,"Orinoco, River",South America,Venezuela,River,-61.1984,8.5079
2005-06-16 14:10:13,1.758,0.004,9396,"Orinoco, River",South America,Venezuela,River,-61.1984,8.5079
2005-07-21 14:10:13,2.232,0.106,9396,"Orinoco, River",South America,Venezuela,River,-61.1984,8.5079
2005-08-25 14:10:08,2.59,0.002,9396,"Orinoco, River",South America,Venezuela,River,-61.1984,8.5079
2005-09-29 14:10:09,2.202,0.005,9396,"Orinoco, River",South America,Venezuela,River,-61.1984,8.5079
2005-11-03 14:10:10,1.638,0.193,9396,"Orinoco, River",South America,Venezuela,River,-61.1984,8.5079
2005-12-08 14:10:04,1.926,0.002,9396,"Orinoco, River",South America,Venezuela,River,-61.1984,8.5079
2006-01-12 14:09:56,1.981,0.005,9396,"Orinoco, River",South America,Venezuela,River,-61.1984,8.5079
2006-02-16 14:09:59,2.038,0.008,9396,"Orinoco, River",South America,Venezuela,River,-61.1984,8.5079
2006-03-23 14:09:56,1.902,0.086,9396,"Orinoco, River",South America,Venezuela,River,-61.1984,8.5079
2006-06-01 14:10:03,1.84,0.053,9396,"Orinoco, River",South America,Venezuela,River,-61.1984,8.5079
2006-07-06 14:10:09,2.294,0.26,9396,"Orinoco, River",South America,Venezuela,River,-61.1984,8.5079
2006-08-10 14:10:09,2.809,0.343,9396,"Orinoco, River",South America,Venezuela,River,-61.1984,8.5079
2006-09-14 14:10:02,2.622,0.023,9396,"Orinoco, River",South America,Venezuela,River,-61.1984,8.5079
2006-10-19 14:10:08,1.982,0.007,9396,"Orinoco, River",South America,Venezuela,River,-61.1984,8.5079
2006-11-23 14:10:07,1.815,0.012,9396,"Orinoco, River",South America,Venezuela,River,-61.1984,8.5079
2006-12-28 14:10:04,1.753,0.086,9396,"Orinoco, River",South America,Venezuela,River,-61.1984,8.5079
2007-02-01 14:10:00,1.939,0.001,9396,"Orinoco, River",South America,Venezuela,River,-61.1984,8.5079
2007-03-08 14:10:02,1.658,0.059,9396,"Orinoco, River",South America,Venezuela,River,-61.1984,8.5079
2007-06-21 14:10:05,1.946,0.068,9396,"Orinoco, River",South America,Venezuela,River,-61.1984,8.5079
2007-07-26 14:10:06,2.417,0.02,9396,"Orinoco, River",South America,Venezuela,River,-61.1984,8.5079
2007-08-30 14:10:04,3.136,0.02,9396,"Orinoco, River",South America,Venezuela,River,-61.1984,8.5079
2007-10-04 14:10:00,2.518,0.044,9396,"Orinoco, River",South America,Venezuela,River,-61.1984,8.5079
2007-12-13 14:09:57,2.009,0.0,9396,"Orinoco, River",South America,Venezuela,River,-61.1984,8.5079
2008-01-17 14:09:59,2.135,0.062,9396,"Orinoco, River",South America,Venezuela,River,-61.1984,8.5079
2008-02-21 14:09:58,1.958,0.005,9396,"Orinoco, River",South America,Venezuela,River,-61.1984,8.5079
2008-03-27 14:10:00,1.813,0.138,9396,"Orinoco, River",South America,Venezuela,River,-61.1984,8.5079
2008-05-01 14:09:58,1.93,0.001,9396,"Orinoco, River",South America,Venezuela,River,-61.1984,8.5079
2008-06-05 14:09:59,1.941,0.02,9396,"Orinoco, River",South America,Venezuela,River,-61.1984,8.5079
2008-07-10 14:10:00,1.951,0.021,9396,"Orinoco, River",South America,Venezuela,River,-61.1984,8.5079
2008-08-14 14:09:59,2.8,0.002,9396,"Orinoco, River",South America,Venezuela,River,-61.1984,8.5079
2008-09-18 14:09:56,2.753,0.006,9396,"Orinoco, River",South America,Venezuela,River,-61.1984,8.5079
2008-10-23 14:09:57,2.164,0.022,9396,"Orinoco, River",South America,Venezuela,River,-61.1984,8.5079
2008-11-27 14:09:55,2.107,0.008,9396,"Orinoco, River",South America,Venezuela,River,-61.1984,8.5079
2009-01-01 14:09:56,2.239,0.0,9396,"Orinoco, River",South America,Venezuela,River,-61.1984,8.5079
2009-02-05 14:09:55,1.96,0.001,9396,"Orinoco, River",South America,Venezuela,River,-61.1984,8.5079
2009-04-16 14:09:54,1.848,0.005,9396,"Orinoco, River",South America,Venezuela,River,-61.1984,8.5079
2009-05-21 14:09:57,1.847,0.003,9396,"Orinoco, River",South America,Venezuela,River,-61.1984,8.5079
2009-07-30 14:09:58,2.279,0.005,9396,"Orinoco, River",South America,Venezuela,River,-61.1984,8.5079
2009-09-03 14:09:56,2.468,0.015,9396,"Orinoco, River",South America,Venezuela,River,-61.1984,8.5079
2009-10-08 14:09:52,2.241,0.004,9396,"Orinoco, River",South America,Venezuela,River,-61.1984,8.5079
2009-12-17 14:09:50,2.06,0.538,9396,"Orinoco, River",South America,Venezuela,River,-61.1984,8.5079
2010-06-10 14:09:49,1.788,0.005,9396,"Orinoco, River",South America,Venezuela,River,-61.1984,8.5079
2010-07-15 14:09:49,2.804,0.0,9396,"Orinoco, River",South America,Venezuela,River,-61.1984,8.5079
2010-08-19 14:09:50,2.879,0.018,9396,"Orinoco, River",South America,Venezuela,River,-61.1984,8.5079
2010-09-23 14:09:47,2.93,0.054,9396,"Orinoco, River",South America,Venezuela,River,-61.1984,8.5079
2013-03-23 22:15:06,1.945,0.016,9396,"Orinoco, River",South America,Venezuela,River,-61.1984,8.5079
2013-04-27 22:14:45,1.817,0.021,9396,"Orinoco, River",South America,Venezuela,River,-61.1984,8.5079
2013-06-01 22:14:23,1.921,0.015,9396,"Orinoco, River",South America,Venezuela,River,-61.1984,8.5079
2013-07-06 22:14:03,2.124,0.037,9396,"Orinoco, River",South America,Venezuela,River,-61.1984,8.5079
2013-08-10 22:13:55,2.413,0.005,9396,"Orinoco, River",South America,Venezuela,River,-61.1984,8.5079
2013-09-14 22:14:07,2.767,0.007,9396,"Orinoco, River",South America,Venezuela,River,-61.1984,8.5079
2013-10-19 22:14:10,2.284,0.0,9396,"Orinoco, River",South America,Venezuela,River,-61.1984,8.5079
2013-11-23 22:14:09,1.871,0.02,9396,"Orinoco, River",South America,Venezuela,River,-61.1984,8.5079
2013-12-28 22:14:06,1.933,0.0,9396,"Orinoco, River",South America,Venezuela,River,-61.1984,8.5079
2014-02-01 22:14:05,2.043,0.006,9396,"Orinoco, River",South America,Venezuela,River,-61.1984,8.5079
2014-03-08 22:14:03,1.806,0.026,9396,"Orinoco, River",South America,Venezuela,River,-61.1984,8.5079
2014-04-12 22:14:01,1.732,0.087,9396,"Orinoco, River",South America,Venezuela,River,-61.1984,8.5079
2014-05-17 22:13:58,1.415,0.285,9396,"Orinoco, River",South America,Venezuela,River,-61.1984,8.5079
2014-06-21 22:13:58,1.499,0.014,9396,"Orinoco, River",South America,Venezuela,River,-61.1984,8.5079
2014-07-26 22:13:53,2.244,0.011,9396,"Orinoco, River",South America,Venezuela,River,-61.1984,8.5079
2014-08-30 22:13:50,2.714,0.001,9396,"Orinoco, River",South America,Venezuela,River,-61.1984,8.5079
2014-10-04 22:13:46,2.482,0.008,9396,"Orinoco, River",South America,Venezuela,River,-61.1984,8.5079
2014-11-08 22:13:44,2.046,0.002,9396,"Orinoco, River",South America,Venezuela,River,-61.1984,8.5079
2014-12-13 22:13:40,2.123,0.007,9396,"Orinoco, River",South America,Venezuela,River,-61.1984,8.5079
2015-01-17 22:13:37,2.123,0.009,9396,"Orinoco, River",South America,Venezuela,River,-61.1984,8.5079
2015-02-21 22:13:34,1.791,0.003,9396,"Orinoco, River",South America,Venezuela,River,-61.1984,8.5079
2015-03-28 22:13:32,1.809,0.005,9396,"Orinoco, River",South America,Venezuela,River,-61.1984,8.5079
2015-05-02 22:13:28,1.355,0.006,9396,"Orinoco, River",South America,Venezuela,River,-61.1984,8.5079
2015-08-15 22:13:16,2.608,0.001,9396,"Orinoco, River",South America,Venezuela,River,-61.1984,8.5079
2015-09-19 22:13:11,2.647,0.002,9396,"Orinoco, River",South America,Venezuela,River,-61.1984,8.5079
2015-10-24 22:13:05,1.966,0.013,9396,"Orinoco, River",South America,Venezuela,River,-61.1984,8.5079
2015-11-28 22:13:00,1.801,0.032,9396,"Orinoco, River",South America,Venezuela,River,-61.1984,8.5079
2016-01-02 22:12:48,1.725,0.048,9396,"Orinoco, River",South America,Venezuela,River,-61.1984,8.5079
2016-02-06 22:12:48,1.775,0.024,9396,"Orinoco, River",South America,Venezuela,River,-61.1984,8.5079
2008-07-25 10:16:17,21.686,0.026,9222,"Orinoco, River",South America,Venezuela,River,-64.493,7.866
2008-08-14 06:13:20,22.934,0.009,9222,"Orinoco, River",South America,Venezuela,River,-64.493,7.866
2008-09-22 22:07:27,21.486,0.025,9222,"Orinoco, River",South America,Venezuela,River,-64.493,7.866
2008-10-02 20:05:59,20.987,0.026,9222,"Orinoco, River",South America,Venezuela,River,-64.493,7.866
2008-10-12 18:04:31,19.847,0.058,9222,"Orinoco, River",South America,Venezuela,River,-64.493,7.866
2008-10-22 16:03:03,19.226,0.052,9222,"Orinoco, River",South America,Venezuela,River,-64.493,7.866
2008-11-01 14:01:35,18.552,0.001,9222,"Orinoco, River",South America,Venezuela,River,-64.493,7.866
2008-11-11 12:00:06,18.087,0.003,9222,"Orinoco, River",South America,Venezuela,River,-64.493,7.866
2008-11-21 09:58:38,18.02,0.032,9222,"Orinoco, River",South America,Venezuela,River,-64.493,7.866
2008-12-01 07:57:09,17.868,0.138,9222,"Orinoco, River",South America,Venezuela,River,-64.493,7.866
2008-12-11 05:55:40,18.145,0.046,9222,"Orinoco, River",South America,Venezuela,River,-64.493,7.866
2008-12-21 03:54:11,17.924,0.001,9222,"Orinoco, River",South America,Venezuela,River,-64.493,7.866
2008-12-31 01:52:43,15.6,0.055,9222,"Orinoco, River",South America,Venezuela,River,-64.493,7.866
2009-01-09 23:51:14,12.615,0.435,9222,"Orinoco, River",South America,Venezuela,River,-64.493,7.866
2009-01-19 21:49:47,13.954,0.051,9222,"Orinoco, River",South America,Venezuela,River,-64.493,7.866
2009-01-29 19:48:19,13.629,0.108,9222,"Orinoco, River",South America,Venezuela,River,-64.493,7.866
2009-02-28 13:43:54,14.418,0.019,9222,"Orinoco, River",South America,Venezuela,River,-64.493,7.866
2009-03-10 11:42:26,13.676,0.019,9222,"Orinoco, River",South America,Venezuela,River,-64.493,7.866
2009-03-20 09:40:57,14.111,0.196,9222,"Orinoco, River",South America,Venezuela,River,-64.493,7.866
2009-03-30 07:39:28,12.212,0.14,9222,"Orinoco, River",South America,Venezuela,River,-64.493,7.866
2009-04-19 03:36:30,12.474,0.02,9222,"Orinoco, River",South America,Venezuela,River,-64.493,7.866
2009-04-29 01:35:01,20.413,0.104,9222,"Orinoco, River",South America,Venezuela,River,-64.493,7.866
2009-05-08 23:33:32,14.147,0.008,9222,"Orinoco, River",South America,Venezuela,River,-64.493,7.866
2009-05-18 21:32:04,14.665,0.013,9222,"Orinoco, River",South America,Venezuela,River,-64.493,7.866
2009-05-28 19:30:36,17.19,0.055,9222,"Orinoco, River",South America,Venezuela,River,-64.493,7.866
2009-06-17 15:27:40,14.01,0.02,9222,"Orinoco, River",South America,Venezuela,River,-64.493,7.866
2009-06-27 13:26:12,17.44,0.016,9222,"Orinoco, River",South America,Venezuela,River,-64.493,7.866
2009-07-07 11:24:43,18.744,0.016,9222,"Orinoco, River",South America,Venezuela,River,-64.493,7.866
2009-07-17 09:23:15,17.31,0.183,9222,"Orinoco, River",South America,Venezuela,River,-64.493,7.866
2009-07-27 07:21:46,20.44,0.025,9222,"Orinoco, River",South America,Venezuela,River,-64.493,7.866
2009-08-06 05:20:17,21.037,0.038,9222,"Orinoco, River",South America,Venezuela,River,-64.493,7.866
2009-08-16 03:18:49,21.468,0.025,9222,"Orinoco, River",South America,Venezuela,River,-64.493,7.866
2009-08-26 01:17:20,21.564,0.044,9222,"Orinoco, River",South America,Venezuela,River,-64.493,7.866
2009-09-04 23:15:52,21.145,0.097,9222,"Orinoco, River",South America,Venezuela,River,-64.493,7.866
2009-09-14 21:14:24,20.645,0.021,9222,"Orinoco, River",South America,Venezuela,River,-64.493,7.866
2009-09-24 19:12:56,20.138,0.014,9222,"Orinoco, River",South America,Venezuela,River,-64.493,7.866
2009-10-14 15:09:59,17.865,0.115,9222,"Orinoco, River",South America,Venezuela,River,-64.493,7.866
2009-10-24 13:08:31,17.321,0.022,9222,"Orinoco, River",South America,Venezuela,River,-64.493,7.866
2009-11-03 11:07:02,13.751,0.088,9222,"Orinoco, River",South America,Venezuela,River,-64.493,7.866
2009-11-13 09:05:33,15.439,0.024,9222,"Orinoco, River",South America,Venezuela,River,-64.493,7.866
2009-12-03 05:02:36,19.89,0.083,9222,"Orinoco, River",South America,Venezuela,River,-64.493,7.866
2009-12-23 00:59:38,12.187,0.004,9222,"Orinoco, River",South America,Venezuela,River,-64.493,7.866
2010-01-01 22:58:11,11.579,0.125,9222,"Orinoco, River",South America,Venezuela,River,-64.493,7.866
2010-01-11 20:56:43,11.341,0.022,9222,"Orinoco, River",South America,Venezuela,River,-64.493,7.866
2010-01-21 18:55:15,10.507,0.019,9222,"Orinoco, River",South America,Venezuela,River,-64.493,7.866
2010-01-31 16:53:47,10.031,0.062,9222,"Orinoco, River",South America,Venezuela,River,-64.493,7.866
2010-02-10 14:52:19,10.29,0.426,9222,"Orinoco, River",South America,Venezuela,River,-64.493,7.866
2010-02-20 12:50:50,9.797,0.142,9222,"Orinoco, River",South America,Venezuela,River,-64.493,7.866
2010-03-02 10:49:22,9.714,0.181,9222,"Orinoco, River",South America,Venezuela,River,-64.493,7.866
2010-03-12 08:47:53,9.704,0.05,9222,"Orinoco, River",South America,Venezuela,River,-64.493,7.866
2010-03-22 06:46:24,10.139,0.003,9222,"Orinoco, River",South America,Venezuela,River,-64.493,7.866
2010-04-01 04:44:55,10.294,0.019,9222,"Orinoco, River",South America,Venezuela,River,-64.493,7.866
2010-04-11 02:43:26,10.448,0.014,9222,"Orinoco, River",South America,Venezuela,River,-64.493,7.866
2010-04-21 00:41:57,13.829,0.011,9222,"Orinoco, River",South America,Venezuela,River,-64.493,7.866
2010-05-10 20:39:01,16.137,0.154,9222,"Orinoco, River",South America,Venezuela,River,-64.493,7.866
2010-05-20 18:37:32,17.606,0.073,9222,"Orinoco, River",South America,Venezuela,River,-64.493,7.866
2010-06-09 14:34:35,19.326,0.058,9222,"Orinoco, River",South America,Venezuela,River,-64.493,7.866
2010-06-19 12:33:07,20.131,0.114,9222,"Orinoco, River",South America,Venezuela,River,-64.493,7.866
2010-06-29 10:31:38,21.118,0.003,9222,"Orinoco, River",South America,Venezuela,River,-64.493,7.866
2010-07-09 08:30:09,21.837,0.01,9222,"Orinoco, River",South America,Venezuela,River,-64.493,7.866
2010-07-19 06:28:40,22.305,0.229,9222,"Orinoco, River",South America,Venezuela,River,-64.493,7.866
2010-07-29 04:27:11,23.14,0.041,9222,"Orinoco, River",South America,Venezuela,River,-64.493,7.866
2010-08-08 02:25:44,23.378,0.046,9222,"Orinoco, River",South America,Venezuela,River,-64.493,7.866
2010-08-18 00:24:16,23.791,0.005,9222,"Orinoco, River",South America,Venezuela,River,-64.493,7.866
2010-08-27 22:22:47,23.562,0.015,9222,"Orinoco, River",South America,Venezuela,River,-64.493,7.866
2010-09-06 20:21:19,23.227,0.019,9222,"Orinoco, River",South America,Venezuela,River,-64.493,7.866
2010-09-16 18:19:51,22.802,0.032,9222,"Orinoco, River",South America,Venezuela,River,-64.493,7.866
2010-09-26 16:18:22,22.052,0.027,9222,"Orinoco, River",South America,Venezuela,River,-64.493,7.866
2010-10-06 14:16:54,20.927,0.019,9222,"Orinoco, River",South America,Venezuela,River,-64.493,7.866
2010-10-16 12:15:25,19.184,0.02,9222,"Orinoco, River",South America,Venezuela,River,-64.493,7.866
2010-10-26 10:13:55,18.45,0.008,9222,"Orinoco, River",South America,Venezuela,River,-64.493,7.866
2010-11-05 08:12:26,17.74,0.0,9222,"Orinoco, River",South America,Venezuela,River,-64.493,7.866
2010-11-15 06:10:58,17.183,0.101,9222,"Orinoco, River",South America,Venezuela,River,-64.493,7.866
2010-11-25 04:09:30,20.673,0.031,9222,"Orinoco, River",South America,Venezuela,River,-64.493,7.866
2010-12-05 02:08:02,18.214,0.031,9222,"Orinoco, River",South America,Venezuela,River,-64.493,7.866
2010-12-15 00:06:34,17.424,0.071,9222,"Orinoco, River",South America,Venezuela,River,-64.493,7.866
2011-01-03 20:03:37,14.828,0.011,9222,"Orinoco, River",South America,Venezuela,River,-64.493,7.866
2011-01-23 16:00:40,17.515,0.03,9222,"Orinoco, River",South America,Venezuela,River,-64.493,7.866
2011-02-02 13:59:11,12.09,0.01,9222,"Orinoco, River",South America,Venezuela,River,-64.493,7.866
2011-02-12 11:57:42,11.29,0.017,9222,"Orinoco, River",South America,Venezuela,River,-64.493,7.866
2011-02-22 09:56:13,11.038,0.006,9222,"Orinoco, River",South America,Venezuela,River,-64.493,7.866
2011-03-14 05:53:16,12.429,0.14,9222,"Orinoco, River",South America,Venezuela,River,-64.493,7.866
2011-04-03 01:50:20,14.308,0.116,9222,"Orinoco, River",South America,Venezuela,River,-64.493,7.866
2011-04-12 23:48:52,12.336,0.039,9222,"Orinoco, River",South America,Venezuela,River,-64.493,7.866
2011-04-22 21:47:23,13.358,0.046,9222,"Orinoco, River",South America,Venezuela,River,-64.493,7.866
2011-05-02 19:45:55,20.788,0.154,9222,"Orinoco, River",South America,Venezuela,River,-64.493,7.866
2011-05-12 17:44:25,16.592,0.035,9222,"Orinoco, River",South America,Venezuela,River,-64.493,7.866
2011-05-22 15:42:57,21.099,0.075,9222,"Orinoco, River",South America,Venezuela,River,-64.493,7.866
2011-06-01 13:41:28,16.853,0.483,9222,"Orinoco, River",South America,Venezuela,River,-64.493,7.866
2011-06-11 11:40:00,20.632,0.005,9222,"Orinoco, River",South America,Venezuela,River,-64.493,7.866
2011-06-21 09:38:32,20.954,0.009,9222,"Orinoco, River",South America,Venezuela,River,-64.493,7.866
2011-07-01 07:37:04,21.674,0.001,9222,"Orinoco, River",South America,Venezuela,River,-64.493,7.866
2011-07-11 05:35:36,22.216,0.01,9222,"Orinoco, River",South America,Venezuela,River,-64.493,7.866
2011-07-21 03:34:07,22.482,0.028,9222,"Orinoco, River",South America,Venezuela,River,-64.493,7.866
2011-07-31 01:32:38,23.168,0.009,9222,"Orinoco, River",South America,Venezuela,River,-64.493,7.866
2011-08-09 23:31:09,23.335,0.009,9222,"Orinoco, River",South America,Venezuela,River,-64.493,7.866
2011-08-19 21:29:40,23.05,0.293,9222,"Orinoco, River",South America,Venezuela,River,-64.493,7.866
2011-08-29 19:28:11,22.812,0.027,9222,"Orinoco, River",South America,Venezuela,River,-64.493,7.866
2011-09-08 17:26:43,22.582,0.001,9222,"Orinoco, River",South America,Venezuela,River,-64.493,7.866
2011-09-18 15:25:15,21.613,0.014,9222,"Orinoco, River",South America,Venezuela,River,-64.493,7.866
2011-09-28 13:23:47,14.431,0.056,9222,"Orinoco, River",South America,Venezuela,River,-64.493,7.866
2011-10-08 11:22:18,19.808,0.012,9222,"Orinoco, River",South America,Venezuela,River,-64.493,7.866
2011-10-18 09:20:49,19.65,0.038,9222,"Orinoco, River",South America,Venezuela,River,-64.493,7.866
2011-10-28 07:19:20,19.091,0.02,9222,"Orinoco, River",South America,Venezuela,River,-64.493,7.866
2011-11-07 05:17:52,18.367,0.032,9222,"Orinoco, River",South America,Venezuela,River,-64.493,7.866
2011-11-17 03:16:24,18.104,0.044,9222,"Orinoco, River",South America,Venezuela,River,-64.493,7.866
2011-11-27 01:14:56,18.69,0.115,9222,"Orinoco, River",South America,Venezuela,River,-64.493,7.866
2011-12-06 23:13:27,18.154,0.006,9222,"Orinoco, River",South America,Venezuela,River,-64.493,7.866
2011-12-16 21:11:58,17.049,0.017,9222,"Orinoco, River",South America,Venezuela,River,-64.493,7.866
2012-01-05 17:09:03,17.351,0.002,9222,"Orinoco, River",South America,Venezuela,River,-64.493,7.866
2012-01-25 13:06:06,13.843,0.021,9222,"Orinoco, River",South America,Venezuela,River,-64.493,7.866
2012-02-04 11:04:38,13.037,0.013,9222,"Orinoco, River",South America,Venezuela,River,-64.493,7.866
2012-02-14 09:03:09,13.303,0.092,9222,"Orinoco, River",South America,Venezuela,River,-64.493,7.866
2012-02-24 07:01:40,12.35,0.084,9222,"Orinoco, River",South America,Venezuela,River,-64.493,7.866
2012-03-05 05:00:10,11.861,0.011,9222,"Orinoco, River",South America,Venezuela,River,-64.493,7.866
2012-03-15 02:58:42,11.492,0.218,9222,"Orinoco, River",South America,Venezuela,River,-64.493,7.866
2012-03-25 00:57:14,12.259,0.033,9222,"Orinoco, River",South America,Venezuela,River,-64.493,7.866
2012-04-03 22:55:46,12.909,0.041,9222,"Orinoco, River",South America,Venezuela,River,-64.493,7.866
2012-04-13 20:54:18,15.228,0.006,9222,"Orinoco, River",South America,Venezuela,River,-64.493,7.866
2012-04-23 18:52:49,16.699,0.002,9222,"Orinoco, River",South America,Venezuela,River,-64.493,7.866
2012-05-03 16:51:20,17.573,0.032,9222,"Orinoco, River",South America,Venezuela,River,-64.493,7.866
2012-05-13 14:49:51,18.788,0.016,9222,"Orinoco, River",South America,Venezuela,River,-64.493,7.866
2012-05-23 12:48:23,19.235,0.021,9222,"Orinoco, River",South America,Venezuela,River,-64.493,7.866
2012-06-02 10:46:55,19.789,0.008,9222,"Orinoco, River",South America,Venezuela,River,-64.493,7.866
2012-06-12 08:45:27,19.741,0.012,9222,"Orinoco, River",South America,Venezuela,River,-64.493,7.866
2012-06-22 06:43:58,20.939,0.026,9222,"Orinoco, River",South America,Venezuela,River,-64.493,7.866
2012-07-02 04:42:29,20.894,0.009,9222,"Orinoco, River",South America,Venezuela,River,-64.493,7.866
2012-07-12 02:41:00,21.318,0.019,9222,"Orinoco, River",South America,Venezuela,River,-64.493,7.866
2012-07-22 00:39:31,22.032,0.0,9222,"Orinoco, River",South America,Venezuela,River,-64.493,7.866
2012-07-31 22:38:02,22.532,0.056,9222,"Orinoco, River",South America,Venezuela,River,-64.493,7.866
2012-08-10 20:36:34,23.531,0.011,9222,"Orinoco, River",South America,Venezuela,River,-64.493,7.866
2012-08-20 18:35:06,23.692,0.048,9222,"Orinoco, River",South America,Venezuela,River,-64.493,7.866
2012-08-30 16:33:38,23.547,0.033,9222,"Orinoco, River",South America,Venezuela,River,-64.493,7.866
2012-09-09 14:32:10,23.184,0.028,9222,"Orinoco, River",South America,Venezuela,River,-64.493,7.866
2012-09-19 12:30:41,23.017,0.001,9222,"Orinoco, River",South America,Venezuela,River,-64.493,7.866
2012-09-29 10:29:12,22.105,0.044,9222,"Orinoco, River",South America,Venezuela,River,-64.493,7.866
2012-10-09 08:27:43,21.091,0.017,9222,"Orinoco, River",South America,Venezuela,River,-64.493,7.866
2012-10-19 06:26:14,20.009,0.026,9222,"Orinoco, River",South America,Venezuela,River,-64.493,7.866
2012-10-29 04:24:46,19.026,0.021,9222,"Orinoco, River",South America,Venezuela,River,-64.493,7.866
2012-11-08 02:23:18,18.362,0.019,9222,"Orinoco, River",South America,Venezuela,River,-64.493,7.866
2012-11-18 00:21:50,17.466,0.04,9222,"Orinoco, River",South America,Venezuela,River,-64.493,7.866
2012-11-27 22:20:22,16.321,0.047,9222,"Orinoco, River",South America,Venezuela,River,-64.493,7.866
2012-12-17 18:17:25,14.149,0.117,9222,"Orinoco, River",South America,Venezuela,River,-64.493,7.866
2013-01-06 14:14:29,15.101,0.241,9222,"Orinoco, River",South America,Venezuela,River,-64.493,7.866
2013-01-16 12:13:01,12.374,0.045,9222,"Orinoco, River",South America,Venezuela,River,-64.493,7.866
2013-01-26 10:11:32,11.433,0.017,9222,"Orinoco, River",South America,Venezuela,River,-64.493,7.866
2013-02-05 08:10:04,11.099,0.152,9222,"Orinoco, River",South America,Venezuela,River,-64.493,7.866
2013-02-15 06:08:35,11.18,0.118,9222,"Orinoco, River",South America,Venezuela,River,-64.493,7.866
2013-02-25 04:07:06,10.979,0.008,9222,"Orinoco, River",South America,Venezuela,River,-64.493,7.866
2013-03-07 02:05:37,11.471,0.113,9222,"Orinoco, River",South America,Venezuela,River,-64.493,7.866
2013-03-17 00:04:09,11.795,0.108,9222,"Orinoco, River",South America,Venezuela,River,-64.493,7.866
2013-04-05 20:01:13,13.263,0.135,9222,"Orinoco, River",South America,Venezuela,River,-64.493,7.866
2013-04-15 17:59:44,11.93,0.061,9222,"Orinoco, River",South America,Venezuela,River,-64.493,7.866
2013-04-25 15:58:16,12.996,0.165,9222,"Orinoco, River",South America,Venezuela,River,-64.493,7.866
2013-05-05 13:56:47,14.966,0.078,9222,"Orinoco, River",South America,Venezuela,River,-64.493,7.866
2013-05-15 11:55:18,16.126,0.079,9222,"Orinoco, River",South America,Venezuela,River,-64.493,7.866
2013-05-25 09:53:50,16.963,0.061,9222,"Orinoco, River",South America,Venezuela,River,-64.493,7.866
2013-06-04 07:52:22,18.193,0.04,9222,"Orinoco, River",South America,Venezuela,River,-64.493,7.866
2013-06-14 05:50:54,18.921,0.032,9222,"Orinoco, River",South America,Venezuela,River,-64.493,7.866
2013-06-24 03:49:26,19.924,0.005,9222,"Orinoco, River",South America,Venezuela,River,-64.493,7.866
2013-07-04 01:47:57,20.371,0.05,9222,"Orinoco, River",South America,Venezuela,River,-64.493,7.866
2013-07-13 23:46:28,20.358,0.069,9222,"Orinoco, River",South America,Venezuela,River,-64.493,7.866
2013-07-23 21:44:59,20.524,0.035,9222,"Orinoco, River",South America,Venezuela,River,-64.493,7.866
2013-08-02 19:43:30,21.321,0.066,9222,"Orinoco, River",South America,Venezuela,River,-64.493,7.866
2013-08-12 17:42:01,21.642,0.017,9222,"Orinoco, River",South America,Venezuela,River,-64.493,7.866
2013-08-22 15:40:34,22.022,0.071,9222,"Orinoco, River",South America,Venezuela,River,-64.493,7.866
2013-09-01 13:39:06,22.173,0.007,9222,"Orinoco, River",South America,Venezuela,River,-64.493,7.866
2013-09-21 09:36:09,21.802,0.022,9222,"Orinoco, River",South America,Venezuela,River,-64.493,7.866
2013-10-01 07:34:41,20.903,0.044,9222,"Orinoco, River",South America,Venezuela,River,-64.493,7.866
2013-10-11 05:33:12,20.514,0.078,9222,"Orinoco, River",South America,Venezuela,River,-64.493,7.866
2013-10-21 03:31:43,20.013,0.005,9222,"Orinoco, River",South America,Venezuela,River,-64.493,7.866
2013-10-31 01:30:15,18.629,0.031,9222,"Orinoco, River",South America,Venezuela,River,-64.493,7.866
2013-11-09 23:28:47,17.618,0.01,9222,"Orinoco, River",South America,Venezuela,River,-64.493,7.866
2013-11-29 19:25:51,16.831,0.007,9222,"Orinoco, River",South America,Venezuela,River,-64.493,7.866
2013-12-09 17:24:22,16.348,0.037,9222,"Orinoco, River",South America,Venezuela,River,-64.493,7.866
2013-12-19 15:22:53,15.424,0.043,9222,"Orinoco, River",South America,Venezuela,River,-64.493,7.866
2014-01-08 11:19:58,13.57,0.152,9222,"Orinoco, River",South America,Venezuela,River,-64.493,7.866
2014-01-18 09:18:30,12.45,0.002,9222,"Orinoco, River",South America,Venezuela,River,-64.493,7.866
2014-01-28 07:17:01,11.436,0.039,9222,"Orinoco, River",South America,Venezuela,River,-64.493,7.866
2014-02-07 05:15:33,11.168,0.137,9222,"Orinoco, River",South America,Venezuela,River,-64.493,7.866
2014-02-17 03:14:04,10.763,0.057,9222,"Orinoco, River",South America,Venezuela,River,-64.493,7.866
2014-02-27 01:12:34,9.908,0.021,9222,"Orinoco, River",South America,Venezuela,River,-64.493,7.866
2014-03-28 19:08:11,13.075,0.117,9222,"Orinoco, River",South America,Venezuela,River,-64.493,7.866
2014-04-07 17:06:42,11.066,0.006,9222,"Orinoco, River",South America,Venezuela,River,-64.493,7.866
2014-04-17 15:05:13,11.447,0.056,9222,"Orinoco, River",South America,Venezuela,River,-64.493,7.866
2014-05-07 11:02:17,14.157,0.001,9222,"Orinoco, River",South America,Venezuela,River,-64.493,7.866
2014-05-27 06:59:22,15.147,0.013,9222,"Orinoco, River",South America,Venezuela,River,-64.493,7.866
2014-06-06 04:57:53,14.078,0.194,9222,"Orinoco, River",South America,Venezuela,River,-64.493,7.866
2014-06-16 02:56:24,17.03,0.026,9222,"Orinoco, River",South America,Venezuela,River,-64.493,7.866
2014-07-05 22:53:26,19.552,0.042,9222,"Orinoco, River",South America,Venezuela,River,-64.493,7.866
2014-07-15 20:51:57,20.276,0.029,9222,"Orinoco, River",South America,Venezuela,River,-64.493,7.866
2014-07-25 18:50:30,21.185,0.004,9222,"Orinoco, River",South America,Venezuela,River,-64.493,7.866
2014-08-14 14:47:34,22.759,0.001,9222,"Orinoco, River",South America,Venezuela,River,-64.493,7.866
2014-08-24 12:46:06,23.14,0.001,9222,"Orinoco, River",South America,Venezuela,River,-64.493,7.866
2014-09-03 10:44:38,23.006,0.025,9222,"Orinoco, River",South America,Venezuela,River,-64.493,7.866
2014-09-13 08:43:09,22.7,0.029,9222,"Orinoco, River",South America,Venezuela,River,-64.493,7.866
2014-09-23 06:41:41,22.091,0.01,9222,"Orinoco, River",South America,Venezuela,River,-64.493,7.866
2014-10-03 04:40:12,21.416,0.012,9222,"Orinoco, River",South America,Venezuela,River,-64.493,7.866
2014-10-13 02:38:42,20.393,0.026,9222,"Orinoco, River",South America,Venezuela,River,-64.493,7.866
2014-10-23 00:37:14,19.52,0.064,9222,"Orinoco, River",South America,Venezuela,River,-64.493,7.866
2014-11-11 20:34:18,19.066,0.015,9222,"Orinoco, River",South America,Venezuela,River,-64.493,7.866
2014-11-21 18:32:49,18.207,0.092,9222,"Orinoco, River",South America,Venezuela,River,-64.493,7.866
2014-12-01 16:31:21,17.484,0.037,9222,"Orinoco, River",South America,Venezuela,River,-64.493,7.866
2014-12-21 12:28:24,20.938,0.04,9222,"Orinoco, River",South America,Venezuela,River,-64.493,7.866
2014-12-31 10:26:57,20.979,0.006,9222,"Orinoco, River",South America,Venezuela,River,-64.493,7.866
2015-01-10 08:25:29,13.466,0.032,9222,"Orinoco, River",South America,Venezuela,River,-64.493,7.866
2015-01-30 04:22:32,11.927,0.011,9222,"Orinoco, River",South America,Venezuela,River,-64.493,7.866
2015-02-09 02:21:03,11.978,0.034,9222,"Orinoco, River",South America,Venezuela,River,-64.493,7.866
2015-02-19 00:19:34,12.216,0.133,9222,"Orinoco, River",South America,Venezuela,River,-64.493,7.866
2015-02-28 22:18:05,11.721,0.029,9222,"Orinoco, River",South America,Venezuela,River,-64.493,7.866
2015-03-10 20:16:36,10.989,0.016,9222,"Orinoco, River",South America,Venezuela,River,-64.493,7.866
2015-03-20 18:15:09,11.13,0.027,9222,"Orinoco, River",South America,Venezuela,River,-64.493,7.866
2015-03-30 16:13:42,11.171,0.008,9222,"Orinoco, River",South America,Venezuela,River,-64.493,7.866
2015-04-19 12:10:45,11.597,0.034,9222,"Orinoco, River",South America,Venezuela,River,-64.493,7.866
2015-05-09 08:07:47,13.897,0.039,9222,"Orinoco, River",South America,Venezuela,River,-64.493,7.866
2015-05-19 06:06:18,14.054,0.02,9222,"Orinoco, River",South America,Venezuela,River,-64.493,7.866
2015-05-29 04:04:50,15.445,0.01,9222,"Orinoco, River",South America,Venezuela,River,-64.493,7.866
2015-06-18 00:01:55,17.657,0.018,9222,"Orinoco, River",South America,Venezuela,River,-64.493,7.866
2015-07-07 19:58:58,20.227,0.008,9222,"Orinoco, River",South America,Venezuela,River,-64.493,7.866
2015-07-17 17:57:29,20.551,0.016,9222,"Orinoco, River",South America,Venezuela,River,-64.493,7.866
2015-07-27 15:56:01,21.593,0.022,9222,"Orinoco, River",South America,Venezuela,River,-64.493,7.866
2015-08-06 13:54:32,22.324,0.025,9222,"Orinoco, River",South America,Venezuela,River,-64.493,7.866
2015-08-16 11:53:03,22.274,0.005,9222,"Orinoco, River",South America,Venezuela,River,-64.493,7.866
2015-08-26 09:51:34,22.994,0.001,9222,"Orinoco, River",South America,Venezuela,River,-64.493,7.866
2015-09-05 07:50:05,23.234,0.002,9222,"Orinoco, River",South America,Venezuela,River,-64.493,7.866
2015-09-15 05:48:37,22.612,0.0,9222,"Orinoco, River",South America,Venezuela,River,-64.493,7.866
2015-10-14 23:44:14,17.776,0.035,9222,"Orinoco, River",South America,Venezuela,River,-64.493,7.866
2015-10-24 21:42:46,16.633,0.001,9222,"Orinoco, River",South America,Venezuela,River,-64.493,7.866
2015-11-03 19:41:18,16.768,0.051,9222,"Orinoco, River",South America,Venezuela,River,-64.493,7.866
2015-11-13 17:39:49,16.461,0.051,9222,"Orinoco, River",South America,Venezuela,River,-64.493,7.866
2015-11-23 15:38:21,16.51,0.121,9222,"Orinoco, River",South America,Venezuela,River,-64.493,7.866
2015-12-03 13:36:53,15.959,0.022,9222,"Orinoco, River",South America,Venezuela,River,-64.493,7.866
2015-12-13 11:35:25,15.195,0.021,9222,"Orinoco, River",South America,Venezuela,River,-64.493,7.866
2015-12-23 09:33:56,16.256,0.135,9222,"Orinoco, River",South America,Venezuela,River,-64.493,7.866
2016-01-12 05:30:58,12.941,0.062,9222,"Orinoco, River",South America,Venezuela,River,-64.493,7.866
2016-01-22 03:29:29,11.726,0.002,9222,"Orinoco, River",South America,Venezuela,River,-64.493,7.866
2016-02-01 01:28:02,10.573,0.047,9222,"Orinoco, River",South America,Venezuela,River,-64.493,7.866
2016-02-10 23:26:34,10.457,0.048,9222,"Orinoco, River",South America,Venezuela,River,-64.493,7.866
2016-02-20 21:25:51,9.693,0.03,9222,"Orinoco, River",South America,Venezuela,River,-64.493,7.866
2016-03-01 19:24:37,10.273,0.057,9222,"Orinoco, River",South America,Venezuela,River,-64.493,7.866
2016-03-11 17:22:50,10.422,0.023,9222,"Orinoco, River",South America,Venezuela,River,-64.493,7.866
2016-03-21 15:21:16,10.117,0.024,9222,"Orinoco, River",South America,Venezuela,River,-64.493,7.866
2016-03-31 13:19:28,9.891,0.025,9222,"Orinoco, River",South America,Venezuela,River,-64.493,7.866
2016-04-10 11:17:59,10.005,0.088,9222,"Orinoco, River",South America,Venezuela,River,-64.493,7.866
2016-04-20 09:17:38,11.877,0.017,9222,"Orinoco, River",South America,Venezuela,River,-64.493,7.866
2016-04-30 07:15:27,14.215,0.08,9222,"Orinoco, River",South America,Venezuela,River,-64.493,7.866
2016-05-10 05:13:53,15.893,0.005,9222,"Orinoco, River",South America,Venezuela,River,-64.493,7.866
2016-05-20 03:13:10,17.178,0.067,9222,"Orinoco, River",South America,Venezuela,River,-64.493,7.866
2016-05-30 01:11:42,16.908,0.008,9222,"Orinoco, River",South America,Venezuela,River,-64.493,7.866
2016-06-08 23:09:34,20.611,0.003,9222,"Orinoco, River",South America,Venezuela,River,-64.493,7.866
2016-06-18 21:08:06,20.008,0.013,9222,"Orinoco, River",South America,Venezuela,River,-64.493,7.866
2016-06-28 19:07:19,20.613,0.16,9222,"Orinoco, River",South America,Venezuela,River,-64.493,7.866
2016-07-08 17:05:11,21.726,0.005,9222,"Orinoco, River",South America,Venezuela,River,-64.493,7.866
2016-07-18 15:03:42,22.649,0.006,9222,"Orinoco, River",South America,Venezuela,River,-64.493,7.866
2016-07-28 13:02:14,23.428,0.018,9222,"Orinoco, River",South America,Venezuela,River,-64.493,7.866
2016-08-07 11:00:45,23.808,0.002,9222,"Orinoco, River",South America,Venezuela,River,-64.493,7.866
2016-08-17 08:59:16,24.099,0.011,9222,"Orinoco, River",South America,Venezuela,River,-64.493,7.866
2016-08-27 06:57:42,23.69,0.015,9222,"Orinoco, River",South America,Venezuela,River,-64.493,7.866
2016-09-06 04:56:13,23.279,0.005,9222,"Orinoco, River",South America,Venezuela,River,-64.493,7.866
2016-09-16 02:54:10,23.287,0.025,9222,"Orinoco, River",South America,Venezuela,River,-64.493,7.866
2016-09-26 00:53:22,22.626,0.033,9222,"Orinoco, River",South America,Venezuela,River,-64.493,7.866
2016-10-05 22:52:35,21.528,0.01,9222,"Orinoco, River",South America,Venezuela,River,-64.493,7.866
2016-10-15 20:51:07,20.513,0.158,9222,"Orinoco, River",South America,Venezuela,River,-64.493,7.866
2016-10-25 18:49:39,19.116,0.202,9222,"Orinoco, River",South America,Venezuela,River,-64.493,7.866
2016-11-04 16:48:11,18.778,0.25,9222,"Orinoco, River",South America,Venezuela,River,-64.493,7.866
2016-11-14 14:46:43,17.94,0.0,9222,"Orinoco, River",South America,Venezuela,River,-64.493,7.866
2016-11-24 12:45:14,17.551,0.021,9222,"Orinoco, River",South America,Venezuela,River,-64.493,7.866
2016-12-04 10:43:45,16.918,0.029,9222,"Orinoco, River",South America,Venezuela,River,-64.493,7.866
2016-12-14 08:42:16,17.009,0.033,9222,"Orinoco, River",South America,Venezuela,River,-64.493,7.866
2016-12-24 06:40:47,15.909,0.093,9222,"Orinoco, River",South America,Venezuela,River,-64.493,7.866
2017-01-03 04:39:18,18.421,0.345,9222,"Orinoco, River",South America,Venezuela,River,-64.493,7.866
2017-01-13 02:37:50,15.466,0.024,9222,"Orinoco, River",South America,Venezuela,River,-64.493,7.866
2017-01-23 00:36:22,14.395,0.009,9222,"Orinoco, River",South America,Venezuela,River,-64.493,7.866
2017-02-01 22:34:54,12.852,0.027,9222,"Orinoco, River",South America,Venezuela,River,-64.493,7.866
2017-02-11 20:33:26,12.36,0.028,9222,"Orinoco, River",South America,Venezuela,River,-64.493,7.866
2017-02-21 18:31:57,11.927,0.011,9222,"Orinoco, River",South America,Venezuela,River,-64.493,7.866
2017-03-03 16:30:29,12.332,0.04,9222,"Orinoco, River",South America,Venezuela,River,-64.493,7.866
2017-03-13 14:29:01,11.356,0.056,9222,"Orinoco, River",South America,Venezuela,River,-64.493,7.866
2017-03-23 12:27:32,12.226,0.023,9222,"Orinoco, River",South America,Venezuela,River,-64.493,7.866
2017-04-02 10:26:03,12.58,0.007,9222,"Orinoco, River",South America,Venezuela,River,-64.493,7.866
2017-04-12 08:24:33,12.993,0.032,9222,"Orinoco, River",South America,Venezuela,River,-64.493,7.866
2017-04-22 06:23:06,13.156,0.235,9222,"Orinoco, River",South America,Venezuela,River,-64.493,7.866
2017-05-02 04:21:38,14.174,0.023,9222,"Orinoco, River",South America,Venezuela,River,-64.493,7.866
2017-05-12 02:20:10,15.913,0.03,9222,"Orinoco, River",South America,Venezuela,River,-64.493,7.866
2017-05-22 00:18:42,17.563,0.034,9222,"Orinoco, River",South America,Venezuela,River,-64.493,7.866
2017-05-31 22:17:14,17.856,0.109,9222,"Orinoco, River",South America,Venezuela,River,-64.493,7.866
2017-06-20 18:14:18,19.73,0.119,9222,"Orinoco, River",South America,Venezuela,River,-64.493,7.866
2017-06-30 16:12:50,20.515,0.206,9222,"Orinoco, River",South America,Venezuela,River,-64.493,7.866
2017-07-10 14:11:21,21.596,0.031,9222,"Orinoco, River",South America,Venezuela,River,-64.493,7.866
2017-07-20 12:09:53,22.23,0.021,9222,"Orinoco, River",South America,Venezuela,River,-64.493,7.866
2017-08-09 08:06:55,24.398,0.019,9222,"Orinoco, River",South America,Venezuela,River,-64.493,7.866
2017-08-19 06:05:27,23.972,0.0,9222,"Orinoco, River",South America,Venezuela,River,-64.493,7.866
2017-08-29 04:03:58,23.725,0.004,9222,"Orinoco, River",South America,Venezuela,River,-64.493,7.866
2017-09-08 02:02:29,22.889,0.0,9222,"Orinoco, River",South America,Venezuela,River,-64.493,7.866
2017-09-18 00:01:01,21.853,0.035,9222,"Orinoco, River",South America,Venezuela,River,-64.493,7.866
2017-09-27 21:59:33,20.394,0.001,9222,"Orinoco, River",South America,Venezuela,River,-64.493,7.866
2017-10-07 19:58:05,19.961,0.002,9222,"Orinoco, River",South America,Venezuela,River,-64.493,7.866
2017-10-17 17:56:37,19.471,0.018,9222,"Orinoco, River",South America,Venezuela,River,-64.493,7.866
2017-10-27 15:55:09,18.843,0.054,9222,"Orinoco, River",South America,Venezuela,River,-64.493,7.866
2017-11-06 13:53:40,18.708,0.001,9222,"Orinoco, River",South America,Venezuela,River,-64.493,7.866
2017-11-16 11:52:12,18.124,0.022,9222,"Orinoco, River",South America,Venezuela,River,-64.493,7.866
2017-11-26 09:50:43,16.932,0.003,9222,"Orinoco, River",South America,Venezuela,River,-64.493,7.866
2017-12-06 07:49:14,16.001,0.046,9222,"Orinoco, River",South America,Venezuela,River,-64.493,7.866
2017-12-16 05:47:45,12.582,0.121,9222,"Orinoco, River",South America,Venezuela,River,-64.493,7.866
2017-12-26 03:46:17,20.912,0.037,9222,"Orinoco, River",South America,Venezuela,River,-64.493,7.866
2018-01-05 01:44:49,13.045,0.227,9222,"Orinoco, River",South America,Venezuela,River,-64.493,7.866
2018-01-14 23:43:21,12.772,0.044,9222,"Orinoco, River",South America,Venezuela,River,-64.493,7.866
2018-01-24 21:41:53,12.377,0.249,9222,"Orinoco, River",South America,Venezuela,River,-64.493,7.866
2018-02-13 17:38:56,11.478,0.124,9222,"Orinoco, River",South America,Venezuela,River,-64.493,7.866
2018-02-23 15:37:28,11.104,0.186,9222,"Orinoco, River",South America,Venezuela,River,-64.493,7.866
2018-03-05 13:35:59,10.284,0.018,9222,"Orinoco, River",South America,Venezuela,River,-64.493,7.866
2018-03-15 11:34:30,10.198,0.039,9222,"Orinoco, River",South America,Venezuela,River,-64.493,7.866
2018-03-25 09:33:00,10.449,0.001,9222,"Orinoco, River",South America,Venezuela,River,-64.493,7.866
2018-04-04 07:31:31,10.006,0.019,9222,"Orinoco, River",South America,Venezuela,River,-64.493,7.866
2018-04-14 05:30:03,11.079,0.069,9222,"Orinoco, River",South America,Venezuela,River,-64.493,7.866
2018-04-24 03:28:35,12.476,0.063,9222,"Orinoco, River",South America,Venezuela,River,-64.493,7.866
2018-05-04 01:27:07,14.465,0.022,9222,"Orinoco, River",South America,Venezuela,River,-64.493,7.866
2018-05-13 23:25:39,16.767,0.001,9222,"Orinoco, River",South America,Venezuela,River,-64.493,7.866
2018-05-23 21:24:11,17.564,0.004,9222,"Orinoco, River",South America,Venezuela,River,-64.493,7.866
2018-06-02 19:22:43,18.574,0.049,9222,"Orinoco, River",South America,Venezuela,River,-64.493,7.866
2018-06-12 17:21:14,19.432,0.217,9222,"Orinoco, River",South America,Venezuela,River,-64.493,7.866
2018-06-22 15:19:46,20.504,0.001,9222,"Orinoco, River",South America,Venezuela,River,-64.493,7.866
2018-07-02 13:18:18,21.714,0.003,9222,"Orinoco, River",South America,Venezuela,River,-64.493,7.866
2018-07-12 11:16:49,23.146,0.002,9222,"Orinoco, River",South America,Venezuela,River,-64.493,7.866
2018-07-22 09:15:20,23.836,0.009,9222,"Orinoco, River",South America,Venezuela,River,-64.493,7.866
2018-08-01 07:13:51,24.645,0.0,9222,"Orinoco, River",South America,Venezuela,River,-64.493,7.866
2018-09-19 21:06:29,24.541,0.002,9222,"Orinoco, River",South America,Venezuela,River,-64.493,7.866
2018-09-29 19:05:01,23.728,0.115,9222,"Orinoco, River",South America,Venezuela,River,-64.493,7.866
2018-10-09 17:03:33,22.627,0.0,9222,"Orinoco, River",South America,Venezuela,River,-64.493,7.866
2018-10-19 15:02:05,21.539,0.002,9222,"Orinoco, River",South America,Venezuela,River,-64.493,7.866
2018-10-29 13:00:37,20.233,0.02,9222,"Orinoco, River",South America,Venezuela,River,-64.493,7.866
2018-11-08 10:59:08,18.766,0.024,9222,"Orinoco, River",South America,Venezuela,River,-64.493,7.866
2018-11-18 08:57:39,17.929,0.0,9222,"Orinoco, River",South America,Venezuela,River,-64.493,7.866
2018-11-28 06:56:10,17.208,0.01,9222,"Orinoco, River",South America,Venezuela,River,-64.493,7.866
2018-12-08 04:54:41,21.102,0.01,9222,"Orinoco, River",South America,Venezuela,River,-64.493,7.866
2018-12-18 02:53:12,14.405,0.033,9222,"Orinoco, River",South America,Venezuela,River,-64.493,7.866
2019-01-06 22:50:16,12.689,0.03,9222,"Orinoco, River",South America,Venezuela,River,-64.493,7.866
2019-01-16 20:48:48,11.705,0.004,9222,"Orinoco, River",South America,Venezuela,River,-64.493,7.866
2019-01-26 18:47:20,11.532,0.004,9222,"Orinoco, River",South America,Venezuela,River,-64.493,7.866
2019-02-05 16:45:52,11.352,0.093,9222,"Orinoco, River",South America,Venezuela,River,-64.493,7.866
2019-02-15 14:44:24,11.483,0.034,9222,"Orinoco, River",South America,Venezuela,River,-64.493,7.866
2019-03-07 10:41:27,10.394,0.081,9222,"Orinoco, River",South America,Venezuela,River,-64.493,7.866
2019-03-17 08:39:57,10.082,0.151,9222,"Orinoco, River",South America,Venezuela,River,-64.493,7.866
2019-03-27 06:38:28,10.381,0.061,9222,"Orinoco, River",South America,Venezuela,River,-64.493,7.866
2019-04-06 04:36:59,10.78,0.057,9222,"Orinoco, River",South America,Venezuela,River,-64.493,7.866
2019-04-16 02:35:29,10.385,0.036,9222,"Orinoco, River",South America,Venezuela,River,-64.493,7.866
2019-05-05 22:32:34,13.189,0.007,9222,"Orinoco, River",South America,Venezuela,River,-64.493,7.866
2019-05-15 20:31:06,14.213,0.006,9222,"Orinoco, River",South America,Venezuela,River,-64.493,7.866
2019-05-25 18:29:38,15.94,0.011,9222,"Orinoco, River",South America,Venezuela,River,-64.493,7.866
2019-06-04 16:28:10,17.13,0.001,9222,"Orinoco, River",South America,Venezuela,River,-64.493,7.866
2019-06-14 14:26:42,17.959,0.011,9222,"Orinoco, River",South America,Venezuela,River,-64.493,7.866
2019-06-24 12:25:13,19.087,0.0,9222,"Orinoco, River",South America,Venezuela,River,-64.493,7.866
2019-07-04 10:23:45,20.209,0.003,9222,"Orinoco, River",South America,Venezuela,River,-64.493,7.866
2019-07-14 08:22:16,21.187,0.037,9222,"Orinoco, River",South America,Venezuela,River,-64.493,7.866
2019-07-24 06:20:47,21.919,0.003,9222,"Orinoco, River",South America,Venezuela,River,-64.493,7.866
2019-08-03 04:19:17,22.743,0.002,9222,"Orinoco, River",South America,Venezuela,River,-64.493,7.866
2019-08-13 02:17:49,22.788,0.018,9222,"Orinoco, River",South America,Venezuela,River,-64.493,7.866
2019-08-23 00:16:21,23.369,0.0,9222,"Orinoco, River",South America,Venezuela,River,-64.493,7.866
2019-09-01 22:14:52,23.518,0.001,9222,"Orinoco, River",South America,Venezuela,River,-64.493,7.866
2019-09-11 20:13:24,23.079,0.0,9222,"Orinoco, River",South America,Venezuela,River,-64.493,7.866
2019-09-21 18:11:56,22.441,0.037,9222,"Orinoco, River",South America,Venezuela,River,-64.493,7.866
2019-10-01 16:10:28,21.371,0.0,9222,"Orinoco, River",South America,Venezuela,River,-64.493,7.866
2019-10-11 14:08:59,19.931,0.0,9222,"Orinoco, River",South America,Venezuela,River,-64.493,7.866
2019-10-21 12:07:31,18.713,0.039,9222,"Orinoco, River",South America,Venezuela,River,-64.493,7.866
2019-10-31 10:06:02,18.706,0.0,9222,"Orinoco, River",South America,Venezuela,River,-64.493,7.866
2019-11-10 08:04:32,17.908,0.026,9222,"Orinoco, River",South America,Venezuela,River,-64.493,7.866
2019-11-20 06:03:03,17.352,0.014,9222,"Orinoco, River",South America,Venezuela,River,-64.493,7.866
2019-11-30 04:01:34,16.415,0.069,9222,"Orinoco, River",South America,Venezuela,River,-64.493,7.866
2019-12-10 02:00:06,15.674,0.246,9222,"Orinoco, River",South America,Venezuela,River,-64.493,7.866
2019-12-19 23:58:38,15.202,0.046,9222,"Orinoco, River",South America,Venezuela,River,-64.493,7.866
2019-12-29 21:57:09,14.862,0.021,9222,"Orinoco, River",South America,Venezuela,River,-64.493,7.866
2020-01-08 19:55:41,20.827,0.13,9222,"Orinoco, River",South America,Venezuela,River,-64.493,7.866
2020-01-28 15:52:45,12.025,0.013,9222,"Orinoco, River",South America,Venezuela,River,-64.493,7.866
2020-02-17 11:49:48,11.115,0.002,9222,"Orinoco, River",South America,Venezuela,River,-64.493,7.866
2020-02-27 09:48:18,10.465,0.225,9222,"Orinoco, River",South America,Venezuela,River,-64.493,7.866
2020-03-08 07:46:49,10.362,0.05,9222,"Orinoco, River",South America,Venezuela,River,-64.493,7.866
2020-03-18 05:45:21,10.321,0.087,9222,"Orinoco, River",South America,Venezuela,River,-64.493,7.866
2020-03-28 03:43:53,8.967,0.157,9222,"Orinoco, River",South America,Venezuela,River,-64.493,7.866
2020-04-07 01:42:25,9.71,0.083,9222,"Orinoco, River",South America,Venezuela,River,-64.493,7.866
2020-04-16 23:40:57,10.646,0.004,9222,"Orinoco, River",South America,Venezuela,River,-64.493,7.866
2020-04-26 21:39:28,11.268,0.006,9222,"Orinoco, River",South America,Venezuela,River,-64.493,7.866
2020-05-06 19:38:00,11.332,0.024,9222,"Orinoco, River",South America,Venezuela,River,-64.493,7.866
2020-05-16 17:36:32,14.545,0.002,9222,"Orinoco, River",South America,Venezuela,River,-64.493,7.866
2020-05-26 15:35:04,14.606,0.041,9222,"Orinoco, River",South America,Venezuela,River,-64.493,7.866
2020-06-05 13:33:36,16.354,0.202,9222,"Orinoco, River",South America,Venezuela,River,-64.493,7.866
2020-06-15 11:32:07,16.818,0.007,9222,"Orinoco, River",South America,Venezuela,River,-64.493,7.866
2020-06-25 09:30:38,17.934,0.003,9222,"Orinoco, River",South America,Venezuela,River,-64.493,7.866
2020-07-05 07:29:09,18.697,0.018,9222,"Orinoco, River",South America,Venezuela,River,-64.493,7.866
2020-07-15 05:27:40,19.695,0.007,9222,"Orinoco, River",South America,Venezuela,River,-64.493,7.866
2020-07-25 03:26:11,20.324,0.014,9222,"Orinoco, River",South America,Venezuela,River,-64.493,7.866
2020-08-04 01:24:43,21.085,0.0,9222,"Orinoco, River",South America,Venezuela,River,-64.493,7.866
2020-08-13 23:23:14,21.438,0.016,9222,"Orinoco, River",South America,Venezuela,River,-64.493,7.866
2020-08-23 21:21:46,21.015,0.09,9222,"Orinoco, River",South America,Venezuela,River,-64.493,7.866
2020-09-02 19:20:18,20.945,0.146,9222,"Orinoco, River",South America,Venezuela,River,-64.493,7.866
2020-09-12 17:18:50,20.401,0.004,9222,"Orinoco, River",South America,Venezuela,River,-64.493,7.866
2020-09-22 15:17:22,19.328,0.001,9222,"Orinoco, River",South America,Venezuela,River,-64.493,7.866
2020-10-02 13:15:53,18.421,0.002,9222,"Orinoco, River",South America,Venezuela,River,-64.493,7.866
2020-10-12 11:14:24,18.273,0.001,9222,"Orinoco, River",South America,Venezuela,River,-64.493,7.866
2020-10-22 09:12:55,17.936,0.049,9222,"Orinoco, River",South America,Venezuela,River,-64.493,7.866
2020-11-01 07:11:26,17.15,0.161,9222,"Orinoco, River",South America,Venezuela,River,-64.493,7.866
2020-11-11 05:09:58,17.485,0.019,9222,"Orinoco, River",South America,Venezuela,River,-64.493,7.866
2020-11-21 03:08:30,17.933,0.004,9222,"Orinoco, River",South America,Venezuela,River,-64.493,7.866
2020-12-01 01:07:02,17.684,0.006,9222,"Orinoco, River",South America,Venezuela,River,-64.493,7.866
2020-12-10 23:05:33,17.739,0.012,9222,"Orinoco, River",South America,Venezuela,River,-64.493,7.866
2020-12-20 21:04:04,16.834,0.007,9222,"Orinoco, River",South America,Venezuela,River,-64.493,7.866
2020-12-30 19:03:06,15.575,0.117,9222,"Orinoco, River",South America,Venezuela,River,-64.493,7.866
2021-01-09 17:01:22,15.198,0.003,9222,"Orinoco, River",South America,Venezuela,River,-64.493,7.866
2021-01-19 14:59:53,14.938,0.039,9222,"Orinoco, River",South America,Venezuela,River,-64.493,7.866
2021-01-29 12:58:09,12.91,0.403,9222,"Orinoco, River",South America,Venezuela,River,-64.493,7.866
2021-02-08 10:57:00,12.924,0.013,9222,"Orinoco, River",South America,Venezuela,River,-64.493,7.866
2021-02-18 08:55:27,11.739,0.031,9222,"Orinoco, River",South America,Venezuela,River,-64.493,7.866
2021-02-28 06:54:01,11.515,0.03,9222,"Orinoco, River",South America,Venezuela,River,-64.493,7.866
2021-03-10 04:52:33,11.621,0.02,9222,"Orinoco, River",South America,Venezuela,River,-64.493,7.866
2021-03-20 02:51:17,11.582,0.036,9222,"Orinoco, River",South America,Venezuela,River,-64.493,7.866
2021-03-30 00:49:34,12.095,0.175,9222,"Orinoco, River",South America,Venezuela,River,-64.493,7.866
2021-04-08 22:48:05,13.45,0.119,9222,"Orinoco, River",South America,Venezuela,River,-64.493,7.866
2021-04-18 20:46:52,14.643,0.31,9222,"Orinoco, River",South America,Venezuela,River,-64.493,7.866
2021-04-28 18:45:15,19.536,0.056,9222,"Orinoco, River",South America,Venezuela,River,-64.493,7.866
2021-05-08 16:43:43,16.369,0.024,9222,"Orinoco, River",South America,Venezuela,River,-64.493,7.866
2021-05-18 14:42:12,17.859,0.028,9222,"Orinoco, River",South America,Venezuela,River,-64.493,7.866
2021-05-28 12:40:44,18.804,0.009,9222,"Orinoco, River",South America,Venezuela,River,-64.493,7.866
2021-06-07 10:39:15,20.396,0.0,9222,"Orinoco, River",South America,Venezuela,River,-64.493,7.866
2021-06-17 08:37:47,20.893,0.001,9222,"Orinoco, River",South America,Venezuela,River,-64.493,7.866
2021-06-27 06:36:18,21.295,0.032,9222,"Orinoco, River",South America,Venezuela,River,-64.493,7.866
2021-07-07 04:34:49,22.048,0.003,9222,"Orinoco, River",South America,Venezuela,River,-64.493,7.866
2021-07-17 02:33:21,22.215,0.0,9222,"Orinoco, River",South America,Venezuela,River,-64.493,7.866
2021-07-27 00:31:57,22.813,0.0,9222,"Orinoco, River",South America,Venezuela,River,-64.493,7.866
2021-08-05 22:30:24,23.678,0.002,9222,"Orinoco, River",South America,Venezuela,River,-64.493,7.866
2021-08-15 20:28:55,23.984,0.001,9222,"Orinoco, River",South America,Venezuela,River,-64.493,7.866
2021-08-25 18:27:27,24.181,0.0,9222,"Orinoco, River",South America,Venezuela,River,-64.493,7.866
2021-09-04 16:25:58,23.872,0.001,9222,"Orinoco, River",South America,Venezuela,River,-64.493,7.866
2021-09-14 14:24:16,23.047,0.003,9222,"Orinoco, River",South America,Venezuela,River,-64.493,7.866
2021-09-24 12:23:02,22.401,0.007,9222,"Orinoco, River",South America,Venezuela,River,-64.493,7.866
2021-10-04 10:21:33,21.86,0.0,9222,"Orinoco, River",South America,Venezuela,River,-64.493,7.866
2021-10-14 08:20:04,21.369,0.0,9222,"Orinoco, River",South America,Venezuela,River,-64.493,7.866
2021-10-24 06:18:36,20.601,0.003,9222,"Orinoco, River",South America,Venezuela,River,-64.493,7.866
2021-11-03 04:17:04,19.537,0.013,9222,"Orinoco, River",South America,Venezuela,River,-64.493,7.866
2021-11-13 02:15:38,18.781,0.001,9222,"Orinoco, River",South America,Venezuela,River,-64.493,7.866
2021-11-23 00:14:12,17.211,0.003,9222,"Orinoco, River",South America,Venezuela,River,-64.493,7.866
2021-12-02 22:12:42,16.196,0.027,9222,"Orinoco, River",South America,Venezuela,River,-64.493,7.866
2021-12-12 20:11:11,15.752,0.024,9222,"Orinoco, River",South America,Venezuela,River,-64.493,7.866
2021-12-22 18:10:01,14.951,0.098,9222,"Orinoco, River",South America,Venezuela,River,-64.493,7.866
2022-01-01 16:08:04,17.5,0.165,9222,"Orinoco, River",South America,Venezuela,River,-64.493,7.866
2022-01-21 12:05:23,12.064,0.003,9222,"Orinoco, River",South America,Venezuela,River,-64.493,7.866
2022-01-31 10:03:52,11.55,0.011,9222,"Orinoco, River",South America,Venezuela,River,-64.493,7.866
2022-02-10 08:02:22,11.509,0.047,9222,"Orinoco, River",South America,Venezuela,River,-64.493,7.866
2022-02-20 06:00:51,10.904,0.003,9222,"Orinoco, River",South America,Venezuela,River,-64.493,7.866
2022-03-02 03:59:28,11.385,0.002,9222,"Orinoco, River",South America,Venezuela,River,-64.493,7.866
2022-03-12 01:57:57,12.224,0.006,9222,"Orinoco, River",South America,Venezuela,River,-64.493,7.866
2022-03-21 23:56:31,13.044,0.015,9222,"Orinoco, River",South America,Venezuela,River,-64.493,7.866
2022-03-31 21:55:09,13.426,0.014,9222,"Orinoco, River",South America,Venezuela,River,-64.493,7.866
2022-04-10 19:53:46,13.535,0.038,9222,"Orinoco, River",South America,Venezuela,River,-64.493,7.866
2022-04-20 17:52:18,13.654,0.001,9222,"Orinoco, River",South America,Venezuela,River,-64.493,7.866
2022-04-30 15:50:49,14.201,0.022,9222,"Orinoco, River",South America,Venezuela,River,-64.493,7.866
2022-05-10 13:49:21,15.622,0.015,9222,"Orinoco, River",South America,Venezuela,River,-64.493,7.866
2022-05-30 09:46:23,18.69,0.023,9222,"Orinoco, River",South America,Venezuela,River,-64.493,7.866
2022-06-09 07:44:54,19.421,0.028,9222,"Orinoco, River",South America,Venezuela,River,-64.493,7.866
2022-06-19 05:43:25,20.26,0.018,9222,"Orinoco, River",South America,Venezuela,River,-64.493,7.866
2022-06-29 03:41:57,21.357,0.005,9222,"Orinoco, River",South America,Venezuela,River,-64.493,7.866
2022-07-09 01:40:30,22.111,0.005,9222,"Orinoco, River",South America,Venezuela,River,-64.493,7.866
2022-07-18 23:39:02,22.564,0.022,9222,"Orinoco, River",South America,Venezuela,River,-64.493,7.866
2022-07-28 21:37:33,23.04,0.001,9222,"Orinoco, River",South America,Venezuela,River,-64.493,7.866
2022-08-07 19:36:05,23.7,0.007,9222,"Orinoco, River",South America,Venezuela,River,-64.493,7.866
2022-08-17 17:34:36,23.617,0.027,9222,"Orinoco, River",South America,Venezuela,River,-64.493,7.866
2022-08-27 15:33:08,23.088,0.004,9222,"Orinoco, River",South America,Venezuela,River,-64.493,7.866
2022-09-06 13:31:39,23.603,0.002,9222,"Orinoco, River",South America,Venezuela,River,-64.493,7.866
2022-09-16 11:30:11,23.339,0.004,9222,"Orinoco, River",South America,Venezuela,River,-64.493,7.866
2022-09-26 09:28:42,22.471,0.018,9222,"Orinoco, River",South America,Venezuela,River,-64.493,7.866
2022-10-06 07:27:13,21.509,0.007,9222,"Orinoco, River",South America,Venezuela,River,-64.493,7.866
2022-10-16 05:25:44,20.363,0.01,9222,"Orinoco, River",South America,Venezuela,River,-64.493,7.866
2022-10-26 03:24:17,19.491,0.056,9222,"Orinoco, River",South America,Venezuela,River,-64.493,7.866
2022-11-05 01:22:49,20.112,0.096,9222,"Orinoco, River",South America,Venezuela,River,-64.493,7.866
2022-11-14 23:21:22,19.52,0.003,9222,"Orinoco, River",South America,Venezuela,River,-64.493,7.866
2022-11-24 21:19:54,19.291,0.0,9222,"Orinoco, River",South America,Venezuela,River,-64.493,7.866
2022-12-04 19:18:26,18.61,0.004,9222,"Orinoco, River",South America,Venezuela,River,-64.493,7.866
2022-12-14 17:16:57,17.509,0.067,9222,"Orinoco, River",South America,Venezuela,River,-64.493,7.866
2022-12-24 15:15:28,21.203,0.007,9222,"Orinoco, River",South America,Venezuela,River,-64.493,7.866
2023-01-03 13:13:58,14.139,0.033,9222,"Orinoco, River",South America,Venezuela,River,-64.493,7.866
2023-01-13 11:12:29,13.485,0.042,9222,"Orinoco, River",South America,Venezuela,River,-64.493,7.866
2023-01-23 09:11:00,13.64,0.019,9222,"Orinoco, River",South America,Venezuela,River,-64.493,7.866
2023-02-12 05:08:05,11.839,0.002,9222,"Orinoco, River",South America,Venezuela,River,-64.493,7.866
2023-02-22 03:06:37,11.74,0.021,9222,"Orinoco, River",South America,Venezuela,River,-64.493,7.866
2023-03-04 01:05:09,11.377,0.004,9222,"Orinoco, River",South America,Venezuela,River,-64.493,7.866
2023-03-23 21:02:13,12.079,0.08,9222,"Orinoco, River",South America,Venezuela,River,-64.493,7.866
2023-04-02 19:00:44,11.807,0.038,9222,"Orinoco, River",South America,Venezuela,River,-64.493,7.866
2023-04-12 16:59:15,11.94,0.02,9222,"Orinoco, River",South America,Venezuela,River,-64.493,7.866
2023-04-22 14:57:47,20.634,0.006,9222,"Orinoco, River",South America,Venezuela,River,-64.493,7.866
2023-05-02 12:56:18,20.736,0.002,9222,"Orinoco, River",South America,Venezuela,River,-64.493,7.866
2023-05-12 10:54:49,14.514,0.106,9222,"Orinoco, River",South America,Venezuela,River,-64.493,7.866
2023-05-22 08:53:19,15.365,0.005,9222,"Orinoco, River",South America,Venezuela,River,-64.493,7.866
2023-06-01 06:51:51,16.962,0.0,9222,"Orinoco, River",South America,Venezuela,River,-64.493,7.866
2023-06-11 04:50:23,18.107,0.0,9222,"Orinoco, River",South America,Venezuela,River,-64.493,7.866
2023-06-21 02:48:55,19.399,0.002,9222,"Orinoco, River",South America,Venezuela,River,-64.493,7.866
2023-07-01 00:47:27,20.194,0.001,9222,"Orinoco, River",South America,Venezuela,River,-64.493,7.866
2023-07-10 22:45:58,20.973,0.013,9222,"Orinoco, River",South America,Venezuela,River,-64.493,7.866
2023-07-20 20:44:29,21.39,0.006,9222,"Orinoco, River",South America,Venezuela,River,-64.493,7.866
2023-07-30 18:43:01,21.904,0.001,9222,"Orinoco, River",South America,Venezuela,River,-64.493,7.866
2023-08-09 16:41:32,22.63,0.023,9222,"Orinoco, River",South America,Venezuela,River,-64.493,7.866
2023-08-19 14:40:05,22.461,0.0,9222,"Orinoco, River",South America,Venezuela,River,-64.493,7.866
2023-08-29 12:38:37,22.364,0.011,9222,"Orinoco, River",South America,Venezuela,River,-64.493,7.866
2023-09-08 10:37:09,21.253,0.007,9222,"Orinoco, River",South America,Venezuela,River,-64.493,7.866
2023-09-18 08:35:41,19.967,0.024,9222,"Orinoco, River",South America,Venezuela,River,-64.493,7.866
2023-09-28 06:34:12,18.513,0.03,9222,"Orinoco, River",South America,Venezuela,River,-64.493,7.866
2023-10-08 04:32:44,20.883,0.033,9222,"Orinoco, River",South America,Venezuela,River,-64.493,7.866
2023-10-28 00:29:47,15.748,0.002,9222,"Orinoco, River",South America,Venezuela,River,-64.493,7.866
2023-11-06 22:28:18,15.608,0.076,9222,"Orinoco, River",South America,Venezuela,River,-64.493,7.866
2023-11-16 20:26:49,15.509,0.03,9222,"Orinoco, River",South America,Venezuela,River,-64.493,7.866
2023-11-26 18:25:19,15.401,0.014,9222,"Orinoco, River",South America,Venezuela,River,-64.493,7.866
2023-12-16 14:22:24,13.461,0.045,9222,"Orinoco, River",South America,Venezuela,River,-64.493,7.866
2023-12-26 12:20:56,13.198,0.033,9222,"Orinoco, River",South America,Venezuela,River,-64.493,7.866
2024-01-05 10:19:28,12.869,0.226,9222,"Orinoco, River",South America,Venezuela,River,-64.493,7.866
2024-01-15 08:18:00,20.977,0.001,9222,"Orinoco, River",South America,Venezuela,River,-64.493,7.866
2024-01-25 06:16:31,11.973,0.004,9222,"Orinoco, River",South America,Venezuela,River,-64.493,7.866
2024-02-24 00:12:05,11.123,0.008,9222,"Orinoco, River",South America,Venezuela,River,-64.493,7.866
2024-04-03 16:06:13,20.607,0.244,9222,"Orinoco, River",South America,Venezuela,River,-64.493,7.866
2024-04-13 14:04:45,20.322,0.002,9222,"Orinoco, River",South America,Venezuela,River,-64.493,7.866
2024-04-23 12:03:16,11.453,0.057,9222,"Orinoco, River",South America,Venezuela,River,-64.493,7.866
2024-05-03 10:01:48,12.179,0.033,9222,"Orinoco, River",South America,Venezuela,River,-64.493,7.866
2024-05-23 05:58:50,16.061,0.031,9222,"Orinoco, River",South America,Venezuela,River,-64.493,7.866
2024-06-02 03:57:21,17.547,0.013,9222,"Orinoco, River",South America,Venezuela,River,-64.493,7.866
2024-06-21 23:54:26,20.941,0.035,9222,"Orinoco, River",South America,Venezuela,River,-64.493,7.866
2024-07-01 21:52:58,21.1,0.001,9222,"Orinoco, River",South America,Venezuela,River,-64.493,7.866
2024-07-11 19:51:30,21.762,0.013,9222,"Orinoco, River",South America,Venezuela,River,-64.493,7.866
2024-07-21 17:50:02,22.772,0.007,9222,"Orinoco, River",South America,Venezuela,River,-64.493,7.866
2024-07-31 15:48:33,23.722,0.045,9222,"Orinoco, River",South America,Venezuela,River,-64.493,7.866
2024-08-10 13:47:05,23.716,0.053,9222,"Orinoco, River",South America,Venezuela,River,-64.493,7.866
2024-08-20 11:45:36,23.493,0.002,9222,"Orinoco, River",South America,Venezuela,River,-64.493,7.866
2024-08-30 09:44:07,22.66,0.01,9222,"Orinoco, River",South America,Venezuela,River,-64.493,7.866
2024-09-09 07:42:38,21.389,0.02,9222,"Orinoco, River",South America,Venezuela,River,-64.493,7.866
2024-09-19 05:41:08,20.66,0.0,9222,"Orinoco, River",South America,Venezuela,River,-64.493,7.866
2024-09-29 03:39:41,18.975,0.004,9222,"Orinoco, River",South America,Venezuela,River,-64.493,7.866
2024-10-09 01:38:14,17.403,0.103,9222,"Orinoco, River",South America,Venezuela,River,-64.493,7.866
2024-10-18 23:36:46,16.816,0.002,9222,"Orinoco, River",South America,Venezuela,River,-64.493,7.866
2024-10-28 21:35:18,16.005,0.002,9222,"Orinoco, River",South America,Venezuela,River,-64.493,7.866
2024-11-07 19:33:49,17.698,0.059,9222,"Orinoco, River",South America,Venezuela,River,-64.493,7.866
2024-11-17 17:32:21,21.275,0.069,9222,"Orinoco, River",South America,Venezuela,River,-64.493,7.866
2024-11-27 15:30:52,15.334,0.008,9222,"Orinoco, River",South America,Venezuela,River,-64.493,7.866
2024-12-07 13:29:22,15.632,0.031,9222,"Orinoco, River",South America,Venezuela,River,-64.493,7.866
2024-12-17 11:27:54,14.431,0.007,9222,"Orinoco, River",South America,Venezuela,River,-64.493,7.866
2024-12-27 09:26:26,12.817,0.031,9222,"Orinoco, River",South America,Venezuela,River,-64.493,7.866
2025-01-16 05:23:30,15.271,0.035,9222,"Orinoco, River",South America,Venezuela,River,-64.493,7.866
2025-01-26 03:22:03,20.785,0.007,9222,"Orinoco, River",South America,Venezuela,River,-64.493,7.866
2025-02-05 01:20:34,11.824,0.004,9222,"Orinoco, River",South America,Venezuela,River,-64.493,7.866
2025-02-14 23:19:06,11.664,0.009,9222,"Orinoco, River",South America,Venezuela,River,-64.493,7.866
2025-02-24 21:17:37,11.458,0.059,9222,"Orinoco, River",South America,Venezuela,River,-64.493,7.866
2025-03-06 19:16:08,11.499,0.004,9222,"Orinoco, River",South America,Venezuela,River,-64.493,7.866
2025-03-16 17:14:39,10.936,0.031,9222,"Orinoco, River",South America,Venezuela,River,-64.493,7.866
2025-03-26 15:13:11,11.552,0.064,9222,"Orinoco, River",South America,Venezuela,River,-64.493,7.866
2025-04-05 13:11:44,13.144,0.004,9222,"Orinoco, River",South America,Venezuela,River,-64.493,7.866
2025-04-25 09:08:47,15.171,0.092,9222,"Orinoco, River",South America,Venezuela,River,-64.493,7.866
2025-05-05 07:07:19,15.486,0.014,9222,"Orinoco, River",South America,Venezuela,River,-64.493,7.866
2025-05-15 05:05:51,16.275,0.015,9222,"Orinoco, River",South America,Venezuela,River,-64.493,7.866
2025-05-25 03:04:22,17.865,0.003,9222,"Orinoco, River",South America,Venezuela,River,-64.493,7.866
2025-06-04 01:02:53,19.106,0.041,9222,"Orinoco, River",South America,Venezuela,River,-64.493,7.866
2025-06-13 23:01:24,19.671,0.018,9222,"Orinoco, River",South America,Venezuela,River,-64.493,7.866
2025-06-23 20:59:56,21.519,0.011,9222,"Orinoco, River",South America,Venezuela,River,-64.493,7.866
2025-07-03 18:58:28,22.511,0.003,9222,"Orinoco, River",South America,Venezuela,River,-64.493,7.866
2025-07-13 16:57:00,23.583,0.07,9222,"Orinoco, River",South America,Venezuela,River,-64.493,7.866
2025-07-23 14:55:32,24.355,0.01,9222,"Orinoco, River",South America,Venezuela,River,-64.493,7.866
2025-08-02 12:54:03,24.835,0.005,9222,"Orinoco, River",South America,Venezuela,River,-64.493,7.866
2025-09-01 06:49:38,24.97,0.08,9222,"Orinoco, River",South America,Venezuela,River,-64.493,7.866
2025-09-11 04:48:10,24.865,0.001,9222,"Orinoco, River",South America,Venezuela,River,-64.493,7.866
2025-09-21 02:46:41,23.907,0.003,9222,"Orinoco, River",South America,Venezuela,River,-64.493,7.866
2025-10-01 00:45:12,22.459,0.087,9222,"Orinoco, River",South America,Venezuela,River,-64.493,7.866
2025-10-10 22:43:43,21.928,0.01,9222,"Orinoco, River",South America,Venezuela,River,-64.493,7.866
2025-10-20 20:42:15,20.908,0.047,9222,"Orinoco, River",South America,Venezuela,River,-64.493,7.866
2025-10-30 18:40:47,19.664,0.043,9222,"Orinoco, River",South America,Venezuela,River,-64.493,7.866
2025-11-09 16:39:20,18.486,0.092,9222,"Orinoco, River",South America,Venezuela,River,-64.493,7.866
2025-11-19 14:37:52,21.428,0.051,9222,"Orinoco, River",South America,Venezuela,River,-64.493,7.866
2025-11-29 12:36:23,17.25,0.071,9222,"Orinoco, River",South America,Venezuela,River,-64.493,7.866
2016-05-15 02:28:07,76.339,0.008,13506,"Orinoco, River",South America,Colombia,River,-67.8162,5.0295
2016-06-11 02:28:07,77.929,0.023,13506,"Orinoco, River",South America,Colombia,River,-67.8162,5.0295
2016-07-08 02:28:08,79.376,0.012,13506,"Orinoco, River",South America,Colombia,River,-67.8162,5.0295
2016-08-04 02:28:07,79.739,0.039,13506,"Orinoco, River",South America,Colombia,River,-67.8162,5.0295
2016-08-31 02:28:04,79.369,0.002,13506,"Orinoco, River",South America,Colombia,River,-67.8162,5.0295
2016-09-27 02:28:11,77.843,0.014,13506,"Orinoco, River",South America,Colombia,River,-67.8162,5.0295
2016-10-24 02:28:09,76.143,0.02,13506,"Orinoco, River",South America,Colombia,River,-67.8162,5.0295
2016-11-20 02:28:07,75.119,0.003,13506,"Orinoco, River",South America,Colombia,River,-67.8162,5.0295
2016-12-17 02:28:04,74.671,0.007,13506,"Orinoco, River",South America,Colombia,River,-67.8162,5.0295
2017-01-13 02:28:07,74.018,0.029,13506,"Orinoco, River",South America,Colombia,River,-67.8162,5.0295
2017-02-09 02:28:08,71.754,0.004,13506,"Orinoco, River",South America,Colombia,River,-67.8162,5.0295
2017-03-08 02:28:06,71.454,0.003,13506,"Orinoco, River",South America,Colombia,River,-67.8162,5.0295
2017-04-04 02:28:10,73.172,0.004,13506,"Orinoco, River",South America,Colombia,River,-67.8162,5.0295
2017-05-01 02:28:13,74.294,0.069,13506,"Orinoco, River",South America,Colombia,River,-67.8162,5.0295
2017-05-28 02:28:17,77.263,0.011,13506,"Orinoco, River",South America,Colombia,River,-67.8162,5.0295
2017-06-24 02:28:16,78.492,0.007,13506,"Orinoco, River",South America,Colombia,River,-67.8162,5.0295
2017-07-21 02:28:14,79.632,0.001,13506,"Orinoco, River",South America,Colombia,River,-67.8162,5.0295
2017-08-17 02:28:11,79.612,0.005,13506,"Orinoco, River",South America,Colombia,River,-67.8162,5.0295
2017-09-13 02:28:08,76.965,0.003,13506,"Orinoco, River",South America,Colombia,River,-67.8162,5.0295
2017-10-10 02:28:12,76.236,0.003,13506,"Orinoco, River",South America,Colombia,River,-67.8162,5.0295
2017-11-06 02:28:14,75.377,0.006,13506,"Orinoco, River",South America,Colombia,River,-67.8162,5.0295
2017-12-03 02:28:10,74.623,0.008,13506,"Orinoco, River",South America,Colombia,River,-67.8162,5.0295
2017-12-30 02:28:13,71.984,0.008,13506,"Orinoco, River",South America,Colombia,River,-67.8162,5.0295
2018-01-26 02:28:15,72.655,0.012,13506,"Orinoco, River",South America,Colombia,River,-67.8162,5.0295
2018-02-22 02:28:15,70.784,0.0,13506,"Orinoco, River",South America,Colombia,River,-67.8162,5.0295
2018-03-21 02:28:13,70.281,0.003,13506,"Orinoco, River",South America,Colombia,River,-67.8162,5.0295
2018-04-17 02:28:17,72.393,0.017,13506,"Orinoco, River",South America,Colombia,River,-67.8162,5.0295
2018-05-14 02:28:18,76.993,0.024,13506,"Orinoco, River",South America,Colombia,River,-67.8162,5.0295
2018-06-10 02:28:19,78.901,0.007,13506,"Orinoco, River",South America,Colombia,River,-67.8162,5.0295
2018-07-07 02:28:18,80.245,0.007,13506,"Orinoco, River",South America,Colombia,River,-67.8162,5.0295
2018-08-03 02:28:15,81.375,0.003,13506,"Orinoco, River",South America,Colombia,River,-67.8162,5.0295
2018-08-30 02:28:12,80.588,0.005,13506,"Orinoco, River",South America,Colombia,River,-67.8162,5.0295
2018-09-26 02:28:17,79.287,0.004,13506,"Orinoco, River",South America,Colombia,River,-67.8162,5.0295
2018-10-23 02:28:19,75.613,0.027,13506,"Orinoco, River",South America,Colombia,River,-67.8162,5.0295
2018-11-19 02:28:17,74.897,0.003,13506,"Orinoco, River",South America,Colombia,River,-67.8162,5.0295
2018-12-16 02:28:13,73.158,0.013,13506,"Orinoco, River",South America,Colombia,River,-67.8162,5.0295
2019-02-08 02:28:17,71.519,0.006,13506,"Orinoco, River",South America,Colombia,River,-67.8162,5.0295
2019-03-07 02:28:15,70.678,0.012,13506,"Orinoco, River",South America,Colombia,River,-67.8162,5.0295
2019-04-03 02:28:19,71.389,0.002,13506,"Orinoco, River",South America,Colombia,River,-67.8162,5.0295
2019-04-30 02:28:23,72.959,0.005,13506,"Orinoco, River",South America,Colombia,River,-67.8162,5.0295
2019-05-27 02:28:23,76.519,0.01,13506,"Orinoco, River",South America,Colombia,River,-67.8162,5.0295
2019-06-23 02:28:22,78.323,0.005,13506,"Orinoco, River",South America,Colombia,River,-67.8162,5.0295
2019-07-20 02:28:22,79.567,0.016,13506,"Orinoco, River",South America,Colombia,River,-67.8162,5.0295
2019-08-16 02:28:19,79.972,0.015,13506,"Orinoco, River",South America,Colombia,River,-67.8162,5.0295
2019-09-12 02:28:19,79.263,0.001,13506,"Orinoco, River",South America,Colombia,River,-67.8162,5.0295
2019-10-09 02:28:21,76.562,0.001,13506,"Orinoco, River",South America,Colombia,River,-67.8162,5.0295
2019-11-05 02:28:20,76.498,0.002,13506,"Orinoco, River",South America,Colombia,River,-67.8162,5.0295
2019-12-02 02:28:16,75.22,0.005,13506,"Orinoco, River",South America,Colombia,River,-67.8162,5.0295
2019-12-29 02:28:17,74.564,0.008,13506,"Orinoco, River",South America,Colombia,River,-67.8162,5.0295
2020-01-25 02:28:19,72.307,0.029,13506,"Orinoco, River",South America,Colombia,River,-67.8162,5.0295
2020-02-21 02:28:19,70.783,0.018,13506,"Orinoco, River",South America,Colombia,River,-67.8162,5.0295
2020-03-19 02:28:19,70.785,0.004,13506,"Orinoco, River",South America,Colombia,River,-67.8162,5.0295
2020-04-15 02:28:25,71.476,0.005,13506,"Orinoco, River",South America,Colombia,River,-67.8162,5.0295
2020-05-12 02:28:27,73.838,0.001,13506,"Orinoco, River",South America,Colombia,River,-67.8162,5.0295
2020-06-08 02:28:26,76.802,0.025,13506,"Orinoco, River",South America,Colombia,River,-67.8162,5.0295
2020-07-05 02:28:25,78.331,0.002,13506,"Orinoco, River",South America,Colombia,River,-67.8162,5.0295
2020-08-01 02:28:25,79.058,0.006,13506,"Orinoco, River",South America,Colombia,River,-67.8162,5.0295
2020-08-28 02:28:21,78.118,0.002,13506,"Orinoco, River",South America,Colombia,River,-67.8162,5.0295
2020-09-24 02:28:23,76.378,0.005,13506,"Orinoco, River",South America,Colombia,River,-67.8162,5.0295
2020-10-21 02:28:24,75.866,0.0,13506,"Orinoco, River",South America,Colombia,River,-67.8162,5.0295
2020-11-17 02:28:22,75.754,0.008,13506,"Orinoco, River",South America,Colombia,River,-67.8162,5.0295
2020-12-14 02:28:18,76.101,0.008,13506,"Orinoco, River",South America,Colombia,River,-67.8162,5.0295
2021-01-10 02:28:23,74.707,0.001,13506,"Orinoco, River",South America,Colombia,River,-67.8162,5.0295
2021-02-06 02:28:26,72.237,0.005,13506,"Orinoco, River",South America,Colombia,River,-67.8162,5.0295
2021-03-05 02:28:24,71.375,0.005,13506,"Orinoco, River",South America,Colombia,River,-67.8162,5.0295
2021-04-01 02:28:26,73.111,0.007,13506,"Orinoco, River",South America,Colombia,River,-67.8162,5.0295
2021-04-28 02:28:30,75.641,0.03,13506,"Orinoco, River",South America,Colombia,River,-67.8162,5.0295
2021-05-25 02:28:31,77.708,0.044,13506,"Orinoco, River",South America,Colombia,River,-67.8162,5.0295
2021-06-21 02:28:32,79.374,0.004,13506,"Orinoco, River",South America,Colombia,River,-67.8162,5.0295
2021-07-18 02:28:31,79.522,0.01,13506,"Orinoco, River",South America,Colombia,River,-67.8162,5.0295
2021-08-14 02:28:27,79.06,0.011,13506,"Orinoco, River",South America,Colombia,River,-67.8162,5.0295
2021-09-10 02:28:26,79.312,0.0,13506,"Orinoco, River",South America,Colombia,River,-67.8162,5.0295
2021-10-07 02:28:29,77.765,0.019,13506,"Orinoco, River",South America,Colombia,River,-67.8162,5.0295
2021-11-03 02:28:28,76.49,0.019,13506,"Orinoco, River",South America,Colombia,River,-67.8162,5.0295
2021-11-30 02:28:28,74.871,0.001,13506,"Orinoco, River",South America,Colombia,River,-67.8162,5.0295
2021-12-27 02:28:28,73.866,0.02,13506,"Orinoco, River",South America,Colombia,River,-67.8162,5.0295
2022-01-23 02:28:32,71.572,0.015,13506,"Orinoco, River",South America,Colombia,River,-67.8162,5.0295
2022-02-19 02:28:30,70.94,0.024,13506,"Orinoco, River",South America,Colombia,River,-67.8162,5.0295
2022-03-18 02:28:29,72.654,0.009,13506,"Orinoco, River",South America,Colombia,River,-67.8162,5.0295
2022-04-14 02:28:31,73.708,0.002,13506,"Orinoco, River",South America,Colombia,River,-67.8162,5.0295
2022-05-11 02:28:33,75.973,0.016,13506,"Orinoco, River",South America,Colombia,River,-67.8162,5.0295
2022-06-07 02:28:32,78.297,0.006,13506,"Orinoco, River",South America,Colombia,River,-67.8162,5.0295
2022-07-04 02:28:31,79.479,0.01,13506,"Orinoco, River",South America,Colombia,River,-67.8162,5.0295
2022-07-31 02:28:27,79.984,0.008,13506,"Orinoco, River",South America,Colombia,River,-67.8162,5.0295
2022-08-27 02:28:24,79.546,0.002,13506,"Orinoco, River",South America,Colombia,River,-67.8162,5.0295
2022-09-23 02:28:27,78.288,0.009,13506,"Orinoco, River",South America,Colombia,River,-67.8162,5.0295
2022-10-20 02:28:27,76.05,0.009,13506,"Orinoco, River",South America,Colombia,River,-67.8162,5.0295
2022-11-16 02:28:24,75.749,0.003,13506,"Orinoco, River",South America,Colombia,River,-67.8162,5.0295
2022-12-13 02:28:22,75.044,0.009,13506,"Orinoco, River",South America,Colombia,River,-67.8162,5.0295
2023-01-09 02:28:25,72.0,0.028,13506,"Orinoco, River",South America,Colombia,River,-67.8162,5.0295
2023-02-05 02:28:27,72.2,0.006,13506,"Orinoco, River",South America,Colombia,River,-67.8162,5.0295
2023-03-04 02:28:25,71.181,0.002,13506,"Orinoco, River",South America,Colombia,River,-67.8162,5.0295
2023-03-31 02:28:30,72.011,0.01,13506,"Orinoco, River",South America,Colombia,River,-67.8162,5.0295
2023-04-27 02:28:29,73.627,0.0,13506,"Orinoco, River",South America,Colombia,River,-67.8162,5.0295
2023-05-24 02:28:29,76.012,0.003,13506,"Orinoco, River",South America,Colombia,River,-67.8162,5.0295
2023-06-20 02:28:26,77.801,0.006,13506,"Orinoco, River",South America,Colombia,River,-67.8162,5.0295
2023-07-17 02:28:24,78.759,0.011,13506,"Orinoco, River",South America,Colombia,River,-67.8162,5.0295
2023-08-13 02:28:19,78.949,0.002,13506,"Orinoco, River",South America,Colombia,River,-67.8162,5.0295
2023-09-09 02:28:22,77.153,0.004,13506,"Orinoco, River",South America,Colombia,River,-67.8162,5.0295
2023-10-06 02:28:23,74.519,0.008,13506,"Orinoco, River",South America,Colombia,River,-67.8162,5.0295
2023-11-02 02:28:23,73.775,0.007,13506,"Orinoco, River",South America,Colombia,River,-67.8162,5.0295
2023-11-29 02:28:19,73.657,0.003,13506,"Orinoco, River",South America,Colombia,River,-67.8162,5.0295
2023-12-26 02:28:25,72.348,0.006,13506,"Orinoco, River",South America,Colombia,River,-67.8162,5.0295
2024-01-22 02:28:25,71.128,0.019,13506,"Orinoco, River",South America,Colombia,River,-67.8162,5.0295
2024-02-18 02:28:25,71.02,0.005,13506,"Orinoco, River",South America,Colombia,River,-67.8162,5.0295
2024-03-16 02:28:25,70.384,0.001,13506,"Orinoco, River",South America,Colombia,River,-67.8162,5.0295
2024-04-12 02:28:29,71.613,0.045,13506,"Orinoco, River",South America,Colombia,River,-67.8162,5.0295
2024-06-05 02:28:31,77.835,0.003,13506,"Orinoco, River",South America,Colombia,River,-67.8162,5.0295
2024-07-02 02:28:30,79.309,0.013,13506,"Orinoco, River",South America,Colombia,River,-67.8162,5.0295
2024-07-29 02:28:27,79.597,0.016,13506,"Orinoco, River",South America,Colombia,River,-67.8162,5.0295
2024-08-25 02:28:24,78.501,0.013,13506,"Orinoco, River",South America,Colombia,River,-67.8162,5.0295
2024-09-21 02:28:24,76.042,0.003,13506,"Orinoco, River",South America,Colombia,River,-67.8162,5.0295
2024-10-18 02:28:26,73.995,0.04,13506,"Orinoco, River",South America,Colombia,River,-67.8162,5.0295
2024-11-14 02:28:24,72.856,0.006,13506,"Orinoco, River",South America,Colombia,River,-67.8162,5.0295
2024-12-11 02:28:21,73.914,0.013,13506,"Orinoco, River",South America,Colombia,River,-67.8162,5.0295
2025-01-07 02:28:24,74.039,0.002,13506,"Orinoco, River",South America,Colombia,River,-67.8162,5.0295
2025-02-03 02:28:27,72.081,0.004,13506,"Orinoco, River",South America,Colombia,River,-67.8162,5.0295
2025-03-02 02:28:26,71.812,0.005,13506,"Orinoco, River",South America,Colombia,River,-67.8162,5.0295
2025-03-29 02:28:27,73.4,0.016,13506,"Orinoco, River",South America,Colombia,River,-67.8162,5.0295
2025-04-25 02:28:31,75.244,0.084,13506,"Orinoco, River",South America,Colombia,River,-67.8162,5.0295
2025-05-22 02:28:34,77.131,0.014,13506,"Orinoco, River",South America,Colombia,River,-67.8162,5.0295
2025-06-18 02:28:34,79.125,0.007,13506,"Orinoco, River",South America,Colombia,River,-67.8162,5.0295
2025-07-15 02:28:34,80.575,0.017,13506,"Orinoco, River",South America,Colombia,River,-67.8162,5.0295
2025-08-11 02:28:33,80.637,0.003,13506,"Orinoco, River",South America,Colombia,River,-67.8162,5.0295
2025-09-07 02:28:29,79.725,0.0,13506,"Orinoco, River",South America,Colombia,River,-67.8162,5.0295
2025-10-04 02:28:33,77.994,0.002,13506,"Orinoco, River",South America,Colombia,River,-67.8162,5.0295
2025-10-31 02:28:35,76.495,0.062,13506,"Orinoco, River",South America,Colombia,River,-67.8162,5.0295
2025-11-27 02:28:32,76.04,0.003,13506,"Orinoco, River",South America,Colombia,River,-67.8162,5.0295
2002-08-03 02:17:34,30.99,0.005,1258,"Orinoco, River",South America,Venezuela,River,-65.5616,7.9028
2002-09-07 02:17:32,30.976,0.005,1258,"Orinoco, River",South America,Venezuela,River,-65.5616,7.9028
2002-10-12 02:17:36,27.908,0.07,1258,"Orinoco, River",South America,Venezuela,River,-65.5616,7.9028
2002-11-16 02:17:37,25.339,0.035,1258,"Orinoco, River",South America,Venezuela,River,-65.5616,7.9028
2002-12-21 02:17:30,22.218,0.05,1258,"Orinoco, River",South America,Venezuela,River,-65.5616,7.9028
2003-01-25 02:17:33,18.907,0.059,1258,"Orinoco, River",South America,Venezuela,River,-65.5616,7.9028
2003-03-01 02:17:31,21.486,0.041,1258,"Orinoco, River",South America,Venezuela,River,-65.5616,7.9028
2003-05-10 02:17:33,22.195,0.007,1258,"Orinoco, River",South America,Venezuela,River,-65.5616,7.9028
2003-06-14 02:17:35,26.585,0.037,1258,"Orinoco, River",South America,Venezuela,River,-65.5616,7.9028
2003-07-19 02:17:41,29.395,0.019,1258,"Orinoco, River",South America,Venezuela,River,-65.5616,7.9028
2003-08-23 02:17:44,31.028,0.018,1258,"Orinoco, River",South America,Venezuela,River,-65.5616,7.9028
2003-11-01 02:17:37,27.711,0.054,1258,"Orinoco, River",South America,Venezuela,River,-65.5616,7.9028
2003-12-06 02:17:41,25.518,0.021,1258,"Orinoco, River",South America,Venezuela,River,-65.5616,7.9028
2004-01-10 02:17:41,21.656,0.11,1258,"Orinoco, River",South America,Venezuela,River,-65.5616,7.9028
2004-02-14 02:17:39,19.161,0.102,1258,"Orinoco, River",South America,Venezuela,River,-65.5616,7.9028
2004-03-20 02:17:42,18.201,0.048,1258,"Orinoco, River",South America,Venezuela,River,-65.5616,7.9028
2004-04-24 02:17:39,19.357,0.06,1258,"Orinoco, River",South America,Venezuela,River,-65.5616,7.9028
2004-05-29 02:17:44,26.272,0.008,1258,"Orinoco, River",South America,Venezuela,River,-65.5616,7.9028
2004-07-03 02:17:43,28.95,0.046,1258,"Orinoco, River",South America,Venezuela,River,-65.5616,7.9028
2004-08-07 02:17:44,30.839,0.002,1258,"Orinoco, River",South America,Venezuela,River,-65.5616,7.9028
2004-09-11 02:17:42,30.721,0.013,1258,"Orinoco, River",South America,Venezuela,River,-65.5616,7.9028
2004-10-16 02:17:44,28.94,0.001,1258,"Orinoco, River",South America,Venezuela,River,-65.5616,7.9028
2004-11-20 02:17:42,25.138,0.008,1258,"Orinoco, River",South America,Venezuela,River,-65.5616,7.9028
2004-12-25 02:17:37,23.889,0.126,1258,"Orinoco, River",South America,Venezuela,River,-65.5616,7.9028
2005-03-05 02:17:39,18.769,0.06,1258,"Orinoco, River",South America,Venezuela,River,-65.5616,7.9028
2005-04-09 02:17:42,17.808,0.034,1258,"Orinoco, River",South America,Venezuela,River,-65.5616,7.9028
2005-05-14 02:17:46,24.265,0.012,1258,"Orinoco, River",South America,Venezuela,River,-65.5616,7.9028
2005-06-18 02:17:46,27.127,0.013,1258,"Orinoco, River",South America,Venezuela,River,-65.5616,7.9028
2005-07-23 02:17:46,28.336,0.006,1258,"Orinoco, River",South America,Venezuela,River,-65.5616,7.9028
2005-08-27 02:17:41,29.861,0.015,1258,"Orinoco, River",South America,Venezuela,River,-65.5616,7.9028
2005-10-01 02:17:42,28.193,0.019,1258,"Orinoco, River",South America,Venezuela,River,-65.5616,7.9028
2005-11-05 02:17:43,24.5,0.02,1258,"Orinoco, River",South America,Venezuela,River,-65.5616,7.9028
2005-12-10 02:17:37,24.473,0.077,1258,"Orinoco, River",South America,Venezuela,River,-65.5616,7.9028
2006-01-14 02:17:30,23.125,0.03,1258,"Orinoco, River",South America,Venezuela,River,-65.5616,7.9028
2006-02-18 02:17:32,20.957,0.073,1258,"Orinoco, River",South America,Venezuela,River,-65.5616,7.9028
2006-03-25 02:17:29,19.428,0.042,1258,"Orinoco, River",South America,Venezuela,River,-65.5616,7.9028
2006-04-29 02:17:36,21.363,0.005,1258,"Orinoco, River",South America,Venezuela,River,-65.5616,7.9028
2006-06-03 02:17:36,25.476,0.026,1258,"Orinoco, River",South America,Venezuela,River,-65.5616,7.9028
2006-07-08 02:17:42,28.891,0.008,1258,"Orinoco, River",South America,Venezuela,River,-65.5616,7.9028
2006-08-12 02:17:42,31.23,0.045,1258,"Orinoco, River",South America,Venezuela,River,-65.5616,7.9028
2006-09-16 02:17:36,29.793,0.023,1258,"Orinoco, River",South America,Venezuela,River,-65.5616,7.9028
2006-10-21 02:17:41,26.627,0.006,1258,"Orinoco, River",South America,Venezuela,River,-65.5616,7.9028
2006-11-25 02:17:40,25.534,0.003,1258,"Orinoco, River",South America,Venezuela,River,-65.5616,7.9028
2006-12-30 02:17:37,22.355,0.003,1258,"Orinoco, River",South America,Venezuela,River,-65.5616,7.9028
2007-02-03 02:17:34,18.857,0.109,1258,"Orinoco, River",South America,Venezuela,River,-65.5616,7.9028
2007-04-14 02:17:34,19.981,0.042,1258,"Orinoco, River",South America,Venezuela,River,-65.5616,7.9028
2007-05-19 02:17:37,23.956,0.012,1258,"Orinoco, River",South America,Venezuela,River,-65.5616,7.9028
2007-06-23 02:17:38,27.199,0.032,1258,"Orinoco, River",South America,Venezuela,River,-65.5616,7.9028
2007-07-28 02:17:39,30.555,0.015,1258,"Orinoco, River",South America,Venezuela,River,-65.5616,7.9028
2007-09-01 02:17:37,30.594,0.0,1258,"Orinoco, River",South America,Venezuela,River,-65.5616,7.9028
2007-10-06 02:17:33,28.955,0.008,1258,"Orinoco, River",South America,Venezuela,River,-65.5616,7.9028
2007-11-10 02:17:32,27.04,0.019,1258,"Orinoco, River",South America,Venezuela,River,-65.5616,7.9028
2007-12-15 02:17:30,22.673,0.055,1258,"Orinoco, River",South America,Venezuela,River,-65.5616,7.9028
2008-01-19 02:17:32,20.528,0.031,1258,"Orinoco, River",South America,Venezuela,River,-65.5616,7.9028
2008-02-23 02:17:31,18.626,0.205,1258,"Orinoco, River",South America,Venezuela,River,-65.5616,7.9028
2008-03-29 02:17:33,18.04,0.116,1258,"Orinoco, River",South America,Venezuela,River,-65.5616,7.9028
2008-05-03 02:17:31,20.085,0.045,1258,"Orinoco, River",South America,Venezuela,River,-65.5616,7.9028
2008-06-07 02:17:33,25.214,0.014,1258,"Orinoco, River",South America,Venezuela,River,-65.5616,7.9028
2008-07-12 02:17:33,28.27,0.022,1258,"Orinoco, River",South America,Venezuela,River,-65.5616,7.9028
2008-08-16 02:17:32,30.529,0.151,1258,"Orinoco, River",South America,Venezuela,River,-65.5616,7.9028
2008-09-20 02:17:29,29.466,0.009,1258,"Orinoco, River",South America,Venezuela,River,-65.5616,7.9028
2008-10-25 02:17:30,26.319,0.014,1258,"Orinoco, River",South America,Venezuela,River,-65.5616,7.9028
2008-11-29 02:17:29,25.235,0.0,1258,"Orinoco, River",South America,Venezuela,River,-65.5616,7.9028
2009-01-03 02:17:29,22.127,0.17,1258,"Orinoco, River",South America,Venezuela,River,-65.5616,7.9028
2009-02-07 02:17:28,20.528,0.012,1258,"Orinoco, River",South America,Venezuela,River,-65.5616,7.9028
2009-03-14 02:17:30,20.127,0.132,1258,"Orinoco, River",South America,Venezuela,River,-65.5616,7.9028
2009-04-18 02:17:28,19.459,0.082,1258,"Orinoco, River",South America,Venezuela,River,-65.5616,7.9028
2009-05-23 02:17:30,22.235,0.025,1258,"Orinoco, River",South America,Venezuela,River,-65.5616,7.9028
2009-06-27 02:17:32,25.162,0.061,1258,"Orinoco, River",South America,Venezuela,River,-65.5616,7.9028
2009-08-01 02:17:31,28.768,0.005,1258,"Orinoco, River",South America,Venezuela,River,-65.5616,7.9028
2009-09-05 02:17:29,29.29,0.005,1258,"Orinoco, River",South America,Venezuela,River,-65.5616,7.9028
2009-10-10 02:17:25,25.669,0.052,1258,"Orinoco, River",South America,Venezuela,River,-65.5616,7.9028
2009-11-14 02:17:25,22.528,0.026,1258,"Orinoco, River",South America,Venezuela,River,-65.5616,7.9028
2009-12-19 02:17:23,20.494,0.022,1258,"Orinoco, River",South America,Venezuela,River,-65.5616,7.9028
2010-01-23 02:17:25,17.281,0.007,1258,"Orinoco, River",South America,Venezuela,River,-65.5616,7.9028
2010-02-27 02:17:23,15.96,0.024,1258,"Orinoco, River",South America,Venezuela,River,-65.5616,7.9028
2010-04-03 02:17:24,17.13,0.048,1258,"Orinoco, River",South America,Venezuela,River,-65.5616,7.9028
2010-05-08 02:17:22,24.493,0.068,1258,"Orinoco, River",South America,Venezuela,River,-65.5616,7.9028
2010-06-12 02:17:22,27.265,0.001,1258,"Orinoco, River",South America,Venezuela,River,-65.5616,7.9028
2010-07-17 02:17:22,30.148,0.014,1258,"Orinoco, River",South America,Venezuela,River,-65.5616,7.9028
2010-08-21 02:17:23,31.329,0.011,1258,"Orinoco, River",South America,Venezuela,River,-65.5616,7.9028
2010-09-25 02:17:20,29.709,0.029,1258,"Orinoco, River",South America,Venezuela,River,-65.5616,7.9028
2013-03-25 10:22:39,19.455,0.181,1258,"Orinoco, River",South America,Venezuela,River,-65.5616,7.9028
2013-04-29 10:22:17,21.099,0.008,1258,"Orinoco, River",South America,Venezuela,River,-65.5616,7.9028
2013-06-03 10:21:55,24.831,0.0,1258,"Orinoco, River",South America,Venezuela,River,-65.5616,7.9028
2013-07-08 10:21:34,27.933,0.007,1258,"Orinoco, River",South America,Venezuela,River,-65.5616,7.9028
2013-08-12 10:21:28,29.322,0.006,1258,"Orinoco, River",South America,Venezuela,River,-65.5616,7.9028
2013-09-16 10:21:41,29.487,0.003,1258,"Orinoco, River",South America,Venezuela,River,-65.5616,7.9028
2013-10-21 10:21:43,26.652,0.001,1258,"Orinoco, River",South America,Venezuela,River,-65.5616,7.9028
2013-11-25 10:21:42,24.049,0.006,1258,"Orinoco, River",South America,Venezuela,River,-65.5616,7.9028
2013-12-30 10:21:40,21.183,0.007,1258,"Orinoco, River",South America,Venezuela,River,-65.5616,7.9028
2014-03-10 10:21:36,16.597,0.003,1258,"Orinoco, River",South America,Venezuela,River,-65.5616,7.9028
2014-04-14 10:21:34,18.706,0.01,1258,"Orinoco, River",South America,Venezuela,River,-65.5616,7.9028
2014-05-19 10:21:31,22.77,0.004,1258,"Orinoco, River",South America,Venezuela,River,-65.5616,7.9028
2014-06-23 10:21:31,25.146,0.003,1258,"Orinoco, River",South America,Venezuela,River,-65.5616,7.9028
2014-09-01 10:21:23,30.553,0.014,1258,"Orinoco, River",South America,Venezuela,River,-65.5616,7.9028
2014-10-06 10:21:19,27.951,0.004,1258,"Orinoco, River",South America,Venezuela,River,-65.5616,7.9028
2014-11-10 10:21:16,26.465,0.006,1258,"Orinoco, River",South America,Venezuela,River,-65.5616,7.9028
2014-12-15 10:21:14,22.435,0.02,1258,"Orinoco, River",South America,Venezuela,River,-65.5616,7.9028
2015-01-19 10:21:10,19.114,0.049,1258,"Orinoco, River",South America,Venezuela,River,-65.5616,7.9028
2015-03-30 10:21:04,19.033,0.02,1258,"Orinoco, River",South America,Venezuela,River,-65.5616,7.9028
2015-05-04 10:21:00,21.233,0.004,1258,"Orinoco, River",South America,Venezuela,River,-65.5616,7.9028
2015-08-17 10:20:49,29.933,0.008,1258,"Orinoco, River",South America,Venezuela,River,-65.5616,7.9028
2015-09-21 10:20:45,29.295,0.003,1258,"Orinoco, River",South America,Venezuela,River,-65.5616,7.9028
2015-10-26 10:20:39,24.448,0.01,1258,"Orinoco, River",South America,Venezuela,River,-65.5616,7.9028
2015-11-30 10:20:33,23.535,0.004,1258,"Orinoco, River",South America,Venezuela,River,-65.5616,7.9028
2016-01-04 10:20:20,20.456,0.016,1258,"Orinoco, River",South America,Venezuela,River,-65.5616,7.9028
2016-02-08 10:20:21,17.754,0.027,1258,"Orinoco, River",South America,Venezuela,River,-65.5616,7.9028
2016-03-14 10:20:13,16.458,0.003,1258,"Orinoco, River",South America,Venezuela,River,-65.5616,7.9028
2016-04-18 10:20:17,18.878,0.023,1258,"Orinoco, River",South America,Venezuela,River,-65.5616,7.9028
2016-05-23 10:19:55,23.078,0.008,1258,"Orinoco, River",South America,Venezuela,River,-65.5616,7.9028
2016-05-20 14:32:05,34.966,0.002,13272,"Orinoco, River",South America,Venezuela,River,-66.9624,7.1569
2016-06-16 14:32:05,37.253,0.002,13272,"Orinoco, River",South America,Venezuela,River,-66.9624,7.1569
2016-07-13 14:32:05,39.165,0.002,13272,"Orinoco, River",South America,Venezuela,River,-66.9624,7.1569
2016-08-09 14:32:04,39.482,0.002,13272,"Orinoco, River",South America,Venezuela,River,-66.9624,7.1569
2016-09-05 14:32:04,38.674,0.003,13272,"Orinoco, River",South America,Venezuela,River,-66.9624,7.1569
2016-10-02 14:32:09,37.439,0.002,13272,"Orinoco, River",South America,Venezuela,River,-66.9624,7.1569
2016-10-29 14:32:06,35.486,0.0,13272,"Orinoco, River",South America,Venezuela,River,-66.9624,7.1569
2016-11-25 14:32:04,34.387,0.0,13272,"Orinoco, River",South America,Venezuela,River,-66.9624,7.1569
2016-12-22 14:32:03,33.179,0.006,13272,"Orinoco, River",South America,Venezuela,River,-66.9624,7.1569
2017-01-18 14:32:06,31.973,0.004,13272,"Orinoco, River",South America,Venezuela,River,-66.9624,7.1569
2017-02-14 14:32:05,31.773,0.012,13272,"Orinoco, River",South America,Venezuela,River,-66.9624,7.1569
2017-03-13 14:32:04,30.776,0.009,13272,"Orinoco, River",South America,Venezuela,River,-66.9624,7.1569
2017-04-09 14:32:08,30.951,0.007,13272,"Orinoco, River",South America,Venezuela,River,-66.9624,7.1569
2017-05-06 14:32:12,32.887,0.004,13272,"Orinoco, River",South America,Venezuela,River,-66.9624,7.1569
2017-06-02 14:32:15,35.629,0.005,13272,"Orinoco, River",South America,Venezuela,River,-66.9624,7.1569
2017-06-29 14:32:14,38.128,0.0,13272,"Orinoco, River",South America,Venezuela,River,-66.9624,7.1569
2017-07-26 14:32:11,39.265,0.001,13272,"Orinoco, River",South America,Venezuela,River,-66.9624,7.1569
2017-08-22 14:32:08,38.848,0.001,13272,"Orinoco, River",South America,Venezuela,River,-66.9624,7.1569
2017-09-18 14:32:07,36.47,0.0,13272,"Orinoco, River",South America,Venezuela,River,-66.9624,7.1569
2017-10-15 14:32:11,35.874,0.002,13272,"Orinoco, River",South America,Venezuela,River,-66.9624,7.1569
2017-11-11 14:32:11,35.31,0.001,13272,"Orinoco, River",South America,Venezuela,River,-66.9624,7.1569
2017-12-08 14:32:08,33.015,0.005,13272,"Orinoco, River",South America,Venezuela,River,-66.9624,7.1569
2018-01-04 14:32:12,30.997,0.026,13272,"Orinoco, River",South America,Venezuela,River,-66.9624,7.1569
2018-01-31 14:32:13,30.728,0.009,13272,"Orinoco, River",South America,Venezuela,River,-66.9624,7.1569
2018-02-27 14:32:12,30.485,0.011,13272,"Orinoco, River",South America,Venezuela,River,-66.9624,7.1569
2018-03-26 14:32:12,29.239,0.021,13272,"Orinoco, River",South America,Venezuela,River,-66.9624,7.1569
2018-04-22 14:32:15,30.436,0.005,13272,"Orinoco, River",South America,Venezuela,River,-66.9624,7.1569
2018-05-19 14:32:15,35.472,0.003,13272,"Orinoco, River",South America,Venezuela,River,-66.9624,7.1569
2018-06-15 14:32:17,37.899,0.001,13272,"Orinoco, River",South America,Venezuela,River,-66.9624,7.1569
2018-07-12 14:32:15,39.489,0.001,13272,"Orinoco, River",South America,Venezuela,River,-66.9624,7.1569
2018-08-08 14:32:12,40.429,0.001,13272,"Orinoco, River",South America,Venezuela,River,-66.9624,7.1569
2018-09-04 14:32:11,39.843,0.0,13272,"Orinoco, River",South America,Venezuela,River,-66.9624,7.1569
2018-10-01 14:32:15,38.607,0.001,13272,"Orinoco, River",South America,Venezuela,River,-66.9624,7.1569
2018-10-28 14:32:16,35.856,0.003,13272,"Orinoco, River",South America,Venezuela,River,-66.9624,7.1569
2018-11-24 14:32:14,34.054,0.006,13272,"Orinoco, River",South America,Venezuela,River,-66.9624,7.1569
2018-12-21 14:32:10,31.736,0.008,13272,"Orinoco, River",South America,Venezuela,River,-66.9624,7.1569
2019-01-17 14:32:14,31.424,0.005,13272,"Orinoco, River",South America,Venezuela,River,-66.9624,7.1569
2019-02-13 14:32:15,31.016,0.015,13272,"Orinoco, River",South America,Venezuela,River,-66.9624,7.1569
2019-03-12 14:32:12,30.598,0.004,13272,"Orinoco, River",South America,Venezuela,River,-66.9624,7.1569
2019-04-08 14:32:18,30.795,0.001,13272,"Orinoco, River",South America,Venezuela,River,-66.9624,7.1569
2019-05-05 14:32:21,31.705,0.019,13272,"Orinoco, River",South America,Venezuela,River,-66.9624,7.1569
2019-06-01 14:32:21,34.914,0.001,13272,"Orinoco, River",South America,Venezuela,River,-66.9624,7.1569
2019-06-28 14:32:20,37.493,0.001,13272,"Orinoco, River",South America,Venezuela,River,-66.9624,7.1569
2019-07-25 14:32:19,38.804,0.001,13272,"Orinoco, River",South America,Venezuela,River,-66.9624,7.1569
2019-08-21 14:32:15,39.283,0.002,13272,"Orinoco, River",South America,Venezuela,River,-66.9624,7.1569
2019-09-17 14:32:17,38.42,0.0,13272,"Orinoco, River",South America,Venezuela,River,-66.9624,7.1569
2019-10-14 14:32:19,35.795,0.003,13272,"Orinoco, River",South America,Venezuela,River,-66.9624,7.1569
2019-11-10 14:32:17,35.292,0.002,13272,"Orinoco, River",South America,Venezuela,River,-66.9624,7.1569
2019-12-07 14:32:13,33.578,0.002,13272,"Orinoco, River",South America,Venezuela,River,-66.9624,7.1569
2020-01-03 14:32:16,32.167,0.001,13272,"Orinoco, River",South America,Venezuela,River,-66.9624,7.1569
2020-01-30 14:32:17,30.371,0.004,13272,"Orinoco, River",South America,Venezuela,River,-66.9624,7.1569
2020-02-26 14:32:17,30.136,0.016,13272,"Orinoco, River",South America,Venezuela,River,-66.9624,7.1569
2020-03-24 14:32:18,30.742,0.019,13272,"Orinoco, River",South America,Venezuela,River,-66.9624,7.1569
2020-04-20 14:32:23,29.704,0.005,13272,"Orinoco, River",South America,Venezuela,River,-66.9624,7.1569
2020-05-17 14:32:25,32.096,0.01,13272,"Orinoco, River",South America,Venezuela,River,-66.9624,7.1569
2020-06-13 14:32:23,34.94,0.0,13272,"Orinoco, River",South America,Venezuela,River,-66.9624,7.1569
2020-07-10 14:32:23,37.091,0.001,13272,"Orinoco, River",South America,Venezuela,River,-66.9624,7.1569
2020-08-06 14:32:22,38.06,0.001,13272,"Orinoco, River",South America,Venezuela,River,-66.9624,7.1569
2020-09-02 14:32:18,37.341,0.001,13272,"Orinoco, River",South America,Venezuela,River,-66.9624,7.1569
2020-09-29 14:32:22,35.217,0.0,13272,"Orinoco, River",South America,Venezuela,River,-66.9624,7.1569
2020-10-26 14:32:22,35.105,0.002,13272,"Orinoco, River",South America,Venezuela,River,-66.9624,7.1569
2020-11-22 14:32:18,35.17,0.001,13272,"Orinoco, River",South America,Venezuela,River,-66.9624,7.1569
2020-12-19 14:32:16,33.998,0.002,13272,"Orinoco, River",South America,Venezuela,River,-66.9624,7.1569
2021-01-15 14:32:22,33.638,0.026,13272,"Orinoco, River",South America,Venezuela,River,-66.9624,7.1569
2021-03-10 14:32:21,30.119,0.008,13272,"Orinoco, River",South America,Venezuela,River,-66.9624,7.1569
2021-04-06 14:32:25,30.728,0.006,13272,"Orinoco, River",South America,Venezuela,River,-66.9624,7.1569
2021-05-03 14:32:28,33.581,0.001,13272,"Orinoco, River",South America,Venezuela,River,-66.9624,7.1569
2021-05-30 14:32:28,36.805,0.001,13272,"Orinoco, River",South America,Venezuela,River,-66.9624,7.1569
2021-06-26 14:32:30,38.609,0.001,13272,"Orinoco, River",South America,Venezuela,River,-66.9624,7.1569
2021-07-23 14:32:28,39.059,0.0,13272,"Orinoco, River",South America,Venezuela,River,-66.9624,7.1569
2021-08-19 14:32:25,39.197,0.001,13272,"Orinoco, River",South America,Venezuela,River,-66.9624,7.1569
2021-09-15 14:32:25,38.557,0.001,13272,"Orinoco, River",South America,Venezuela,River,-66.9624,7.1569
2021-10-12 14:32:27,37.609,0.002,13272,"Orinoco, River",South America,Venezuela,River,-66.9624,7.1569
2021-11-08 14:32:26,35.752,0.001,13272,"Orinoco, River",South America,Venezuela,River,-66.9624,7.1569
2021-12-05 14:32:25,33.214,0.005,13272,"Orinoco, River",South America,Venezuela,River,-66.9624,7.1569
2022-01-01 14:32:26,32.162,0.014,13272,"Orinoco, River",South America,Venezuela,River,-66.9624,7.1569
2022-01-28 14:32:30,30.891,0.003,13272,"Orinoco, River",South America,Venezuela,River,-66.9624,7.1569
2022-02-24 14:32:27,30.456,0.004,13272,"Orinoco, River",South America,Venezuela,River,-66.9624,7.1569
2022-03-23 14:32:28,30.494,0.004,13272,"Orinoco, River",South America,Venezuela,River,-66.9624,7.1569
2022-04-19 14:32:30,31.53,0.022,13272,"Orinoco, River",South America,Venezuela,River,-66.9624,7.1569
2022-05-16 14:32:29,34.383,0.005,13272,"Orinoco, River",South America,Venezuela,River,-66.9624,7.1569
2022-06-12 14:32:29,37.341,0.003,13272,"Orinoco, River",South America,Venezuela,River,-66.9624,7.1569
2022-07-09 14:32:28,38.705,0.0,13272,"Orinoco, River",South America,Venezuela,River,-66.9624,7.1569
2022-08-05 14:32:25,39.565,0.001,13272,"Orinoco, River",South America,Venezuela,River,-66.9624,7.1569
2022-09-01 14:32:23,39.185,0.0,13272,"Orinoco, River",South America,Venezuela,River,-66.9624,7.1569
2022-09-28 14:32:25,37.584,0.001,13272,"Orinoco, River",South America,Venezuela,River,-66.9624,7.1569
2022-10-25 14:32:24,35.829,0.002,13272,"Orinoco, River",South America,Venezuela,River,-66.9624,7.1569
2022-11-21 14:32:21,35.518,0.003,13272,"Orinoco, River",South America,Venezuela,River,-66.9624,7.1569
2022-12-18 14:32:21,33.144,0.002,13272,"Orinoco, River",South America,Venezuela,River,-66.9624,7.1569
2023-01-14 14:32:23,31.193,0.006,13272,"Orinoco, River",South America,Venezuela,River,-66.9624,7.1569
2023-02-10 14:32:24,31.288,0.001,13272,"Orinoco, River",South America,Venezuela,River,-66.9624,7.1569
2023-03-09 14:32:23,30.316,0.006,13272,"Orinoco, River",South America,Venezuela,River,-66.9624,7.1569
2023-04-05 14:32:27,30.278,0.006,13272,"Orinoco, River",South America,Venezuela,River,-66.9624,7.1569
2023-05-02 14:32:28,32.16,0.028,13272,"Orinoco, River",South America,Venezuela,River,-66.9624,7.1569
2023-05-29 14:32:27,34.403,0.003,13272,"Orinoco, River",South America,Venezuela,River,-66.9624,7.1569
2023-06-25 14:32:24,37.073,0.003,13272,"Orinoco, River",South America,Venezuela,River,-66.9624,7.1569
2023-07-22 14:32:21,38.307,0.002,13272,"Orinoco, River",South America,Venezuela,River,-66.9624,7.1569
2023-08-18 14:32:16,38.656,0.001,13272,"Orinoco, River",South America,Venezuela,River,-66.9624,7.1569
2023-09-14 14:32:21,36.211,0.003,13272,"Orinoco, River",South America,Venezuela,River,-66.9624,7.1569
2023-10-11 14:32:21,33.437,0.001,13272,"Orinoco, River",South America,Venezuela,River,-66.9624,7.1569
2023-11-07 14:32:19,32.974,0.004,13272,"Orinoco, River",South America,Venezuela,River,-66.9624,7.1569
2023-12-04 14:32:18,32.369,0.011,13272,"Orinoco, River",South America,Venezuela,River,-66.9624,7.1569
2023-12-31 14:32:22,30.91,0.009,13272,"Orinoco, River",South America,Venezuela,River,-66.9624,7.1569
2024-01-27 14:32:23,34.865,0.0,13272,"Orinoco, River",South America,Venezuela,River,-66.9624,7.1569
2024-02-23 14:32:23,30.236,0.021,13272,"Orinoco, River",South America,Venezuela,River,-66.9624,7.1569
2024-03-21 14:32:24,29.39,0.006,13272,"Orinoco, River",South America,Venezuela,River,-66.9624,7.1569
2024-04-17 14:32:28,29.869,0.007,13272,"Orinoco, River",South America,Venezuela,River,-66.9624,7.1569
2024-05-14 14:32:29,32.866,0.001,13272,"Orinoco, River",South America,Venezuela,River,-66.9624,7.1569
2024-06-10 14:32:30,36.94,0.002,13272,"Orinoco, River",South America,Venezuela,River,-66.9624,7.1569
2024-07-07 14:32:27,38.684,0.001,13272,"Orinoco, River",South America,Venezuela,River,-66.9624,7.1569
2024-08-03 14:32:25,39.244,0.001,13272,"Orinoco, River",South America,Venezuela,River,-66.9624,7.1569
2024-08-30 14:32:21,37.748,0.002,13272,"Orinoco, River",South America,Venezuela,River,-66.9624,7.1569
2024-09-26 14:32:24,35.136,0.003,13272,"Orinoco, River",South America,Venezuela,River,-66.9624,7.1569
2024-10-23 14:32:25,33.588,0.005,13272,"Orinoco, River",South America,Venezuela,River,-66.9624,7.1569
2024-11-19 14:32:23,32.248,0.004,13272,"Orinoco, River",South America,Venezuela,River,-66.9624,7.1569
2024-12-16 14:32:19,32.193,0.004,13272,"Orinoco, River",South America,Venezuela,River,-66.9624,7.1569
2025-01-12 14:32:24,31.654,0.003,13272,"Orinoco, River",South America,Venezuela,River,-66.9624,7.1569
2025-02-08 14:32:27,30.251,0.009,13272,"Orinoco, River",South America,Venezuela,River,-66.9624,7.1569
2025-03-07 14:32:24,30.091,0.043,13272,"Orinoco, River",South America,Venezuela,River,-66.9624,7.1569
2025-04-03 14:32:27,30.729,0.001,13272,"Orinoco, River",South America,Venezuela,River,-66.9624,7.1569
2025-04-30 14:32:31,33.223,0.001,13272,"Orinoco, River",South America,Venezuela,River,-66.9624,7.1569
2025-05-27 14:32:33,36.355,0.0,13272,"Orinoco, River",South America,Venezuela,River,-66.9624,7.1569
2025-06-23 14:32:33,39.152,0.001,13272,"Orinoco, River",South America,Venezuela,River,-66.9624,7.1569
2025-07-20 14:32:33,39.879,0.002,13272,"Orinoco, River",South America,Venezuela,River,-66.9624,7.1569
2025-08-16 14:32:31,39.899,0.002,13272,"Orinoco, River",South America,Venezuela,River,-66.9624,7.1569
2025-09-12 14:32:29,39.089,0.001,13272,"Orinoco, River",South America,Venezuela,River,-66.9624,7.1569
2025-10-09 14:32:31,37.38,0.002,13272,"Orinoco, River",South America,Venezuela,River,-66.9624,7.1569
2025-11-05 14:32:33,35.753,0.002,13272,"Orinoco, River",South America,Venezuela,River,-66.9624,7.1569
2002-08-01 14:09:58,2.262,0.007,9400,"Orinoco, River",South America,Venezuela,River,-61.1578,8.69
2002-09-05 14:09:56,2.514,0.003,9400,"Orinoco, River",South America,Venezuela,River,-61.1578,8.69
2002-11-14 14:10:00,1.786,0.085,9400,"Orinoco, River",South America,Venezuela,River,-61.1578,8.69
2002-12-19 14:09:53,1.784,0.002,9400,"Orinoco, River",South America,Venezuela,River,-61.1578,8.69
2003-01-23 14:09:57,1.533,0.014,9400,"Orinoco, River",South America,Venezuela,River,-61.1578,8.69
2003-02-27 14:09:55,0.448,0.026,9400,"Orinoco, River",South America,Venezuela,River,-61.1578,8.69
2003-05-08 14:09:57,1.402,0.012,9400,"Orinoco, River",South America,Venezuela,River,-61.1578,8.69
2003-07-17 14:10:04,2.245,0.014,9400,"Orinoco, River",South America,Venezuela,River,-61.1578,8.69
2003-08-21 14:10:08,2.418,0.01,9400,"Orinoco, River",South America,Venezuela,River,-61.1578,8.69
2003-09-25 14:10:07,2.359,0.045,9400,"Orinoco, River",South America,Venezuela,River,-61.1578,8.69
2003-10-30 14:10:00,2.05,0.04,9400,"Orinoco, River",South America,Venezuela,River,-61.1578,8.69
2004-02-12 14:10:02,1.414,0.0,9400,"Orinoco, River",South America,Venezuela,River,-61.1578,8.69
2004-03-18 14:10:05,0.767,0.021,9400,"Orinoco, River",South America,Venezuela,River,-61.1578,8.69
2004-04-22 14:10:03,1.412,0.0,9400,"Orinoco, River",South America,Venezuela,River,-61.1578,8.69
2004-07-01 14:10:06,2.049,0.013,9400,"Orinoco, River",South America,Venezuela,River,-61.1578,8.69
2004-08-05 14:10:08,2.49,0.027,9400,"Orinoco, River",South America,Venezuela,River,-61.1578,8.69
2004-09-09 14:10:06,2.408,0.005,9400,"Orinoco, River",South America,Venezuela,River,-61.1578,8.69
2004-11-18 14:10:05,1.519,0.017,9400,"Orinoco, River",South America,Venezuela,River,-61.1578,8.69
2004-12-23 14:10:01,1.064,0.132,9400,"Orinoco, River",South America,Venezuela,River,-61.1578,8.69
2005-01-27 14:10:03,1.446,0.242,9400,"Orinoco, River",South America,Venezuela,River,-61.1578,8.69
2005-03-03 14:10:02,1.209,0.091,9400,"Orinoco, River",South America,Venezuela,River,-61.1578,8.69
2005-04-07 14:10:05,0.916,0.042,9400,"Orinoco, River",South America,Venezuela,River,-61.1578,8.69
2005-06-16 14:10:09,1.392,0.032,9400,"Orinoco, River",South America,Venezuela,River,-61.1578,8.69
2005-07-21 14:10:10,2.407,0.102,9400,"Orinoco, River",South America,Venezuela,River,-61.1578,8.69
2005-08-25 14:10:05,2.388,0.068,9400,"Orinoco, River",South America,Venezuela,River,-61.1578,8.69
2005-09-29 14:10:05,1.926,0.01,9400,"Orinoco, River",South America,Venezuela,River,-61.1578,8.69
2005-12-08 14:10:01,1.506,0.108,9400,"Orinoco, River",South America,Venezuela,River,-61.1578,8.69
2006-01-12 14:09:53,1.562,0.039,9400,"Orinoco, River",South America,Venezuela,River,-61.1578,8.69
2006-02-16 14:09:56,1.555,0.023,9400,"Orinoco, River",South America,Venezuela,River,-61.1578,8.69
2006-03-23 14:09:53,1.681,0.151,9400,"Orinoco, River",South America,Venezuela,River,-61.1578,8.69
2006-04-27 14:09:59,1.265,0.023,9400,"Orinoco, River",South America,Venezuela,River,-61.1578,8.69
2006-06-01 14:10:00,1.68,0.007,9400,"Orinoco, River",South America,Venezuela,River,-61.1578,8.69
2006-07-06 14:10:06,1.618,0.034,9400,"Orinoco, River",South America,Venezuela,River,-61.1578,8.69
2006-08-10 14:10:05,2.855,0.023,9400,"Orinoco, River",South America,Venezuela,River,-61.1578,8.69
2006-09-14 14:09:59,2.487,0.036,9400,"Orinoco, River",South America,Venezuela,River,-61.1578,8.69
2006-10-19 14:10:04,1.846,0.024,9400,"Orinoco, River",South America,Venezuela,River,-61.1578,8.69
2006-11-23 14:10:04,1.727,0.042,9400,"Orinoco, River",South America,Venezuela,River,-61.1578,8.69
2006-12-28 14:10:01,1.188,0.081,9400,"Orinoco, River",South America,Venezuela,River,-61.1578,8.69
2007-02-01 14:09:57,1.126,0.291,9400,"Orinoco, River",South America,Venezuela,River,-61.1578,8.69
2007-03-08 14:09:59,1.445,0.009,9400,"Orinoco, River",South America,Venezuela,River,-61.1578,8.69
2007-04-12 14:09:57,0.279,0.053,9400,"Orinoco, River",South America,Venezuela,River,-61.1578,8.69
2007-05-17 14:10:00,1.846,0.173,9400,"Orinoco, River",South America,Venezuela,River,-61.1578,8.69
2007-06-21 14:10:02,1.567,0.063,9400,"Orinoco, River",South America,Venezuela,River,-61.1578,8.69
2007-07-26 14:10:02,2.318,0.025,9400,"Orinoco, River",South America,Venezuela,River,-61.1578,8.69
2007-08-30 14:10:01,2.778,0.001,9400,"Orinoco, River",South America,Venezuela,River,-61.1578,8.69
2007-10-04 14:09:57,2.19,0.019,9400,"Orinoco, River",South America,Venezuela,River,-61.1578,8.69
2007-12-13 14:09:54,1.676,0.174,9400,"Orinoco, River",South America,Venezuela,River,-61.1578,8.69
2008-01-17 14:09:55,1.492,0.02,9400,"Orinoco, River",South America,Venezuela,River,-61.1578,8.69
2008-02-21 14:09:55,1.573,0.063,9400,"Orinoco, River",South America,Venezuela,River,-61.1578,8.69
2008-03-27 14:09:56,1.491,0.023,9400,"Orinoco, River",South America,Venezuela,River,-61.1578,8.69
2008-05-01 14:09:55,0.769,0.117,9400,"Orinoco, River",South America,Venezuela,River,-61.1578,8.69
2008-06-05 14:09:56,1.989,0.094,9400,"Orinoco, River",South America,Venezuela,River,-61.1578,8.69
2008-07-10 14:09:57,1.823,0.009,9400,"Orinoco, River",South America,Venezuela,River,-61.1578,8.69
2008-08-14 14:09:55,2.438,0.012,9400,"Orinoco, River",South America,Venezuela,River,-61.1578,8.69
2008-09-18 14:09:53,2.442,0.03,9400,"Orinoco, River",South America,Venezuela,River,-61.1578,8.69
2008-10-23 14:09:54,1.692,0.039,9400,"Orinoco, River",South America,Venezuela,River,-61.1578,8.69
2008-11-27 14:09:52,1.777,0.064,9400,"Orinoco, River",South America,Venezuela,River,-61.1578,8.69
2009-01-01 14:09:53,1.733,0.119,9400,"Orinoco, River",South America,Venezuela,River,-61.1578,8.69
2009-02-05 14:09:52,1.688,0.077,9400,"Orinoco, River",South America,Venezuela,River,-61.1578,8.69
2009-03-12 14:09:53,1.594,0.094,9400,"Orinoco, River",South America,Venezuela,River,-61.1578,8.69
2009-04-16 14:09:51,1.328,0.033,9400,"Orinoco, River",South America,Venezuela,River,-61.1578,8.69
2009-05-21 14:09:54,1.406,0.188,9400,"Orinoco, River",South America,Venezuela,River,-61.1578,8.69
2009-06-25 14:09:55,1.801,0.216,9400,"Orinoco, River",South America,Venezuela,River,-61.1578,8.69
2009-07-30 14:09:54,1.819,0.029,9400,"Orinoco, River",South America,Venezuela,River,-61.1578,8.69
2009-09-03 14:09:53,2.353,0.091,9400,"Orinoco, River",South America,Venezuela,River,-61.1578,8.69
2009-10-08 14:09:49,1.98,0.004,9400,"Orinoco, River",South America,Venezuela,River,-61.1578,8.69
2009-11-12 14:09:49,1.586,0.105,9400,"Orinoco, River",South America,Venezuela,River,-61.1578,8.69
2009-12-17 14:09:47,1.574,0.009,9400,"Orinoco, River",South America,Venezuela,River,-61.1578,8.69
2010-01-21 14:09:48,1.192,0.001,9400,"Orinoco, River",South America,Venezuela,River,-61.1578,8.69
2010-02-25 14:09:47,0.344,0.046,9400,"Orinoco, River",South America,Venezuela,River,-61.1578,8.69
2010-05-06 14:09:45,1.145,0.113,9400,"Orinoco, River",South America,Venezuela,River,-61.1578,8.69
2010-06-10 14:09:45,1.825,0.068,9400,"Orinoco, River",South America,Venezuela,River,-61.1578,8.69
2010-07-15 14:09:46,2.576,0.021,9400,"Orinoco, River",South America,Venezuela,River,-61.1578,8.69
2010-09-23 14:09:44,2.56,0.096,9400,"Orinoco, River",South America,Venezuela,River,-61.1578,8.69
2013-03-23 22:15:03,1.228,0.018,9400,"Orinoco, River",South America,Venezuela,River,-61.1578,8.69
2013-06-01 22:14:20,1.569,0.0,9400,"Orinoco, River",South America,Venezuela,River,-61.1578,8.69
2013-07-06 22:14:00,2.055,0.051,9400,"Orinoco, River",South America,Venezuela,River,-61.1578,8.69
2013-08-10 22:13:51,2.023,0.001,9400,"Orinoco, River",South America,Venezuela,River,-61.1578,8.69
2013-09-14 22:14:03,2.35,0.001,9400,"Orinoco, River",South America,Venezuela,River,-61.1578,8.69
2013-11-23 22:14:06,0.972,0.003,9400,"Orinoco, River",South America,Venezuela,River,-61.1578,8.69
2013-12-28 22:14:03,1.662,0.001,9400,"Orinoco, River",South America,Venezuela,River,-61.1578,8.69
2014-02-01 22:14:02,1.483,0.01,9400,"Orinoco, River",South America,Venezuela,River,-61.1578,8.69
2014-03-08 22:14:00,1.461,0.027,9400,"Orinoco, River",South America,Venezuela,River,-61.1578,8.69
2014-04-12 22:13:58,1.399,0.001,9400,"Orinoco, River",South America,Venezuela,River,-61.1578,8.69
2014-05-17 22:13:55,0.806,0.009,9400,"Orinoco, River",South America,Venezuela,River,-61.1578,8.69
2014-06-21 22:13:55,0.035,0.029,9400,"Orinoco, River",South America,Venezuela,River,-61.1578,8.69
2014-07-26 22:13:50,2.123,0.004,9400,"Orinoco, River",South America,Venezuela,River,-61.1578,8.69
2014-08-30 22:13:46,2.286,0.003,9400,"Orinoco, River",South America,Venezuela,River,-61.1578,8.69
2014-10-04 22:13:43,2.174,0.002,9400,"Orinoco, River",South America,Venezuela,River,-61.1578,8.69
2014-11-08 22:13:40,1.781,0.001,9400,"Orinoco, River",South America,Venezuela,River,-61.1578,8.69
2014-12-13 22:13:37,1.598,0.004,9400,"Orinoco, River",South America,Venezuela,River,-61.1578,8.69
2015-01-17 22:13:34,1.482,0.013,9400,"Orinoco, River",South America,Venezuela,River,-61.1578,8.69
2015-02-21 22:13:31,0.745,0.068,9400,"Orinoco, River",South America,Venezuela,River,-61.1578,8.69
2015-05-02 22:13:24,1.39,0.007,9400,"Orinoco, River",South America,Venezuela,River,-61.1578,8.69
2015-08-15 22:13:13,2.267,0.005,9400,"Orinoco, River",South America,Venezuela,River,-61.1578,8.69
2015-09-19 22:13:08,2.103,0.005,9400,"Orinoco, River",South America,Venezuela,River,-61.1578,8.69
2015-10-24 22:13:02,1.672,0.002,9400,"Orinoco, River",South America,Venezuela,River,-61.1578,8.69
2015-11-28 22:12:57,1.617,0.014,9400,"Orinoco, River",South America,Venezuela,River,-61.1578,8.69
2016-02-06 22:12:45,1.338,0.002,9400,"Orinoco, River",South America,Venezuela,River,-61.1578,8.69
2016-03-12 22:12:37,0.178,0.832,9400,"Orinoco, River",South America,Venezuela,River,-61.1578,8.69
2002-07-09 14:33:40,48.595,0.009,1208,"Orinoco, River",South America,Colombia,River,-67.4693,6.1778
2002-08-13 14:33:40,48.404,0.008,1208,"Orinoco, River",South America,Colombia,River,-67.4693,6.1778
2002-09-17 14:33:39,47.094,0.012,1208,"Orinoco, River",South America,Colombia,River,-67.4693,6.1778
2002-10-22 14:33:41,41.96,0.003,1208,"Orinoco, River",South America,Colombia,River,-67.4693,6.1778
2002-11-26 14:33:40,43.624,0.021,1208,"Orinoco, River",South America,Colombia,River,-67.4693,6.1778
2002-12-31 14:33:38,39.534,0.004,1208,"Orinoco, River",South America,Colombia,River,-67.4693,6.1778
2003-02-04 14:33:38,36.126,0.029,1208,"Orinoco, River",South America,Colombia,River,-67.4693,6.1778
2003-03-11 14:33:39,35.364,0.024,1208,"Orinoco, River",South America,Colombia,River,-67.4693,6.1778
2003-05-20 14:33:36,43.826,0.026,1208,"Orinoco, River",South America,Colombia,River,-67.4693,6.1778
2003-06-24 14:33:43,46.387,0.001,1208,"Orinoco, River",South America,Colombia,River,-67.4693,6.1778
2003-07-29 14:33:48,48.344,0.004,1208,"Orinoco, River",South America,Colombia,River,-67.4693,6.1778
2003-09-02 14:33:51,47.813,0.005,1208,"Orinoco, River",South America,Colombia,River,-67.4693,6.1778
2003-10-07 14:33:47,45.665,0.018,1208,"Orinoco, River",South America,Colombia,River,-67.4693,6.1778
2003-11-11 14:33:44,44.248,0.004,1208,"Orinoco, River",South America,Colombia,River,-67.4693,6.1778
2003-12-16 14:33:45,39.85,0.005,1208,"Orinoco, River",South America,Colombia,River,-67.4693,6.1778
2004-01-20 14:33:43,38.629,0.011,1208,"Orinoco, River",South America,Colombia,River,-67.4693,6.1778
2004-02-24 14:33:43,37.234,0.015,1208,"Orinoco, River",South America,Colombia,River,-67.4693,6.1778
2004-03-30 14:33:46,36.009,0.018,1208,"Orinoco, River",South America,Colombia,River,-67.4693,6.1778
2004-05-04 14:33:44,40.424,0.006,1208,"Orinoco, River",South America,Colombia,River,-67.4693,6.1778
2004-06-08 14:33:49,46.431,0.006,1208,"Orinoco, River",South America,Colombia,River,-67.4693,6.1778
2004-07-13 14:33:50,47.988,0.009,1208,"Orinoco, River",South America,Colombia,River,-67.4693,6.1778
2004-08-17 14:33:47,47.938,0.003,1208,"Orinoco, River",South America,Colombia,River,-67.4693,6.1778
2004-09-21 14:33:44,46.217,0.001,1208,"Orinoco, River",South America,Colombia,River,-67.4693,6.1778
2004-10-26 14:33:49,43.848,0.008,1208,"Orinoco, River",South America,Colombia,River,-67.4693,6.1778
2004-11-30 14:33:47,43.695,0.049,1208,"Orinoco, River",South America,Colombia,River,-67.4693,6.1778
2005-01-04 14:33:41,39.157,0.017,1208,"Orinoco, River",South America,Colombia,River,-67.4693,6.1778
2005-02-08 14:33:44,36.823,0.008,1208,"Orinoco, River",South America,Colombia,River,-67.4693,6.1778
2005-03-15 14:33:43,37.279,0.05,1208,"Orinoco, River",South America,Colombia,River,-67.4693,6.1778
2005-04-19 14:33:50,40.518,0.007,1208,"Orinoco, River",South America,Colombia,River,-67.4693,6.1778
2005-05-24 14:33:50,45.145,0.064,1208,"Orinoco, River",South America,Colombia,River,-67.4693,6.1778
2005-06-28 14:33:52,46.326,0.003,1208,"Orinoco, River",South America,Colombia,River,-67.4693,6.1778
2005-08-02 14:33:49,46.662,0.013,1208,"Orinoco, River",South America,Colombia,River,-67.4693,6.1778
2005-09-06 14:33:45,45.982,0.002,1208,"Orinoco, River",South America,Colombia,River,-67.4693,6.1778
2005-10-11 14:33:47,42.23,0.015,1208,"Orinoco, River",South America,Colombia,River,-67.4693,6.1778
2005-11-15 14:33:47,43.301,0.021,1208,"Orinoco, River",South America,Colombia,River,-67.4693,6.1778
2005-12-20 14:33:41,40.011,0.023,1208,"Orinoco, River",South America,Colombia,River,-67.4693,6.1778
2006-01-24 14:33:35,38.118,0.004,1208,"Orinoco, River",South America,Colombia,River,-67.4693,6.1778
2006-02-28 14:33:37,37.988,0.018,1208,"Orinoco, River",South America,Colombia,River,-67.4693,6.1778
2006-04-04 14:33:35,39.051,0.02,1208,"Orinoco, River",South America,Colombia,River,-67.4693,6.1778
2006-05-09 14:33:42,41.689,0.026,1208,"Orinoco, River",South America,Colombia,River,-67.4693,6.1778
2006-06-13 14:33:44,45.743,0.01,1208,"Orinoco, River",South America,Colombia,River,-67.4693,6.1778
2006-07-18 14:33:48,48.328,0.008,1208,"Orinoco, River",South America,Colombia,River,-67.4693,6.1778
2006-08-22 14:33:45,47.51,0.01,1208,"Orinoco, River",South America,Colombia,River,-67.4693,6.1778
2006-09-26 14:33:43,44.448,0.015,1208,"Orinoco, River",South America,Colombia,River,-67.4693,6.1778
2006-10-31 14:33:46,43.057,0.043,1208,"Orinoco, River",South America,Colombia,River,-67.4693,6.1778
2006-12-05 14:33:45,43.739,0.011,1208,"Orinoco, River",South America,Colombia,River,-67.4693,6.1778
2007-01-09 14:33:41,39.15,0.002,1208,"Orinoco, River",South America,Colombia,River,-67.4693,6.1778
2007-02-13 14:33:40,36.442,0.052,1208,"Orinoco, River",South America,Colombia,River,-67.4693,6.1778
2007-03-20 14:33:39,36.3,0.026,1208,"Orinoco, River",South America,Colombia,River,-67.4693,6.1778
2007-04-24 14:33:41,39.588,0.024,1208,"Orinoco, River",South America,Colombia,River,-67.4693,6.1778
2007-05-29 14:33:43,44.029,0.006,1208,"Orinoco, River",South America,Colombia,River,-67.4693,6.1778
2007-07-03 14:33:44,47.937,0.007,1208,"Orinoco, River",South America,Colombia,River,-67.4693,6.1778
2007-08-07 14:33:43,47.341,0.029,1208,"Orinoco, River",South America,Colombia,River,-67.4693,6.1778
2007-09-11 14:33:40,46.112,0.003,1208,"Orinoco, River",South America,Colombia,River,-67.4693,6.1778
2007-10-16 14:33:38,45.066,0.021,1208,"Orinoco, River",South America,Colombia,River,-67.4693,6.1778
2007-11-20 14:33:36,43.034,0.021,1208,"Orinoco, River",South America,Colombia,River,-67.4693,6.1778
2007-12-25 14:33:36,39.673,0.004,1208,"Orinoco, River",South America,Colombia,River,-67.4693,6.1778
2008-01-29 14:33:36,37.576,0.005,1208,"Orinoco, River",South America,Colombia,River,-67.4693,6.1778
2008-03-04 14:33:37,36.824,0.002,1208,"Orinoco, River",South America,Colombia,River,-67.4693,6.1778
2008-04-08 14:33:37,36.321,0.03,1208,"Orinoco, River",South America,Colombia,River,-67.4693,6.1778
2008-05-13 14:33:37,40.256,0.02,1208,"Orinoco, River",South America,Colombia,River,-67.4693,6.1778
2008-06-17 14:33:38,44.8,0.008,1208,"Orinoco, River",South America,Colombia,River,-67.4693,6.1778
2008-07-22 14:33:38,48.834,0.005,1208,"Orinoco, River",South America,Colombia,River,-67.4693,6.1778
2008-08-26 14:33:35,47.105,0.0,1208,"Orinoco, River",South America,Colombia,River,-67.4693,6.1778
2008-09-30 14:33:35,44.901,0.002,1208,"Orinoco, River",South America,Colombia,River,-67.4693,6.1778
2008-11-04 14:33:34,43.582,0.002,1208,"Orinoco, River",South America,Colombia,River,-67.4693,6.1778
2008-12-09 14:33:35,43.325,0.029,1208,"Orinoco, River",South America,Colombia,River,-67.4693,6.1778
2009-01-13 14:33:34,39.093,0.006,1208,"Orinoco, River",South America,Colombia,River,-67.4693,6.1778
2009-02-17 14:33:35,38.05,0.005,1208,"Orinoco, River",South America,Colombia,River,-67.4693,6.1778
2009-03-24 14:33:34,37.655,0.014,1208,"Orinoco, River",South America,Colombia,River,-67.4693,6.1778
2009-06-02 14:33:36,41.11,0.026,1208,"Orinoco, River",South America,Colombia,River,-67.4693,6.1778
2009-07-07 14:33:36,45.916,0.001,1208,"Orinoco, River",South America,Colombia,River,-67.4693,6.1778
2009-08-11 14:33:36,47.407,0.004,1208,"Orinoco, River",South America,Colombia,River,-67.4693,6.1778
2009-09-15 14:33:32,45.231,0.009,1208,"Orinoco, River",South America,Colombia,River,-67.4693,6.1778
2009-10-20 14:33:30,42.864,0.013,1208,"Orinoco, River",South America,Colombia,River,-67.4693,6.1778
2009-11-24 14:33:29,40.374,0.017,1208,"Orinoco, River",South America,Colombia,River,-67.4693,6.1778
2009-12-29 14:33:29,36.203,0.007,1208,"Orinoco, River",South America,Colombia,River,-67.4693,6.1778
2010-02-02 14:33:29,35.921,0.008,1208,"Orinoco, River",South America,Colombia,River,-67.4693,6.1778
2010-03-09 14:33:29,35.808,0.013,1208,"Orinoco, River",South America,Colombia,River,-67.4693,6.1778
2010-04-13 14:33:28,37.984,0.01,1208,"Orinoco, River",South America,Colombia,River,-67.4693,6.1778
2010-05-18 14:33:27,44.43,0.012,1208,"Orinoco, River",South America,Colombia,River,-67.4693,6.1778
2010-06-22 14:33:26,46.792,0.029,1208,"Orinoco, River",South America,Colombia,River,-67.4693,6.1778
2010-07-27 14:33:28,48.148,0.002,1208,"Orinoco, River",South America,Colombia,River,-67.4693,6.1778
2010-08-31 14:33:28,47.624,0.002,1208,"Orinoco, River",South America,Colombia,River,-67.4693,6.1778
2010-10-05 14:33:23,43.987,0.008,1208,"Orinoco, River",South America,Colombia,River,-67.4693,6.1778
2013-04-04 22:38:36,38.32,0.0,1208,"Orinoco, River",South America,Colombia,River,-67.4693,6.1778
2013-05-09 22:38:15,41.648,0.003,1208,"Orinoco, River",South America,Colombia,River,-67.4693,6.1778
2013-06-13 22:37:55,44.9,0.001,1208,"Orinoco, River",South America,Colombia,River,-67.4693,6.1778
2013-07-18 22:37:33,46.097,0.002,1208,"Orinoco, River",South America,Colombia,River,-67.4693,6.1778
2013-08-22 22:37:35,47.35,0.001,1208,"Orinoco, River",South America,Colombia,River,-67.4693,6.1778
2013-09-26 22:37:49,46.138,0.003,1208,"Orinoco, River",South America,Colombia,River,-67.4693,6.1778
2013-10-31 22:37:49,42.728,0.003,1208,"Orinoco, River",South America,Colombia,River,-67.4693,6.1778
2013-12-05 22:37:47,41.281,0.001,1208,"Orinoco, River",South America,Colombia,River,-67.4693,6.1778
2014-01-09 22:37:45,38.798,0.005,1208,"Orinoco, River",South America,Colombia,River,-67.4693,6.1778
2014-02-13 22:37:45,42.969,0.003,1208,"Orinoco, River",South America,Colombia,River,-67.4693,6.1778
2014-03-20 22:37:41,36.916,0.006,1208,"Orinoco, River",South America,Colombia,River,-67.4693,6.1778
2014-04-24 22:37:39,38.442,0.007,1208,"Orinoco, River",South America,Colombia,River,-67.4693,6.1778
2014-05-29 22:37:37,42.631,0.01,1208,"Orinoco, River",South America,Colombia,River,-67.4693,6.1778
2014-07-03 22:37:34,46.907,0.001,1208,"Orinoco, River",South America,Colombia,River,-67.4693,6.1778
2014-08-07 22:37:29,48.666,0.003,1208,"Orinoco, River",South America,Colombia,River,-67.4693,6.1778
2014-09-11 22:37:26,47.137,0.004,1208,"Orinoco, River",South America,Colombia,River,-67.4693,6.1778
2014-10-16 22:37:24,48.564,0.001,1208,"Orinoco, River",South America,Colombia,River,-67.4693,6.1778
2014-11-20 22:37:21,43.553,0.002,1208,"Orinoco, River",South America,Colombia,River,-67.4693,6.1778
2014-12-25 22:37:17,39.596,0.004,1208,"Orinoco, River",South America,Colombia,River,-67.4693,6.1778
2015-01-29 22:37:15,37.658,0.003,1208,"Orinoco, River",South America,Colombia,River,-67.4693,6.1778
2015-03-05 22:37:14,36.72,0.003,1208,"Orinoco, River",South America,Colombia,River,-67.4693,6.1778
2015-04-09 22:37:18,43.807,0.003,1208,"Orinoco, River",South America,Colombia,River,-67.4693,6.1778
2015-05-14 22:36:55,40.307,0.003,1208,"Orinoco, River",South America,Colombia,River,-67.4693,6.1778
2015-07-23 22:36:44,48.46,0.005,1208,"Orinoco, River",South America,Colombia,River,-67.4693,6.1778
2015-08-27 22:36:50,47.635,0.0,1208,"Orinoco, River",South America,Colombia,River,-67.4693,6.1778
2015-10-01 22:36:48,43.997,0.003,1208,"Orinoco, River",South America,Colombia,River,-67.4693,6.1778
2015-11-05 22:36:46,41.288,0.003,1208,"Orinoco, River",South America,Colombia,River,-67.4693,6.1778
2015-12-10 22:36:36,41.439,0.013,1208,"Orinoco, River",South America,Colombia,River,-67.4693,6.1778
2016-01-14 22:36:25,45.714,0.003,1208,"Orinoco, River",South America,Colombia,River,-67.4693,6.1778
2016-02-18 22:36:25,38.05,0.001,1208,"Orinoco, River",South America,Colombia,River,-67.4693,6.1778
2016-03-24 22:36:20,36.074,0.002,1208,"Orinoco, River",South America,Colombia,River,-67.4693,6.1778
2016-04-28 22:36:16,39.058,0.001,1208,"Orinoco, River",South America,Colombia,River,-67.4693,6.1778
2016-06-02 22:35:52,48.208,0.014,1208,"Orinoco, River",South America,Colombia,River,-67.4693,6.1778
2016-05-20 01:59:10,1.086,0.066,19804,"Orinoco, River",,,River,-61.1097,8.4941
2016-06-16 01:59:11,0.74,0.003,19804,"Orinoco, River",,,River,-61.1097,8.4941
2016-07-13 01:59:11,1.406,0.018,19804,"Orinoco, River",,,River,-61.1097,8.4941
2016-08-09 01:59:10,2.084,0.056,19804,"Orinoco, River",,,River,-61.1097,8.4941
2016-09-05 01:59:09,2.291,0.115,19804,"Orinoco, River",,,River,-61.1097,8.4941
2016-10-02 01:59:14,1.929,0.041,19804,"Orinoco, River",,,River,-61.1097,8.4941
2016-10-29 01:59:11,1.232,0.004,19804,"Orinoco, River",,,River,-61.1097,8.4941
2016-11-25 01:59:09,1.008,0.043,19804,"Orinoco, River",,,River,-61.1097,8.4941
2016-12-22 01:59:09,0.435,0.035,19804,"Orinoco, River",,,River,-61.1097,8.4941
2017-01-18 01:59:11,1.176,0.014,19804,"Orinoco, River",,,River,-61.1097,8.4941
2017-02-14 01:59:11,1.061,0.027,19804,"Orinoco, River",,,River,-61.1097,8.4941
2017-03-13 01:59:09,0.848,0.066,19804,"Orinoco, River",,,River,-61.1097,8.4941
2017-04-09 01:59:14,0.555,0.068,19804,"Orinoco, River",,,River,-61.1097,8.4941
2017-06-02 01:59:21,0.926,0.02,19804,"Orinoco, River",,,River,-61.1097,8.4941
2017-06-29 01:59:19,1.648,0.001,19804,"Orinoco, River",,,River,-61.1097,8.4941
2017-07-26 01:59:17,2.01,0.01,19804,"Orinoco, River",,,River,-61.1097,8.4941
2017-08-22 01:59:14,2.31,0.024,19804,"Orinoco, River",,,River,-61.1097,8.4941
2017-09-18 01:59:13,1.963,0.084,19804,"Orinoco, River",,,River,-61.1097,8.4941
2017-10-15 01:59:16,1.196,0.036,19804,"Orinoco, River",,,River,-61.1097,8.4941
2017-11-11 01:59:17,1.465,0.076,19804,"Orinoco, River",,,River,-61.1097,8.4941
2017-12-08 01:59:13,1.416,0.039,19804,"Orinoco, River",,,River,-61.1097,8.4941
2018-01-04 01:59:17,1.312,0.041,19804,"Orinoco, River",,,River,-61.1097,8.4941
2018-01-31 01:59:19,0.675,0.037,19804,"Orinoco, River",,,River,-61.1097,8.4941
2018-04-22 01:59:21,1.012,0.142,19804,"Orinoco, River",,,River,-61.1097,8.4941
2018-05-19 01:59:21,1.37,0.009,19804,"Orinoco, River",,,River,-61.1097,8.4941
2018-06-15 01:59:22,1.457,0.049,19804,"Orinoco, River",,,River,-61.1097,8.4941
2018-07-12 01:59:21,1.931,0.017,19804,"Orinoco, River",,,River,-61.1097,8.4941
2018-08-08 01:59:18,2.053,0.007,19804,"Orinoco, River",,,River,-61.1097,8.4941
2018-09-04 01:59:16,2.221,0.001,19804,"Orinoco, River",,,River,-61.1097,8.4941
2018-10-01 01:59:21,2.376,0.028,19804,"Orinoco, River",,,River,-61.1097,8.4941
2018-10-28 01:59:22,1.752,0.012,19804,"Orinoco, River",,,River,-61.1097,8.4941
2018-11-24 01:59:20,1.309,0.021,19804,"Orinoco, River",,,River,-61.1097,8.4941
2018-12-21 01:59:16,0.424,0.01,19804,"Orinoco, River",,,River,-61.1097,8.4941
2019-02-13 01:59:21,0.675,0.044,19804,"Orinoco, River",,,River,-61.1097,8.4941
2019-03-12 01:59:18,1.0,0.062,19804,"Orinoco, River",,,River,-61.1097,8.4941
2019-04-08 01:59:23,0.914,0.033,19804,"Orinoco, River",,,River,-61.1097,8.4941
2019-05-05 01:59:26,0.836,0.008,19804,"Orinoco, River",,,River,-61.1097,8.4941
2019-06-01 01:59:26,0.787,0.009,19804,"Orinoco, River",,,River,-61.1097,8.4941
2019-06-28 01:59:26,0.876,0.019,19804,"Orinoco, River",,,River,-61.1097,8.4941
2019-07-25 01:59:25,1.597,0.017,19804,"Orinoco, River",,,River,-61.1097,8.4941
2019-08-21 01:59:21,2.222,0.081,19804,"Orinoco, River",,,River,-61.1097,8.4941
2019-09-17 01:59:23,1.98,0.003,19804,"Orinoco, River",,,River,-61.1097,8.4941
2019-10-14 01:59:24,1.496,0.006,19804,"Orinoco, River",,,River,-61.1097,8.4941
2019-11-10 01:59:23,0.927,0.042,19804,"Orinoco, River",,,River,-61.1097,8.4941
2019-12-07 01:59:19,0.718,0.075,19804,"Orinoco, River",,,River,-61.1097,8.4941
2020-02-26 01:59:22,1.05,0.039,19804,"Orinoco, River",,,River,-61.1097,8.4941
2020-03-24 01:59:24,0.583,0.064,19804,"Orinoco, River",,,River,-61.1097,8.4941
2020-04-20 01:59:29,0.319,0.05,19804,"Orinoco, River",,,River,-61.1097,8.4941
2020-06-13 01:59:28,0.754,0.02,19804,"Orinoco, River",,,River,-61.1097,8.4941
2020-07-10 01:59:29,1.412,0.018,19804,"Orinoco, River",,,River,-61.1097,8.4941
2020-08-06 01:59:28,1.743,0.009,19804,"Orinoco, River",,,River,-61.1097,8.4941
2020-09-02 01:59:24,2.016,0.013,19804,"Orinoco, River",,,River,-61.1097,8.4941
2020-09-29 01:59:27,0.977,0.032,19804,"Orinoco, River",,,River,-61.1097,8.4941
2020-10-26 01:59:28,0.648,0.004,19804,"Orinoco, River",,,River,-61.1097,8.4941
2020-11-22 01:59:24,1.188,0.051,19804,"Orinoco, River",,,River,-61.1097,8.4941
2020-12-19 01:59:21,1.391,0.037,19804,"Orinoco, River",,,River,-61.1097,8.4941
2021-01-15 01:59:28,1.324,0.015,19804,"Orinoco, River",,,River,-61.1097,8.4941
2021-02-11 01:59:29,0.466,0.003,19804,"Orinoco, River",,,River,-61.1097,8.4941
2021-05-03 01:59:34,0.91,0.001,19804,"Orinoco, River",,,River,-61.1097,8.4941
2021-05-30 01:59:33,1.673,0.01,19804,"Orinoco, River",,,River,-61.1097,8.4941
2021-06-26 01:59:35,1.779,0.027,19804,"Orinoco, River",,,River,-61.1097,8.4941
2021-07-23 01:59:34,1.744,0.046,19804,"Orinoco, River",,,River,-61.1097,8.4941
2021-08-19 01:59:31,1.968,0.036,19804,"Orinoco, River",,,River,-61.1097,8.4941
2021-09-15 01:59:30,1.92,0.062,19804,"Orinoco, River",,,River,-61.1097,8.4941
2021-10-12 01:59:33,1.79,0.018,19804,"Orinoco, River",,,River,-61.1097,8.4941
2021-11-08 01:59:31,1.68,0.036,19804,"Orinoco, River",,,River,-61.1097,8.4941
2021-12-05 01:59:30,1.265,0.07,19804,"Orinoco, River",,,River,-61.1097,8.4941
2022-01-01 01:59:31,0.494,0.021,19804,"Orinoco, River",,,River,-61.1097,8.4941
2022-02-24 01:59:33,0.811,0.064,19804,"Orinoco, River",,,River,-61.1097,8.4941
2022-03-23 01:59:34,1.319,0.051,19804,"Orinoco, River",,,River,-61.1097,8.4941
2022-04-19 01:59:36,1.35,0.062,19804,"Orinoco, River",,,River,-61.1097,8.4941
2022-05-16 01:59:35,1.327,0.02,19804,"Orinoco, River",,,River,-61.1097,8.4941
2022-06-12 01:59:34,1.4,0.051,19804,"Orinoco, River",,,River,-61.1097,8.4941
2022-07-09 01:59:33,1.693,0.011,19804,"Orinoco, River",,,River,-61.1097,8.4941
2022-08-05 01:59:30,2.037,0.011,19804,"Orinoco, River",,,River,-61.1097,8.4941
2022-09-01 01:59:28,2.16,0.029,19804,"Orinoco, River",,,River,-61.1097,8.4941
2022-09-28 01:59:30,2.259,0.002,19804,"Orinoco, River",,,River,-61.1097,8.4941
2022-10-25 01:59:30,1.322,0.068,19804,"Orinoco, River",,,River,-61.1097,8.4941
2022-11-21 01:59:26,1.343,0.082,19804,"Orinoco, River",,,River,-61.1097,8.4941
2022-12-18 01:59:26,0.668,0.015,19804,"Orinoco, River",,,River,-61.1097,8.4941
2023-01-14 01:59:28,1.032,0.023,19804,"Orinoco, River",,,River,-61.1097,8.4941
2023-02-10 01:59:30,1.28,0.039,19804,"Orinoco, River",,,River,-61.1097,8.4941
2023-03-09 01:59:29,0.713,0.061,19804,"Orinoco, River",,,River,-61.1097,8.4941
2023-04-05 01:59:32,0.523,0.018,19804,"Orinoco, River",,,River,-61.1097,8.4941
2023-05-02 01:59:34,0.345,0.04,19804,"Orinoco, River",,,River,-61.1097,8.4941
2023-05-29 01:59:33,0.276,0.031,19804,"Orinoco, River",,,River,-61.1097,8.4941
2023-06-25 01:59:29,1.609,0.007,19804,"Orinoco, River",,,River,-61.1097,8.4941
2023-07-22 01:59:26,1.943,0.056,19804,"Orinoco, River",,,River,-61.1097,8.4941
2023-08-18 01:59:22,1.926,0.022,19804,"Orinoco, River",,,River,-61.1097,8.4941
2023-09-14 01:59:26,1.796,0.009,19804,"Orinoco, River",,,River,-61.1097,8.4941
2023-10-11 01:59:26,0.828,0.007,19804,"Orinoco, River",,,River,-61.1097,8.4941
2023-11-07 01:59:25,0.538,0.076,19804,"Orinoco, River",,,River,-61.1097,8.4941
2023-12-04 01:59:23,1.239,0.054,19804,"Orinoco, River",,,River,-61.1097,8.4941
2023-12-31 01:59:28,1.194,0.029,19804,"Orinoco, River",,,River,-61.1097,8.4941
2024-01-27 01:59:28,0.608,0.008,19804,"Orinoco, River",,,River,-61.1097,8.4941
2024-02-23 01:59:28,0.507,0.009,19804,"Orinoco, River",,,River,-61.1097,8.4941
2024-06-10 01:59:35,1.521,0.07,19804,"Orinoco, River",,,River,-61.1097,8.4941
2024-07-07 01:59:32,1.753,0.014,19804,"Orinoco, River",,,River,-61.1097,8.4941
2024-08-03 01:59:30,1.835,0.011,19804,"Orinoco, River",,,River,-61.1097,8.4941
2024-08-30 01:59:26,1.594,0.034,19804,"Orinoco, River",,,River,-61.1097,8.4941
2024-09-26 01:59:29,1.244,0.004,19804,"Orinoco, River",,,River,-61.1097,8.4941
2024-10-23 01:59:30,1.315,0.03,19804,"Orinoco, River",,,River,-61.1097,8.4941
2024-11-19 01:59:28,1.478,0.001,19804,"Orinoco, River",,,River,-61.1097,8.4941
2024-12-16 01:59:24,0.675,0.015,19804,"Orinoco, River",,,River,-61.1097,8.4941
2025-01-12 01:59:29,0.472,0.042,19804,"Orinoco, River",,,River,-61.1097,8.4941
2025-03-07 01:59:29,0.542,0.014,19804,"Orinoco, River",,,River,-61.1097,8.4941
2025-04-03 01:59:32,1.297,0.003,19804,"Orinoco, River",,,River,-61.1097,8.4941
2025-04-30 01:59:36,1.287,0.415,19804,"Orinoco, River",,,River,-61.1097,8.4941
2025-05-27 01:59:38,1.444,0.01,19804,"Orinoco, River",,,River,-61.1097,8.4941
2025-06-23 01:59:38,1.281,0.024,19804,"Orinoco, River",,,River,-61.1097,8.4941
2025-07-20 01:59:38,1.845,0.017,19804,"Orinoco, River",,,River,-61.1097,8.4941
2025-08-16 01:59:36,2.171,0.021,19804,"Orinoco, River",,,River,-61.1097,8.4941
2025-09-12 01:59:33,2.304,0.009,19804,"Orinoco, River",,,River,-61.1097,8.4941
2025-10-09 01:59:36,2.07,0.072,19804,"Orinoco, River",,,River,-61.1097,8.4941
2025-11-05 01:59:38,1.107,0.027,19804,"Orinoco, River",,,River,-61.1097,8.4941
2025-12-02 01:59:35,0.94,0.038,19804,"Orinoco, River",,,River,-61.1097,8.4941
2016-05-27 02:16:07,165.706,0.033,23582,"Orinoco, River",South America,Venezuela,River,-64.4011,2.2879
2016-06-23 02:16:08,165.697,0.009,23582,"Orinoco, River",South America,Venezuela,River,-64.4011,2.2879
2016-07-20 02:16:07,165.723,0.002,23582,"Orinoco, River",South America,Venezuela,River,-64.4011,2.2879
2016-08-16 02:16:07,165.73,0.032,23582,"Orinoco, River",South America,Venezuela,River,-64.4011,2.2879
2016-09-12 02:16:08,166.294,0.006,23582,"Orinoco, River",South America,Venezuela,River,-64.4011,2.2879
2016-10-09 02:16:11,164.683,0.066,23582,"Orinoco, River",South America,Venezuela,River,-64.4011,2.2879
2016-11-05 02:16:08,165.164,0.024,23582,"Orinoco, River",South America,Venezuela,River,-64.4011,2.2879
2016-12-02 02:16:05,164.906,0.013,23582,"Orinoco, River",South America,Venezuela,River,-64.4011,2.2879
2016-12-29 02:16:07,165.111,0.011,23582,"Orinoco, River",South America,Venezuela,River,-64.4011,2.2879
2017-01-25 02:16:08,165.374,0.0,23582,"Orinoco, River",South America,Venezuela,River,-64.4011,2.2879
2017-02-21 02:16:07,165.261,0.03,23582,"Orinoco, River",South America,Venezuela,River,-64.4011,2.2879
2017-03-20 02:16:07,167.048,0.035,23582,"Orinoco, River",South America,Venezuela,River,-64.4011,2.2879
2017-04-16 02:16:12,165.761,0.007,23582,"Orinoco, River",South America,Venezuela,River,-64.4011,2.2879
2017-05-13 02:16:16,165.646,0.011,23582,"Orinoco, River",South America,Venezuela,River,-64.4011,2.2879
2017-06-09 02:16:18,165.151,0.011,23582,"Orinoco, River",South America,Venezuela,River,-64.4011,2.2879
2017-07-06 02:16:15,166.496,0.037,23582,"Orinoco, River",South America,Venezuela,River,-64.4011,2.2879
2017-08-02 02:16:13,166.715,0.01,23582,"Orinoco, River",South America,Venezuela,River,-64.4011,2.2879
2017-08-29 02:16:10,165.819,0.059,23582,"Orinoco, River",South America,Venezuela,River,-64.4011,2.2879
2017-09-25 02:16:10,165.735,0.021,23582,"Orinoco, River",South America,Venezuela,River,-64.4011,2.2879
2018-01-11 02:16:15,164.599,0.042,23582,"Orinoco, River",South America,Venezuela,River,-64.4011,2.2879
2018-04-02 02:16:15,164.271,0.0,23582,"Orinoco, River",South America,Venezuela,River,-64.4011,2.2879
2018-04-29 02:16:18,165.351,0.03,23582,"Orinoco, River",South America,Venezuela,River,-64.4011,2.2879
2018-06-22 02:16:19,166.792,0.003,23582,"Orinoco, River",South America,Venezuela,River,-64.4011,2.2879
2018-08-15 02:16:14,166.084,0.053,23582,"Orinoco, River",South America,Venezuela,River,-64.4011,2.2879
2018-09-11 02:16:15,166.506,0.03,23582,"Orinoco, River",South America,Venezuela,River,-64.4011,2.2879
2018-12-01 02:16:16,165.439,0.022,23582,"Orinoco, River",South America,Venezuela,River,-64.4011,2.2879
2018-12-28 02:16:14,164.908,0.014,23582,"Orinoco, River",South America,Venezuela,River,-64.4011,2.2879
2019-01-24 02:16:17,164.713,0.032,23582,"Orinoco, River",South America,Venezuela,River,-64.4011,2.2879
2019-02-20 02:16:18,164.339,0.06,23582,"Orinoco, River",South America,Venezuela,River,-64.4011,2.2879
2019-03-19 02:16:16,164.175,0.045,23582,"Orinoco, River",South America,Venezuela,River,-64.4011,2.2879
2019-04-15 02:16:21,164.199,0.028,23582,"Orinoco, River",South America,Venezuela,River,-64.4011,2.2879
2019-05-12 02:16:24,166.917,0.043,23582,"Orinoco, River",South America,Venezuela,River,-64.4011,2.2879
2019-06-08 02:16:23,166.047,0.014,23582,"Orinoco, River",South America,Venezuela,River,-64.4011,2.2879
2019-07-05 02:16:23,166.063,0.011,23582,"Orinoco, River",South America,Venezuela,River,-64.4011,2.2879
2019-08-01 02:16:21,165.686,0.014,23582,"Orinoco, River",South America,Venezuela,River,-64.4011,2.2879
2019-08-28 02:16:17,166.237,0.006,23582,"Orinoco, River",South America,Venezuela,River,-64.4011,2.2879
2019-09-24 02:16:20,165.89,0.028,23582,"Orinoco, River",South America,Venezuela,River,-64.4011,2.2879
2019-10-21 02:16:21,165.835,0.011,23582,"Orinoco, River",South America,Venezuela,River,-64.4011,2.2879
2019-11-17 02:16:19,165.431,0.034,23582,"Orinoco, River",South America,Venezuela,River,-64.4011,2.2879
2019-12-14 02:16:16,165.662,0.034,23582,"Orinoco, River",South America,Venezuela,River,-64.4011,2.2879
2020-01-10 02:16:19,164.997,0.011,23582,"Orinoco, River",South America,Venezuela,River,-64.4011,2.2879
2020-02-06 02:16:20,164.803,0.038,23582,"Orinoco, River",South America,Venezuela,River,-64.4011,2.2879
2020-03-04 02:16:19,164.526,0.007,23582,"Orinoco, River",South America,Venezuela,River,-64.4011,2.2879
2020-03-31 02:16:22,164.316,0.005,23582,"Orinoco, River",South America,Venezuela,River,-64.4011,2.2879
2020-04-27 02:16:26,164.82,0.044,23582,"Orinoco, River",South America,Venezuela,River,-64.4011,2.2879
2020-05-24 02:16:27,165.349,0.067,23582,"Orinoco, River",South America,Venezuela,River,-64.4011,2.2879
2020-06-20 02:16:25,167.693,0.02,23582,"Orinoco, River",South America,Venezuela,River,-64.4011,2.2879
2020-07-17 02:16:26,166.32,0.003,23582,"Orinoco, River",South America,Venezuela,River,-64.4011,2.2879
2020-08-13 02:16:24,165.893,0.058,23582,"Orinoco, River",South America,Venezuela,River,-64.4011,2.2879
2020-09-09 02:16:22,165.803,0.062,23582,"Orinoco, River",South America,Venezuela,River,-64.4011,2.2879
2020-10-06 02:16:25,165.591,0.013,23582,"Orinoco, River",South America,Venezuela,River,-64.4011,2.2879
2020-11-02 02:16:24,166.717,0.018,23582,"Orinoco, River",South America,Venezuela,River,-64.4011,2.2879
2020-11-29 02:16:20,166.365,0.007,23582,"Orinoco, River",South America,Venezuela,River,-64.4011,2.2879
2020-12-26 02:16:21,165.903,0.017,23582,"Orinoco, River",South America,Venezuela,River,-64.4011,2.2879
2021-01-22 02:16:26,165.133,0.034,23582,"Orinoco, River",South America,Venezuela,River,-64.4011,2.2879
2021-02-18 02:16:26,164.938,0.0,23582,"Orinoco, River",South America,Venezuela,River,-64.4011,2.2879
2021-03-17 02:16:22,165.303,0.057,23582,"Orinoco, River",South America,Venezuela,River,-64.4011,2.2879
2021-04-13 02:16:29,165.399,0.022,23582,"Orinoco, River",South America,Venezuela,River,-64.4011,2.2879
2021-05-10 02:16:31,165.687,0.06,23582,"Orinoco, River",South America,Venezuela,River,-64.4011,2.2879
2021-06-06 02:16:31,166.774,0.021,23582,"Orinoco, River",South America,Venezuela,River,-64.4011,2.2879
2021-07-03 02:16:32,165.936,0.007,23582,"Orinoco, River",South America,Venezuela,River,-64.4011,2.2879
2021-07-30 02:16:30,167.188,0.005,23582,"Orinoco, River",South America,Venezuela,River,-64.4011,2.2879
2021-08-26 02:16:27,167.604,0.015,23582,"Orinoco, River",South America,Venezuela,River,-64.4011,2.2879
2021-09-22 02:16:28,166.436,0.051,23582,"Orinoco, River",South America,Venezuela,River,-64.4011,2.2879
2021-10-19 02:16:30,166.006,0.029,23582,"Orinoco, River",South America,Venezuela,River,-64.4011,2.2879
2021-11-15 02:16:28,166.448,0.025,23582,"Orinoco, River",South America,Venezuela,River,-64.4011,2.2879
2021-12-12 02:16:27,165.955,0.011,23582,"Orinoco, River",South America,Venezuela,River,-64.4011,2.2879
2022-01-08 02:16:29,165.552,0.06,23582,"Orinoco, River",South America,Venezuela,River,-64.4011,2.2879
2022-02-04 02:16:33,164.929,0.04,23582,"Orinoco, River",South America,Venezuela,River,-64.4011,2.2879
2022-03-03 02:16:30,165.428,0.014,23582,"Orinoco, River",South America,Venezuela,River,-64.4011,2.2879
2022-03-30 02:16:32,165.627,0.025,23582,"Orinoco, River",South America,Venezuela,River,-64.4011,2.2879
2022-04-26 02:16:34,165.649,0.0,23582,"Orinoco, River",South America,Venezuela,River,-64.4011,2.2879
2022-05-23 02:16:32,167.104,0.014,23582,"Orinoco, River",South America,Venezuela,River,-64.4011,2.2879
2022-06-19 02:16:31,167.606,0.039,23582,"Orinoco, River",South America,Venezuela,River,-64.4011,2.2879
2022-07-16 02:16:29,167.007,0.001,23582,"Orinoco, River",South America,Venezuela,River,-64.4011,2.2879
2022-08-12 02:16:26,166.241,0.006,23582,"Orinoco, River",South America,Venezuela,River,-64.4011,2.2879
2022-09-08 02:16:27,166.44,0.016,23582,"Orinoco, River",South America,Venezuela,River,-64.4011,2.2879
2022-10-05 02:16:26,166.7,0.031,23582,"Orinoco, River",South America,Venezuela,River,-64.4011,2.2879
2022-11-01 02:16:26,166.44,0.007,23582,"Orinoco, River",South America,Venezuela,River,-64.4011,2.2879
2022-11-28 02:16:23,166.693,0.049,23582,"Orinoco, River",South America,Venezuela,River,-64.4011,2.2879
2022-12-25 02:16:23,166.102,0.003,23582,"Orinoco, River",South America,Venezuela,River,-64.4011,2.2879
2023-01-21 02:16:26,166.255,0.011,23582,"Orinoco, River",South America,Venezuela,River,-64.4011,2.2879
2023-02-17 02:16:25,165.78,0.032,23582,"Orinoco, River",South America,Venezuela,River,-64.4011,2.2879
2023-03-16 02:16:26,165.264,0.011,23582,"Orinoco, River",South America,Venezuela,River,-64.4011,2.2879
2023-04-12 02:16:31,164.853,0.087,23582,"Orinoco, River",South America,Venezuela,River,-64.4011,2.2879
2023-05-09 02:16:30,165.011,0.028,23582,"Orinoco, River",South America,Venezuela,River,-64.4011,2.2879
2023-06-05 02:16:29,165.723,0.009,23582,"Orinoco, River",South America,Venezuela,River,-64.4011,2.2879
2023-07-02 02:16:25,165.926,0.052,23582,"Orinoco, River",South America,Venezuela,River,-64.4011,2.2879
2023-07-29 02:16:22,166.842,0.009,23582,"Orinoco, River",South America,Venezuela,River,-64.4011,2.2879
2023-08-25 02:16:20,165.711,0.007,23582,"Orinoco, River",South America,Venezuela,River,-64.4011,2.2879
2023-09-21 02:16:23,165.115,0.004,23582,"Orinoco, River",South America,Venezuela,River,-64.4011,2.2879
2023-10-18 02:16:23,165.512,0.001,23582,"Orinoco, River",South America,Venezuela,River,-64.4011,2.2879
2023-11-14 02:16:21,164.916,0.111,23582,"Orinoco, River",South America,Venezuela,River,-64.4011,2.2879
2023-12-11 02:16:21,165.066,0.016,23582,"Orinoco, River",South America,Venezuela,River,-64.4011,2.2879
2024-01-07 02:16:25,164.756,0.003,23582,"Orinoco, River",South America,Venezuela,River,-64.4011,2.2879
2024-02-03 02:16:27,164.258,0.01,23582,"Orinoco, River",South America,Venezuela,River,-64.4011,2.2879
2024-03-01 02:16:24,164.457,0.049,23582,"Orinoco, River",South America,Venezuela,River,-64.4011,2.2879
2024-03-28 02:16:28,164.215,0.018,23582,"Orinoco, River",South America,Venezuela,River,-64.4011,2.2879
2024-04-24 02:16:28,164.904,0.044,23582,"Orinoco, River",South America,Venezuela,River,-64.4011,2.2879
2024-05-21 02:16:30,165.431,0.033,23582,"Orinoco, River",South America,Venezuela,River,-64.4011,2.2879
2024-06-17 02:16:31,165.801,0.017,23582,"Orinoco, River",South America,Venezuela,River,-64.4011,2.2879
2024-07-14 02:16:29,165.969,0.005,23582,"Orinoco, River",South America,Venezuela,River,-64.4011,2.2879
2024-08-10 02:16:26,165.63,0.028,23582,"Orinoco, River",South America,Venezuela,River,-64.4011,2.2879
2024-09-06 02:16:22,165.384,0.038,23582,"Orinoco, River",South America,Venezuela,River,-64.4011,2.2879
2024-10-03 02:16:26,165.445,0.012,23582,"Orinoco, River",South America,Venezuela,River,-64.4011,2.2879
2024-10-30 02:16:25,165.244,0.02,23582,"Orinoco, River",South America,Venezuela,River,-64.4011,2.2879
2024-11-26 02:16:23,165.18,0.003,23582,"Orinoco, River",South America,Venezuela,River,-64.4011,2.2879
2024-12-23 02:16:22,164.663,0.021,23582,"Orinoco, River",South America,Venezuela,River,-64.4011,2.2879
2025-01-19 02:16:28,164.04,0.002,23582,"Orinoco, River",South America,Venezuela,River,-64.4011,2.2879
2025-02-15 02:16:30,164.149,0.049,23582,"Orinoco, River",South America,Venezuela,River,-64.4011,2.2879
2025-03-14 02:16:26,165.283,0.011,23582,"Orinoco, River",South America,Venezuela,River,-64.4011,2.2879
2025-04-10 02:16:32,164.98,0.012,23582,"Orinoco, River",South America,Venezuela,River,-64.4011,2.2879
2025-05-07 02:16:34,165.389,0.028,23582,"Orinoco, River",South America,Venezuela,River,-64.4011,2.2879
2025-06-03 02:16:35,166.119,0.053,23582,"Orinoco, River",South America,Venezuela,River,-64.4011,2.2879
2025-06-30 02:16:35,165.536,0.069,23582,"Orinoco, River",South America,Venezuela,River,-64.4011,2.2879
2025-07-27 02:16:35,166.157,0.014,23582,"Orinoco, River",South America,Venezuela,River,-64.4011,2.2879
2025-08-23 02:16:32,165.962,0.004,23582,"Orinoco, River",South America,Venezuela,River,-64.4011,2.2879
2025-09-19 02:16:32,165.741,0.046,23582,"Orinoco, River",South America,Venezuela,River,-64.4011,2.2879
2025-10-16 02:16:34,165.515,0.061,23582,"Orinoco, River",South America,Venezuela,River,-64.4011,2.2879
2025-11-12 02:16:34,165.338,0.01,23582,"Orinoco, River",South America,Venezuela,River,-64.4011,2.2879
2018-12-16 14:22:22,12.793,0.046,17627,"Orinoco, River",South America,Venezuela,River,-64.4345,8.0074
2019-01-12 14:22:25,10.149,0.015,17627,"Orinoco, River",South America,Venezuela,River,-64.4345,8.0074
2019-02-08 14:22:25,9.027,0.028,17627,"Orinoco, River",South America,Venezuela,River,-64.4345,8.0074
2019-03-07 14:22:29,8.196,0.01,17627,"Orinoco, River",South America,Venezuela,River,-64.4345,8.0074
2019-04-03 14:22:31,8.556,0.014,17627,"Orinoco, River",South America,Venezuela,River,-64.4345,8.0074
2019-04-30 14:22:31,9.959,0.049,17627,"Orinoco, River",South America,Venezuela,River,-64.4345,8.0074
2019-05-27 14:22:27,14.391,0.032,17627,"Orinoco, River",South America,Venezuela,River,-64.4345,8.0074
2019-06-23 14:22:24,17.252,0.014,17627,"Orinoco, River",South America,Venezuela,River,-64.4345,8.0074
2019-08-16 14:22:27,21.122,0.02,17627,"Orinoco, River",South America,Venezuela,River,-64.4345,8.0074
2019-10-09 14:22:24,18.652,0.046,17627,"Orinoco, River",South America,Venezuela,River,-64.4345,8.0074
2019-11-05 14:22:25,16.853,0.008,17627,"Orinoco, River",South America,Venezuela,River,-64.4345,8.0074
2019-12-02 14:22:27,14.944,0.062,17627,"Orinoco, River",South America,Venezuela,River,-64.4345,8.0074
2019-12-29 14:22:27,13.205,0.0,17627,"Orinoco, River",South America,Venezuela,River,-64.4345,8.0074
2020-01-25 14:22:24,10.556,0.031,17627,"Orinoco, River",South America,Venezuela,River,-64.4345,8.0074
2020-02-21 14:22:25,8.896,0.086,17627,"Orinoco, River",South America,Venezuela,River,-64.4345,8.0074
2020-03-19 14:22:28,8.018,0.199,17627,"Orinoco, River",South America,Venezuela,River,-64.4345,8.0074
2020-05-12 14:22:33,9.861,0.001,17627,"Orinoco, River",South America,Venezuela,River,-64.4345,8.0074
2020-06-08 14:22:36,14.505,0.051,17627,"Orinoco, River",South America,Venezuela,River,-64.4345,8.0074
2020-07-05 14:22:38,16.861,0.108,17627,"Orinoco, River",South America,Venezuela,River,-64.4345,8.0074
2020-08-01 14:22:38,19.174,0.043,17627,"Orinoco, River",South America,Venezuela,River,-64.4345,8.0074
2020-08-28 14:22:38,19.137,0.097,17627,"Orinoco, River",South America,Venezuela,River,-64.4345,8.0074
2020-09-24 14:22:35,17.539,0.097,17627,"Orinoco, River",South America,Venezuela,River,-64.4345,8.0074
2020-10-21 14:22:36,16.473,0.181,17627,"Orinoco, River",South America,Venezuela,River,-64.4345,8.0074
2020-11-17 14:22:39,16.022,0.004,17627,"Orinoco, River",South America,Venezuela,River,-64.4345,8.0074
2020-12-14 14:22:38,15.766,0.033,17627,"Orinoco, River",South America,Venezuela,River,-64.4345,8.0074
2021-01-10 14:22:38,13.666,0.051,17627,"Orinoco, River",South America,Venezuela,River,-64.4345,8.0074
2021-02-06 14:22:34,10.786,0.046,17627,"Orinoco, River",South America,Venezuela,River,-64.4345,8.0074
2021-03-05 14:22:38,9.62,0.122,17627,"Orinoco, River",South America,Venezuela,River,-64.4345,8.0074
2021-04-01 14:22:37,10.61,0.034,17627,"Orinoco, River",South America,Venezuela,River,-64.4345,8.0074
2021-04-28 14:22:38,13.877,0.07,17627,"Orinoco, River",South America,Venezuela,River,-64.4345,8.0074
2021-05-25 14:22:42,16.801,0.053,17627,"Orinoco, River",South America,Venezuela,River,-64.4345,8.0074
2021-06-21 14:22:47,19.416,0.016,17627,"Orinoco, River",South America,Venezuela,River,-64.4345,8.0074
2021-08-14 14:22:49,22.148,0.009,17627,"Orinoco, River",South America,Venezuela,River,-64.4345,8.0074
2021-09-10 14:22:48,21.614,0.284,17627,"Orinoco, River",South America,Venezuela,River,-64.4345,8.0074
2021-11-03 14:22:44,17.783,0.407,17627,"Orinoco, River",South America,Venezuela,River,-64.4345,8.0074
2021-11-30 14:22:44,14.82,0.16,17627,"Orinoco, River",South America,Venezuela,River,-64.4345,8.0074
2021-12-27 14:22:45,12.954,0.057,17627,"Orinoco, River",South America,Venezuela,River,-64.4345,8.0074
2022-01-23 14:22:42,9.758,0.034,17627,"Orinoco, River",South America,Venezuela,River,-64.4345,8.0074
2022-02-19 14:22:43,8.695,0.017,17627,"Orinoco, River",South America,Venezuela,River,-64.4345,8.0074
2022-04-14 14:22:45,11.351,0.01,17627,"Orinoco, River",South America,Venezuela,River,-64.4345,8.0074
2022-05-11 14:22:51,14.191,0.028,17627,"Orinoco, River",South America,Venezuela,River,-64.4345,8.0074
2022-07-04 14:22:56,19.623,0.102,17627,"Orinoco, River",South America,Venezuela,River,-64.4345,8.0074
2022-08-27 14:22:58,21.934,0.009,17627,"Orinoco, River",South America,Venezuela,River,-64.4345,8.0074
2022-10-20 14:22:54,18.366,0.092,17627,"Orinoco, River",South America,Venezuela,River,-64.4345,8.0074
2022-11-16 14:22:57,17.889,0.093,17627,"Orinoco, River",South America,Venezuela,River,-64.4345,8.0074
2022-12-13 14:22:58,15.85,0.035,17627,"Orinoco, River",South America,Venezuela,River,-64.4345,8.0074
2023-01-09 14:22:55,11.658,0.026,17627,"Orinoco, River",South America,Venezuela,River,-64.4345,8.0074
2023-02-05 14:22:57,10.041,0.258,17627,"Orinoco, River",South America,Venezuela,River,-64.4345,8.0074
2023-03-04 14:22:56,9.246,0.015,17627,"Orinoco, River",South America,Venezuela,River,-64.4345,8.0074
2023-03-31 14:22:55,9.684,0.045,17627,"Orinoco, River",South America,Venezuela,River,-64.4345,8.0074
2023-04-27 14:22:59,10.605,0.155,17627,"Orinoco, River",South America,Venezuela,River,-64.4345,8.0074
2023-05-24 14:23:02,13.923,0.018,17627,"Orinoco, River",South America,Venezuela,River,-64.4345,8.0074
2023-06-20 14:23:05,17.443,0.249,17627,"Orinoco, River",South America,Venezuela,River,-64.4345,8.0074
2023-07-17 14:23:07,19.507,0.071,17627,"Orinoco, River",South America,Venezuela,River,-64.4345,8.0074
2023-08-13 14:23:07,20.931,0.119,17627,"Orinoco, River",South America,Venezuela,River,-64.4345,8.0074
2023-10-06 14:23:06,15.721,0.183,17627,"Orinoco, River",South America,Venezuela,River,-64.4345,8.0074
2023-11-02 14:23:09,14.063,0.033,17627,"Orinoco, River",South America,Venezuela,River,-64.4345,8.0074
2023-11-29 14:23:09,13.38,0.048,17627,"Orinoco, River",South America,Venezuela,River,-64.4345,8.0074
2023-12-26 14:23:07,10.736,0.018,17627,"Orinoco, River",South America,Venezuela,River,-64.4345,8.0074
2024-01-22 14:23:03,10.017,0.082,17627,"Orinoco, River",South America,Venezuela,River,-64.4345,8.0074
2024-02-18 14:23:08,8.998,0.057,17627,"Orinoco, River",South America,Venezuela,River,-64.4345,8.0074
2024-03-16 14:23:06,8.042,0.04,17627,"Orinoco, River",South America,Venezuela,River,-64.4345,8.0074
2024-04-12 14:23:09,9.095,0.005,17627,"Orinoco, River",South America,Venezuela,River,-64.4345,8.0074
2024-05-09 14:23:14,11.356,0.025,17627,"Orinoco, River",South America,Venezuela,River,-64.4345,8.0074
2024-06-05 14:23:19,16.856,0.011,17627,"Orinoco, River",South America,Venezuela,River,-64.4345,8.0074
2024-07-29 14:23:20,22.672,0.082,17627,"Orinoco, River",South America,Venezuela,River,-64.4345,8.0074
2024-09-21 14:23:17,19.03,0.351,17627,"Orinoco, River",South America,Venezuela,River,-64.4345,8.0074
2024-10-18 14:23:17,15.83,0.053,17627,"Orinoco, River",South America,Venezuela,River,-64.4345,8.0074
2024-11-14 14:23:19,13.851,0.105,17627,"Orinoco, River",South America,Venezuela,River,-64.4345,8.0074
2024-12-11 14:23:19,14.072,0.034,17627,"Orinoco, River",South America,Venezuela,River,-64.4345,8.0074
2025-01-07 14:23:16,12.632,0.054,17627,"Orinoco, River",South America,Venezuela,River,-64.4345,8.0074
2025-02-03 14:23:15,10.688,0.081,17627,"Orinoco, River",South America,Venezuela,River,-64.4345,8.0074
2025-03-02 14:23:19,9.493,0.073,17627,"Orinoco, River",South America,Venezuela,River,-64.4345,8.0074
2025-03-29 14:23:18,10.966,0.029,17627,"Orinoco, River",South America,Venezuela,River,-64.4345,8.0074
2025-05-22 14:23:25,16.433,0.081,17627,"Orinoco, River",South America,Venezuela,River,-64.4345,8.0074
2025-10-31 14:23:33,18.173,0.149,17627,"Orinoco, River",South America,Venezuela,River,-64.4345,8.0074
2025-11-27 14:23:35,16.3,0.083,17627,"Orinoco, River",South America,Venezuela,River,-64.4345,8.0074
2018-11-27 14:14:45,4.812,0.01,15811,"Orinoco, River",South America,Venezuela,River,-62.4442,8.522
2018-12-24 14:14:46,2.635,0.001,15811,"Orinoco, River",South America,Venezuela,River,-62.4442,8.522
2019-01-20 14:14:48,1.568,0.023,15811,"Orinoco, River",South America,Venezuela,River,-62.4442,8.522
2019-02-16 14:14:48,1.475,0.031,15811,"Orinoco, River",South America,Venezuela,River,-62.4442,8.522
2019-04-11 14:14:54,1.485,0.205,15811,"Orinoco, River",South America,Venezuela,River,-62.4442,8.522
2019-05-08 14:14:53,2.432,0.009,15811,"Orinoco, River",South America,Venezuela,River,-62.4442,8.522
2019-06-04 14:14:47,4.518,0.018,15811,"Orinoco, River",South America,Venezuela,River,-62.4442,8.522
2019-07-01 14:14:47,7.088,0.007,15811,"Orinoco, River",South America,Venezuela,River,-62.4442,8.522
2019-07-28 14:14:49,8.884,0.035,15811,"Orinoco, River",South America,Venezuela,River,-62.4442,8.522
2019-08-24 14:14:49,9.973,0.008,15811,"Orinoco, River",South America,Venezuela,River,-62.4442,8.522
2019-09-20 14:14:48,9.447,0.016,15811,"Orinoco, River",South America,Venezuela,River,-62.4442,8.522
2019-10-17 14:14:44,7.069,0.002,15811,"Orinoco, River",South America,Venezuela,River,-62.4442,8.522
2019-11-13 14:14:49,5.823,0.016,15811,"Orinoco, River",South America,Venezuela,River,-62.4442,8.522
2019-12-10 14:14:50,4.18,0.028,15811,"Orinoco, River",South America,Venezuela,River,-62.4442,8.522
2020-01-06 14:14:49,3.026,0.025,15811,"Orinoco, River",South America,Venezuela,River,-62.4442,8.522
2020-02-02 14:14:46,1.791,0.032,15811,"Orinoco, River",South America,Venezuela,River,-62.4442,8.522
2020-04-23 14:14:53,1.637,0.05,15811,"Orinoco, River",South America,Venezuela,River,-62.4442,8.522
2020-05-20 14:14:56,2.589,0.004,15811,"Orinoco, River",South America,Venezuela,River,-62.4442,8.522
2020-06-16 14:14:59,4.852,0.018,15811,"Orinoco, River",South America,Venezuela,River,-62.4442,8.522
2020-07-13 14:15:00,6.721,0.026,15811,"Orinoco, River",South America,Venezuela,River,-62.4442,8.522
2020-08-09 14:15:01,8.472,0.03,15811,"Orinoco, River",South America,Venezuela,River,-62.4442,8.522
2020-09-05 14:15:00,8.19,0.016,15811,"Orinoco, River",South America,Venezuela,River,-62.4442,8.522
2020-10-02 14:14:56,6.0,0.024,15811,"Orinoco, River",South America,Venezuela,River,-62.4442,8.522
2020-10-29 14:15:00,5.599,0.006,15811,"Orinoco, River",South America,Venezuela,River,-62.4442,8.522
2020-11-25 14:15:02,5.688,0.012,15811,"Orinoco, River",South America,Venezuela,River,-62.4442,8.522
2020-12-22 14:15:01,5.07,0.006,15811,"Orinoco, River",South America,Venezuela,River,-62.4442,8.522
2021-01-18 14:15:00,3.551,0.021,15811,"Orinoco, River",South America,Venezuela,River,-62.4442,8.522
2021-02-14 14:14:58,1.883,0.011,15811,"Orinoco, River",South America,Venezuela,River,-62.4442,8.522
2021-03-13 14:15:00,1.625,0.003,15811,"Orinoco, River",South America,Venezuela,River,-62.4442,8.522
2021-04-09 14:14:59,2.309,0.007,15811,"Orinoco, River",South America,Venezuela,River,-62.4442,8.522
2021-05-06 14:15:02,5.089,0.011,15811,"Orinoco, River",South America,Venezuela,River,-62.4442,8.522
2021-06-02 14:15:06,7.374,0.03,15811,"Orinoco, River",South America,Venezuela,River,-62.4442,8.522
2021-06-29 14:15:10,8.823,0.014,15811,"Orinoco, River",South America,Venezuela,River,-62.4442,8.522
2021-07-26 14:15:10,9.5,0.017,15811,"Orinoco, River",South America,Venezuela,River,-62.4442,8.522
2021-09-18 14:15:10,9.431,0.042,15811,"Orinoco, River",South America,Venezuela,River,-62.4442,8.522
2021-10-15 14:15:05,8.572,0.025,15811,"Orinoco, River",South America,Venezuela,River,-62.4442,8.522
2021-11-11 14:15:07,6.531,0.047,15811,"Orinoco, River",South America,Venezuela,River,-62.4442,8.522
2021-12-08 14:15:07,4.344,0.045,15811,"Orinoco, River",South America,Venezuela,River,-62.4442,8.522
2022-01-04 14:15:07,2.954,0.008,15811,"Orinoco, River",South America,Venezuela,River,-62.4442,8.522
2022-01-31 14:15:03,1.564,0.012,15811,"Orinoco, River",South America,Venezuela,River,-62.4442,8.522
2022-02-27 14:15:06,1.64,0.014,15811,"Orinoco, River",South America,Venezuela,River,-62.4442,8.522
2022-03-26 14:15:06,2.701,0.034,15811,"Orinoco, River",South America,Venezuela,River,-62.4442,8.522
2022-04-22 14:15:09,3.174,0.025,15811,"Orinoco, River",South America,Venezuela,River,-62.4442,8.522
2022-05-19 14:15:14,5.571,0.005,15811,"Orinoco, River",South America,Venezuela,River,-62.4442,8.522
2022-06-15 14:15:18,7.398,0.012,15811,"Orinoco, River",South America,Venezuela,River,-62.4442,8.522
2022-07-12 14:15:20,9.515,0.025,15811,"Orinoco, River",South America,Venezuela,River,-62.4442,8.522
2022-10-01 14:15:16,8.892,0.077,15811,"Orinoco, River",South America,Venezuela,River,-62.4442,8.522
2022-10-28 14:15:19,6.968,0.006,15811,"Orinoco, River",South America,Venezuela,River,-62.4442,8.522
2022-11-24 14:15:19,7.266,0.045,15811,"Orinoco, River",South America,Venezuela,River,-62.4442,8.522
2022-12-21 14:15:19,4.671,0.022,15811,"Orinoco, River",South America,Venezuela,River,-62.4442,8.522
2023-01-17 14:15:16,3.328,0.02,15811,"Orinoco, River",South America,Venezuela,River,-62.4442,8.522
2023-02-13 14:15:20,1.782,0.014,15811,"Orinoco, River",South America,Venezuela,River,-62.4442,8.522
2023-03-12 14:15:19,1.571,0.017,15811,"Orinoco, River",South America,Venezuela,River,-62.4442,8.522
2023-04-08 14:15:17,1.785,0.0,15811,"Orinoco, River",South America,Venezuela,River,-62.4442,8.522
2023-05-05 14:15:22,2.83,0.007,15811,"Orinoco, River",South America,Venezuela,River,-62.4442,8.522
2023-06-01 14:15:25,4.849,0.004,15811,"Orinoco, River",South America,Venezuela,River,-62.4442,8.522
2023-06-28 14:15:26,8.118,0.069,15811,"Orinoco, River",South America,Venezuela,River,-62.4442,8.522
2023-07-25 14:15:28,8.726,0.005,15811,"Orinoco, River",South America,Venezuela,River,-62.4442,8.522
2023-08-21 14:15:30,9.205,0.026,15811,"Orinoco, River",South America,Venezuela,River,-62.4442,8.522
2023-09-17 14:15:25,7.751,0.023,15811,"Orinoco, River",South America,Venezuela,River,-62.4442,8.522
2023-10-14 14:15:28,4.71,0.001,15811,"Orinoco, River",South America,Venezuela,River,-62.4442,8.522
2023-11-10 14:15:31,4.142,0.005,15811,"Orinoco, River",South America,Venezuela,River,-62.4442,8.522
2023-12-07 14:15:28,3.176,0.046,15811,"Orinoco, River",South America,Venezuela,River,-62.4442,8.522
2024-01-03 14:15:26,2.203,0.007,15811,"Orinoco, River",South America,Venezuela,River,-62.4442,8.522
2024-01-30 14:15:27,1.657,0.024,15811,"Orinoco, River",South America,Venezuela,River,-62.4442,8.522
2024-02-26 14:15:30,1.646,0.009,15811,"Orinoco, River",South America,Venezuela,River,-62.4442,8.522
2024-03-24 14:15:28,1.508,0.077,15811,"Orinoco, River",South America,Venezuela,River,-62.4442,8.522
2024-04-20 14:15:32,2.356,0.013,15811,"Orinoco, River",South America,Venezuela,River,-62.4442,8.522
2024-05-17 14:15:36,4.003,0.109,15811,"Orinoco, River",South America,Venezuela,River,-62.4442,8.522
2024-06-13 14:15:41,7.115,0.015,15811,"Orinoco, River",South America,Venezuela,River,-62.4442,8.522
2024-07-10 14:15:41,8.926,0.068,15811,"Orinoco, River",South America,Venezuela,River,-62.4442,8.522
2024-09-02 14:15:43,9.74,0.025,15811,"Orinoco, River",South America,Venezuela,River,-62.4442,8.522
2024-09-29 14:15:39,7.33,0.003,15811,"Orinoco, River",South America,Venezuela,River,-62.4442,8.522
2024-10-26 14:15:41,5.225,0.037,15811,"Orinoco, River",South America,Venezuela,River,-62.4442,8.522
2024-11-22 14:15:44,4.27,0.008,15811,"Orinoco, River",South America,Venezuela,River,-62.4442,8.522
2024-12-19 14:15:40,3.882,0.007,15811,"Orinoco, River",South America,Venezuela,River,-62.4442,8.522
2025-01-15 14:15:40,3.443,0.079,15811,"Orinoco, River",South America,Venezuela,River,-62.4442,8.522
2025-02-11 14:15:41,2.515,0.005,15811,"Orinoco, River",South America,Venezuela,River,-62.4442,8.522
2025-03-10 14:15:43,2.299,0.004,15811,"Orinoco, River",South America,Venezuela,River,-62.4442,8.522
2025-04-06 14:15:41,2.882,0.012,15811,"Orinoco, River",South America,Venezuela,River,-62.4442,8.522
2025-05-03 14:15:43,4.108,0.012,15811,"Orinoco, River",South America,Venezuela,River,-62.4442,8.522
2025-05-30 14:15:49,6.459,0.013,15811,"Orinoco, River",South America,Venezuela,River,-62.4442,8.522
2025-06-26 14:15:52,8.994,0.079,15811,"Orinoco, River",South America,Venezuela,River,-62.4442,8.522
2025-09-15 14:15:54,8.951,0.101,15811,"Orinoco, River",South America,Venezuela,River,-62.4442,8.522
2025-10-12 14:15:53,9.547,0.004,15811,"Orinoco, River",South America,Venezuela,River,-62.4442,8.522
2025-11-08 14:15:56,6.993,0.038,15811,"Orinoco, River",South America,Venezuela,River,-62.4442,8.522
2002-10-19 14:27:27,28.331,0.031,1257,"Orinoco, River",South America,Venezuela,River,-65.6485,7.8899
2002-11-23 14:27:27,25.553,0.002,1257,"Orinoco, River",South America,Venezuela,River,-65.6485,7.8899
2002-12-28 14:27:24,21.807,0.013,1257,"Orinoco, River",South America,Venezuela,River,-65.6485,7.8899
2003-02-01 14:27:25,18.891,0.014,1257,"Orinoco, River",South America,Venezuela,River,-65.6485,7.8899
2003-03-08 14:27:25,17.954,0.029,1257,"Orinoco, River",South America,Venezuela,River,-65.6485,7.8899
2003-04-12 14:27:27,18.776,0.011,1257,"Orinoco, River",South America,Venezuela,River,-65.6485,7.8899
2003-06-21 14:27:29,26.017,0.05,1257,"Orinoco, River",South America,Venezuela,River,-65.6485,7.8899
2003-08-30 14:27:37,31.334,0.009,1257,"Orinoco, River",South America,Venezuela,River,-65.6485,7.8899
2003-10-04 14:27:33,29.307,0.031,1257,"Orinoco, River",South America,Venezuela,River,-65.6485,7.8899
2003-11-08 14:27:30,27.698,0.1,1257,"Orinoco, River",South America,Venezuela,River,-65.6485,7.8899
2004-01-17 14:27:31,21.116,0.035,1257,"Orinoco, River",South America,Venezuela,River,-65.6485,7.8899
2004-02-21 14:27:30,18.556,0.021,1257,"Orinoco, River",South America,Venezuela,River,-65.6485,7.8899
2004-03-27 14:27:33,18.663,0.014,1257,"Orinoco, River",South America,Venezuela,River,-65.6485,7.8899
2004-06-05 14:27:36,26.408,0.008,1257,"Orinoco, River",South America,Venezuela,River,-65.6485,7.8899
2004-08-14 14:27:34,31.191,0.025,1257,"Orinoco, River",South America,Venezuela,River,-65.6485,7.8899
2004-10-23 14:27:36,28.12,0.019,1257,"Orinoco, River",South America,Venezuela,River,-65.6485,7.8899
2004-11-27 14:27:34,24.685,0.049,1257,"Orinoco, River",South America,Venezuela,River,-65.6485,7.8899
2005-01-01 14:27:28,22.047,0.013,1257,"Orinoco, River",South America,Venezuela,River,-65.6485,7.8899
2005-02-05 14:27:32,19.788,0.056,1257,"Orinoco, River",South America,Venezuela,River,-65.6485,7.8899
2005-03-12 14:27:30,19.128,0.004,1257,"Orinoco, River",South America,Venezuela,River,-65.6485,7.8899
2005-04-16 14:27:36,20.349,0.004,1257,"Orinoco, River",South America,Venezuela,River,-65.6485,7.8899
2005-06-25 14:27:39,26.79,0.038,1257,"Orinoco, River",South America,Venezuela,River,-65.6485,7.8899
2005-07-30 14:27:36,28.826,0.012,1257,"Orinoco, River",South America,Venezuela,River,-65.6485,7.8899
2005-09-03 14:27:33,29.336,0.027,1257,"Orinoco, River",South America,Venezuela,River,-65.6485,7.8899
2005-10-08 14:27:34,27.013,0.097,1257,"Orinoco, River",South America,Venezuela,River,-65.6485,7.8899
2005-11-12 14:27:34,24.836,0.084,1257,"Orinoco, River",South America,Venezuela,River,-65.6485,7.8899
2005-12-17 14:27:28,23.114,0.043,1257,"Orinoco, River",South America,Venezuela,River,-65.6485,7.8899
2006-02-25 14:27:24,20.19,0.039,1257,"Orinoco, River",South America,Venezuela,River,-65.6485,7.8899
2006-04-01 14:27:21,20.321,0.023,1257,"Orinoco, River",South America,Venezuela,River,-65.6485,7.8899
2006-05-06 14:27:28,22.237,0.015,1257,"Orinoco, River",South America,Venezuela,River,-65.6485,7.8899
2006-06-10 14:27:30,25.982,0.086,1257,"Orinoco, River",South America,Venezuela,River,-65.6485,7.8899
2006-07-15 14:27:34,29.894,0.004,1257,"Orinoco, River",South America,Venezuela,River,-65.6485,7.8899
2006-08-19 14:27:32,31.754,0.003,1257,"Orinoco, River",South America,Venezuela,River,-65.6485,7.8899
2006-12-02 14:27:32,25.355,0.034,1257,"Orinoco, River",South America,Venezuela,River,-65.6485,7.8899
2007-01-06 14:27:28,21.957,0.004,1257,"Orinoco, River",South America,Venezuela,River,-65.6485,7.8899
2007-02-10 14:27:27,19.408,0.052,1257,"Orinoco, River",South America,Venezuela,River,-65.6485,7.8899
2007-03-17 14:27:26,17.968,0.029,1257,"Orinoco, River",South America,Venezuela,River,-65.6485,7.8899
2007-04-21 14:27:27,21.552,0.007,1257,"Orinoco, River",South America,Venezuela,River,-65.6485,7.8899
2007-05-26 14:27:29,24.93,0.008,1257,"Orinoco, River",South America,Venezuela,River,-65.6485,7.8899
2007-08-04 14:27:30,30.185,0.018,1257,"Orinoco, River",South America,Venezuela,River,-65.6485,7.8899
2007-09-08 14:27:27,28.56,0.041,1257,"Orinoco, River",South America,Venezuela,River,-65.6485,7.8899
2007-10-13 14:27:25,28.836,0.0,1257,"Orinoco, River",South America,Venezuela,River,-65.6485,7.8899
2007-11-17 14:27:23,25.358,0.066,1257,"Orinoco, River",South America,Venezuela,River,-65.6485,7.8899
2007-12-22 14:27:23,21.672,0.025,1257,"Orinoco, River",South America,Venezuela,River,-65.6485,7.8899
2008-01-26 14:27:23,20.308,0.007,1257,"Orinoco, River",South America,Venezuela,River,-65.6485,7.8899
2008-03-01 14:27:24,19.112,0.017,1257,"Orinoco, River",South America,Venezuela,River,-65.6485,7.8899
2008-04-05 14:27:24,18.457,0.058,1257,"Orinoco, River",South America,Venezuela,River,-65.6485,7.8899
2008-06-14 14:27:25,24.836,0.024,1257,"Orinoco, River",South America,Venezuela,River,-65.6485,7.8899
2008-07-19 14:27:25,28.088,0.022,1257,"Orinoco, River",South America,Venezuela,River,-65.6485,7.8899
2008-08-23 14:27:23,30.008,0.099,1257,"Orinoco, River",South America,Venezuela,River,-65.6485,7.8899
2008-09-27 14:27:22,28.33,0.099,1257,"Orinoco, River",South America,Venezuela,River,-65.6485,7.8899
2008-11-01 14:27:21,23.908,0.026,1257,"Orinoco, River",South America,Venezuela,River,-65.6485,7.8899
2009-01-10 14:27:20,21.389,0.063,1257,"Orinoco, River",South America,Venezuela,River,-65.6485,7.8899
2009-02-14 14:27:22,20.973,0.08,1257,"Orinoco, River",South America,Venezuela,River,-65.6485,7.8899
2009-03-21 14:27:21,19.479,0.021,1257,"Orinoco, River",South America,Venezuela,River,-65.6485,7.8899
2009-04-25 14:27:21,20.626,0.025,1257,"Orinoco, River",South America,Venezuela,River,-65.6485,7.8899
2009-05-30 14:27:23,22.808,0.011,1257,"Orinoco, River",South America,Venezuela,River,-65.6485,7.8899
2009-07-04 14:27:23,26.534,0.001,1257,"Orinoco, River",South America,Venezuela,River,-65.6485,7.8899
2009-08-08 14:27:23,28.842,0.042,1257,"Orinoco, River",South America,Venezuela,River,-65.6485,7.8899
2009-09-12 14:27:19,27.87,0.018,1257,"Orinoco, River",South America,Venezuela,River,-65.6485,7.8899
2009-10-17 14:27:17,25.172,0.018,1257,"Orinoco, River",South America,Venezuela,River,-65.6485,7.8899
2009-11-21 14:27:16,22.572,0.028,1257,"Orinoco, River",South America,Venezuela,River,-65.6485,7.8899
2009-12-26 14:27:16,19.602,0.037,1257,"Orinoco, River",South America,Venezuela,River,-65.6485,7.8899
2010-03-06 14:27:16,17.135,0.033,1257,"Orinoco, River",South America,Venezuela,River,-65.6485,7.8899
2010-04-10 14:27:15,18.593,0.011,1257,"Orinoco, River",South America,Venezuela,River,-65.6485,7.8899
2010-06-19 14:27:13,28.15,0.048,1257,"Orinoco, River",South America,Venezuela,River,-65.6485,7.8899
2010-07-24 14:27:15,29.499,0.036,1257,"Orinoco, River",South America,Venezuela,River,-65.6485,7.8899
2010-08-28 14:27:15,31.06,0.079,1257,"Orinoco, River",South America,Venezuela,River,-65.6485,7.8899
2010-10-02 14:27:11,28.666,0.012,1257,"Orinoco, River",South America,Venezuela,River,-65.6485,7.8899
2013-04-01 22:32:25,20.068,0.014,1257,"Orinoco, River",South America,Venezuela,River,-65.6485,7.8899
2013-05-06 22:32:04,23.008,0.001,1257,"Orinoco, River",South America,Venezuela,River,-65.6485,7.8899
2013-06-10 22:31:43,26.546,0.002,1257,"Orinoco, River",South America,Venezuela,River,-65.6485,7.8899
2013-07-15 22:31:21,27.493,0.025,1257,"Orinoco, River",South America,Venezuela,River,-65.6485,7.8899
2013-08-19 22:31:21,29.506,0.004,1257,"Orinoco, River",South America,Venezuela,River,-65.6485,7.8899
2013-09-23 22:31:35,29.359,0.001,1257,"Orinoco, River",South America,Venezuela,River,-65.6485,7.8899
2013-10-28 22:31:36,25.952,0.039,1257,"Orinoco, River",South America,Venezuela,River,-65.6485,7.8899
2013-12-02 22:31:34,23.931,0.049,1257,"Orinoco, River",South America,Venezuela,River,-65.6485,7.8899
2014-01-06 22:31:32,20.808,0.004,1257,"Orinoco, River",South America,Venezuela,River,-65.6485,7.8899
2014-02-10 22:31:32,18.818,0.009,1257,"Orinoco, River",South America,Venezuela,River,-65.6485,7.8899
2014-03-17 22:31:28,18.253,0.005,1257,"Orinoco, River",South America,Venezuela,River,-65.6485,7.8899
2014-04-21 22:31:25,19.682,0.001,1257,"Orinoco, River",South America,Venezuela,River,-65.6485,7.8899
2014-05-26 22:31:23,23.496,0.009,1257,"Orinoco, River",South America,Venezuela,River,-65.6485,7.8899
2014-06-30 22:31:21,26.465,0.095,1257,"Orinoco, River",South America,Venezuela,River,-65.6485,7.8899
2014-08-04 22:31:16,30.092,0.002,1257,"Orinoco, River",South America,Venezuela,River,-65.6485,7.8899
2014-09-08 22:31:13,29.69,0.003,1257,"Orinoco, River",South America,Venezuela,River,-65.6485,7.8899
2014-10-13 22:31:17,27.908,0.004,1257,"Orinoco, River",South America,Venezuela,River,-65.6485,7.8899
2014-11-17 22:31:08,26.168,0.031,1257,"Orinoco, River",South America,Venezuela,River,-65.6485,7.8899
2014-12-22 22:31:04,22.299,0.019,1257,"Orinoco, River",South America,Venezuela,River,-65.6485,7.8899
2015-01-26 22:31:01,19.626,0.002,1257,"Orinoco, River",South America,Venezuela,River,-65.6485,7.8899
2015-03-02 22:31:01,19.136,0.013,1257,"Orinoco, River",South America,Venezuela,River,-65.6485,7.8899
2015-05-11 22:30:45,21.665,0.0,1257,"Orinoco, River",South America,Venezuela,River,-65.6485,7.8899
2015-07-20 22:30:28,28.623,0.001,1257,"Orinoco, River",South America,Venezuela,River,-65.6485,7.8899
2015-08-24 22:30:36,30.68,0.001,1257,"Orinoco, River",South America,Venezuela,River,-65.6485,7.8899
2015-09-28 22:30:35,28.66,0.006,1257,"Orinoco, River",South America,Venezuela,River,-65.6485,7.8899
2015-11-02 22:30:32,24.673,0.005,1257,"Orinoco, River",South America,Venezuela,River,-65.6485,7.8899
2015-12-07 22:30:23,21.72,0.052,1257,"Orinoco, River",South America,Venezuela,River,-65.6485,7.8899
2016-01-11 22:30:11,20.257,0.002,1257,"Orinoco, River",South America,Venezuela,River,-65.6485,7.8899
2016-02-15 22:30:12,18.064,0.004,1257,"Orinoco, River",South America,Venezuela,River,-65.6485,7.8899
2016-03-21 22:30:05,17.54,0.002,1257,"Orinoco, River",South America,Venezuela,River,-65.6485,7.8899
2016-04-25 22:30:05,20.965,0.005,1257,"Orinoco, River",South America,Venezuela,River,-65.6485,7.8899
2016-04-30 02:17:40,21.554,0.008,1257,"Orinoco, River",South America,Venezuela,River,-65.6485,7.8899
2016-05-27 02:17:42,25.509,0.005,1257,"Orinoco, River",South America,Venezuela,River,-65.6485,7.8899
2016-05-30 22:29:40,24.874,0.03,1257,"Orinoco, River",South America,Venezuela,River,-65.6485,7.8899
2016-06-23 02:17:43,27.99,0.006,1257,"Orinoco, River",South America,Venezuela,River,-65.6485,7.8899
2016-07-20 02:17:42,30.458,0.012,1257,"Orinoco, River",South America,Venezuela,River,-65.6485,7.8899
2016-08-16 02:17:41,31.733,0.021,1257,"Orinoco, River",South America,Venezuela,River,-65.6485,7.8899
2016-09-12 02:17:43,30.509,0.003,1257,"Orinoco, River",South America,Venezuela,River,-65.6485,7.8899
2016-10-09 02:17:46,28.516,0.009,1257,"Orinoco, River",South America,Venezuela,River,-65.6485,7.8899
2016-11-05 02:17:42,26.097,0.003,1257,"Orinoco, River",South America,Venezuela,River,-65.6485,7.8899
2016-12-02 02:17:40,24.57,0.004,1257,"Orinoco, River",South America,Venezuela,River,-65.6485,7.8899
2016-12-29 02:17:42,23.164,0.014,1257,"Orinoco, River",South America,Venezuela,River,-65.6485,7.8899
2017-01-25 02:17:43,21.195,0.013,1257,"Orinoco, River",South America,Venezuela,River,-65.6485,7.8899
2017-02-21 02:17:42,19.216,0.023,1257,"Orinoco, River",South America,Venezuela,River,-65.6485,7.8899
2017-03-20 02:17:42,19.508,0.009,1257,"Orinoco, River",South America,Venezuela,River,-65.6485,7.8899
2017-04-16 02:17:46,20.288,0.006,1257,"Orinoco, River",South America,Venezuela,River,-65.6485,7.8899
2017-05-13 02:17:50,23.773,0.006,1257,"Orinoco, River",South America,Venezuela,River,-65.6485,7.8899
2017-06-09 02:17:52,25.719,0.007,1257,"Orinoco, River",South America,Venezuela,River,-65.6485,7.8899
2017-07-06 02:17:50,28.828,0.002,1257,"Orinoco, River",South America,Venezuela,River,-65.6485,7.8899
2017-08-02 02:17:48,31.356,0.015,1257,"Orinoco, River",South America,Venezuela,River,-65.6485,7.8899
2017-08-29 02:17:45,30.486,0.098,1257,"Orinoco, River",South America,Venezuela,River,-65.6485,7.8899
2017-09-25 02:17:45,28.08,0.014,1257,"Orinoco, River",South America,Venezuela,River,-65.6485,7.8899
2017-10-22 02:17:49,26.928,0.032,1257,"Orinoco, River",South America,Venezuela,River,-65.6485,7.8899
2017-11-18 02:17:48,25.722,0.027,1257,"Orinoco, River",South America,Venezuela,River,-65.6485,7.8899
2017-12-15 02:17:45,22.432,0.013,1257,"Orinoco, River",South America,Venezuela,River,-65.6485,7.8899
2018-01-11 02:17:49,20.298,0.004,1257,"Orinoco, River",South America,Venezuela,River,-65.6485,7.8899
2018-02-07 02:17:50,19.813,0.002,1257,"Orinoco, River",South America,Venezuela,River,-65.6485,7.8899
2018-04-02 02:17:50,17.335,0.024,1257,"Orinoco, River",South America,Venezuela,River,-65.6485,7.8899
2018-04-29 02:17:53,21.166,0.006,1257,"Orinoco, River",South America,Venezuela,River,-65.6485,7.8899
2018-05-26 02:17:52,25.637,0.007,1257,"Orinoco, River",South America,Venezuela,River,-65.6485,7.8899
2018-06-22 02:17:54,28.246,0.0,1257,"Orinoco, River",South America,Venezuela,River,-65.6485,7.8899
2018-07-19 02:17:52,31.289,0.003,1257,"Orinoco, River",South America,Venezuela,River,-65.6485,7.8899
2018-08-15 02:17:49,32.929,0.006,1257,"Orinoco, River",South America,Venezuela,River,-65.6485,7.8899
2018-09-11 02:17:49,32.471,0.007,1257,"Orinoco, River",South America,Venezuela,River,-65.6485,7.8899
2018-10-08 02:17:53,30.429,0.063,1257,"Orinoco, River",South America,Venezuela,River,-65.6485,7.8899
2018-11-04 02:17:53,26.564,0.01,1257,"Orinoco, River",South America,Venezuela,River,-65.6485,7.8899
2018-12-01 02:17:50,24.2,0.078,1257,"Orinoco, River",South America,Venezuela,River,-65.6485,7.8899
2018-12-28 02:17:49,20.563,0.018,1257,"Orinoco, River",South America,Venezuela,River,-65.6485,7.8899
2019-01-24 02:17:52,18.763,0.001,1257,"Orinoco, River",South America,Venezuela,River,-65.6485,7.8899
2019-02-20 02:17:52,18.474,0.001,1257,"Orinoco, River",South America,Venezuela,River,-65.6485,7.8899
2019-03-19 02:17:51,17.341,0.023,1257,"Orinoco, River",South America,Venezuela,River,-65.6485,7.8899
2019-04-15 02:17:56,18.599,0.003,1257,"Orinoco, River",South America,Venezuela,River,-65.6485,7.8899
2019-05-12 02:17:58,21.499,0.019,1257,"Orinoco, River",South America,Venezuela,River,-65.6485,7.8899
2019-06-08 02:17:58,25.301,0.008,1257,"Orinoco, River",South America,Venezuela,River,-65.6485,7.8899
2019-07-05 02:17:57,27.841,0.003,1257,"Orinoco, River",South America,Venezuela,River,-65.6485,7.8899
2019-08-01 02:17:56,29.863,0.005,1257,"Orinoco, River",South America,Venezuela,River,-65.6485,7.8899
2019-08-28 02:17:51,30.678,0.003,1257,"Orinoco, River",South America,Venezuela,River,-65.6485,7.8899
2019-09-24 02:17:55,29.585,0.007,1257,"Orinoco, River",South America,Venezuela,River,-65.6485,7.8899
2019-10-21 02:17:56,26.347,0.021,1257,"Orinoco, River",South America,Venezuela,River,-65.6485,7.8899
2019-11-17 02:17:54,25.39,0.012,1257,"Orinoco, River",South America,Venezuela,River,-65.6485,7.8899
2020-01-10 02:17:54,21.482,0.001,1257,"Orinoco, River",South America,Venezuela,River,-65.6485,7.8899
2020-02-06 02:17:55,19.358,0.016,1257,"Orinoco, River",South America,Venezuela,River,-65.6485,7.8899
2020-03-04 02:17:53,18.13,0.009,1257,"Orinoco, River",South America,Venezuela,River,-65.6485,7.8899
2020-04-27 02:18:01,18.952,0.013,1257,"Orinoco, River",South America,Venezuela,River,-65.6485,7.8899
2020-05-24 02:18:02,22.287,0.009,1257,"Orinoco, River",South America,Venezuela,River,-65.6485,7.8899
2020-06-20 02:18:00,25.035,0.018,1257,"Orinoco, River",South America,Venezuela,River,-65.6485,7.8899
2020-07-17 02:18:00,27.295,0.001,1257,"Orinoco, River",South America,Venezuela,River,-65.6485,7.8899
2020-08-13 02:17:59,28.717,0.01,1257,"Orinoco, River",South America,Venezuela,River,-65.6485,7.8899
2020-09-09 02:17:57,27.802,0.001,1257,"Orinoco, River",South America,Venezuela,River,-65.6485,7.8899
2020-10-06 02:17:59,25.707,0.023,1257,"Orinoco, River",South America,Venezuela,River,-65.6485,7.8899
2020-11-02 02:17:59,24.905,0.002,1257,"Orinoco, River",South America,Venezuela,River,-65.6485,7.8899
2020-11-29 02:17:54,25.124,0.003,1257,"Orinoco, River",South America,Venezuela,River,-65.6485,7.8899
2020-12-26 02:17:55,23.575,0.009,1257,"Orinoco, River",South America,Venezuela,River,-65.6485,7.8899
2021-01-22 02:18:00,21.712,0.057,1257,"Orinoco, River",South America,Venezuela,River,-65.6485,7.8899
2021-02-18 02:18:00,19.601,0.066,1257,"Orinoco, River",South America,Venezuela,River,-65.6485,7.8899
2021-03-17 02:17:57,18.79,0.029,1257,"Orinoco, River",South America,Venezuela,River,-65.6485,7.8899
2021-04-13 02:18:03,21.216,0.005,1257,"Orinoco, River",South America,Venezuela,River,-65.6485,7.8899
2021-05-10 02:18:06,24.59,0.001,1257,"Orinoco, River",South America,Venezuela,River,-65.6485,7.8899
2021-06-06 02:18:06,27.38,0.006,1257,"Orinoco, River",South America,Venezuela,River,-65.6485,7.8899
2021-07-03 02:18:07,29.182,0.007,1257,"Orinoco, River",South America,Venezuela,River,-65.6485,7.8899
2021-07-30 02:18:05,30.277,0.021,1257,"Orinoco, River",South America,Venezuela,River,-65.6485,7.8899
2021-09-22 02:18:03,29.828,0.003,1257,"Orinoco, River",South America,Venezuela,River,-65.6485,7.8899
2021-10-19 02:18:04,28.391,0.003,1257,"Orinoco, River",South America,Venezuela,River,-65.6485,7.8899
2021-11-15 02:18:03,26.207,0.097,1257,"Orinoco, River",South America,Venezuela,River,-65.6485,7.8899
2021-12-12 02:18:02,22.899,0.024,1257,"Orinoco, River",South America,Venezuela,River,-65.6485,7.8899
2022-01-08 02:18:04,20.659,0.039,1257,"Orinoco, River",South America,Venezuela,River,-65.6485,7.8899
2022-02-04 02:18:07,18.771,0.002,1257,"Orinoco, River",South America,Venezuela,River,-65.6485,7.8899
2022-03-03 02:18:04,18.334,0.004,1257,"Orinoco, River",South America,Venezuela,River,-65.6485,7.8899
2022-03-30 02:18:06,20.471,0.026,1257,"Orinoco, River",South America,Venezuela,River,-65.6485,7.8899
2022-04-26 02:18:09,21.299,0.009,1257,"Orinoco, River",South America,Venezuela,River,-65.6485,7.8899
2022-05-23 02:18:07,25.287,0.024,1257,"Orinoco, River",South America,Venezuela,River,-65.6485,7.8899
2022-06-19 02:18:06,27.853,0.004,1257,"Orinoco, River",South America,Venezuela,River,-65.6485,7.8899
2022-07-16 02:18:04,29.975,0.013,1257,"Orinoco, River",South America,Venezuela,River,-65.6485,7.8899
2022-08-12 02:18:01,31.001,0.003,1257,"Orinoco, River",South America,Venezuela,River,-65.6485,7.8899
2022-09-08 02:18:02,30.847,0.004,1257,"Orinoco, River",South America,Venezuela,River,-65.6485,7.8899
2022-10-05 02:18:01,28.781,0.002,1257,"Orinoco, River",South America,Venezuela,River,-65.6485,7.8899
2022-11-01 02:18:00,26.877,0.002,1257,"Orinoco, River",South America,Venezuela,River,-65.6485,7.8899
2022-11-28 02:17:58,26.325,0.011,1257,"Orinoco, River",South America,Venezuela,River,-65.6485,7.8899
2022-12-25 02:17:58,22.63,0.035,1257,"Orinoco, River",South America,Venezuela,River,-65.6485,7.8899
2023-02-17 02:17:59,18.842,0.008,1257,"Orinoco, River",South America,Venezuela,River,-65.6485,7.8899
2023-03-16 02:18:01,18.891,0.041,1257,"Orinoco, River",South America,Venezuela,River,-65.6485,7.8899
2023-04-12 02:18:06,19.303,0.017,1257,"Orinoco, River",South America,Venezuela,River,-65.6485,7.8899
2023-05-09 02:18:05,21.92,0.001,1257,"Orinoco, River",South America,Venezuela,River,-65.6485,7.8899
2023-06-05 02:18:03,25.117,0.004,1257,"Orinoco, River",South America,Venezuela,River,-65.6485,7.8899
2023-07-02 02:18:00,27.611,0.004,1257,"Orinoco, River",South America,Venezuela,River,-65.6485,7.8899
2023-07-29 02:17:56,29.203,0.006,1257,"Orinoco, River",South America,Venezuela,River,-65.6485,7.8899
2023-08-25 02:17:54,29.922,0.005,1257,"Orinoco, River",South America,Venezuela,River,-65.6485,7.8899
2023-09-21 02:17:58,26.828,0.003,1257,"Orinoco, River",South America,Venezuela,River,-65.6485,7.8899
2023-10-18 02:17:57,22.901,0.0,1257,"Orinoco, River",South America,Venezuela,River,-65.6485,7.8899
2023-11-14 02:17:56,22.944,0.005,1257,"Orinoco, River",South America,Venezuela,River,-65.6485,7.8899
2023-12-11 02:17:56,21.643,0.01,1257,"Orinoco, River",South America,Venezuela,River,-65.6485,7.8899
2024-01-07 02:17:59,20.621,0.014,1257,"Orinoco, River",South America,Venezuela,River,-65.6485,7.8899
2024-02-03 02:18:01,18.507,0.003,1257,"Orinoco, River",South America,Venezuela,River,-65.6485,7.8899
2024-03-28 02:18:02,17.79,0.078,1257,"Orinoco, River",South America,Venezuela,River,-65.6485,7.8899
2024-04-24 02:18:03,19.006,0.001,1257,"Orinoco, River",South America,Venezuela,River,-65.6485,7.8899
2024-05-21 02:18:05,23.801,0.014,1257,"Orinoco, River",South America,Venezuela,River,-65.6485,7.8899
2024-06-17 02:18:05,27.426,0.001,1257,"Orinoco, River",South America,Venezuela,River,-65.6485,7.8899
2024-07-14 02:18:03,29.703,0.011,1257,"Orinoco, River",South America,Venezuela,River,-65.6485,7.8899
2024-08-10 02:18:01,31.031,0.002,1257,"Orinoco, River",South America,Venezuela,River,-65.6485,7.8899
2024-09-06 02:17:57,29.111,0.005,1257,"Orinoco, River",South America,Venezuela,River,-65.6485,7.8899
2024-10-03 02:18:01,25.772,0.014,1257,"Orinoco, River",South America,Venezuela,River,-65.6485,7.8899
2024-10-30 02:18:00,23.146,0.011,1257,"Orinoco, River",South America,Venezuela,River,-65.6485,7.8899
2024-11-26 02:17:58,22.725,0.002,1257,"Orinoco, River",South America,Venezuela,River,-65.6485,7.8899
2024-12-23 02:17:57,21.011,0.02,1257,"Orinoco, River",South America,Venezuela,River,-65.6485,7.8899
2025-01-19 02:18:03,20.888,0.004,1257,"Orinoco, River",South America,Venezuela,River,-65.6485,7.8899
2025-02-15 02:18:04,19.038,0.003,1257,"Orinoco, River",South America,Venezuela,River,-65.6485,7.8899
2025-03-14 02:18:00,18.678,0.005,1257,"Orinoco, River",South America,Venezuela,River,-65.6485,7.8899
2025-04-10 02:18:06,20.415,0.014,1257,"Orinoco, River",South America,Venezuela,River,-65.6485,7.8899
2025-05-07 02:18:09,23.137,0.004,1257,"Orinoco, River",South America,Venezuela,River,-65.6485,7.8899
2025-06-03 02:18:10,26.697,0.003,1257,"Orinoco, River",South America,Venezuela,River,-65.6485,7.8899
2025-06-30 02:18:10,29.769,0.001,1257,"Orinoco, River",South America,Venezuela,River,-65.6485,7.8899
2025-07-27 02:18:10,32.07,0.001,1257,"Orinoco, River",South America,Venezuela,River,-65.6485,7.8899
2025-08-23 02:18:07,32.812,0.003,1257,"Orinoco, River",South America,Venezuela,River,-65.6485,7.8899
2025-09-19 02:18:06,31.487,0.001,1257,"Orinoco, River",South America,Venezuela,River,-65.6485,7.8899
2025-10-16 02:18:09,28.425,0.005,1257,"Orinoco, River",South America,Venezuela,River,-65.6485,7.8899
2025-11-12 02:18:08,25.854,0.021,1257,"Orinoco, River",South America,Venezuela,River,-65.6485,7.8899
2019-03-31 02:06:47,1.611,0.064,14478,"Orinoco, River",South America,Venezuela,River,-62.9292,8.285
2019-04-27 02:06:51,1.604,0.047,14478,"Orinoco, River",South America,Venezuela,River,-62.9292,8.285
2019-05-24 02:06:52,4.674,0.018,14478,"Orinoco, River",South America,Venezuela,River,-62.9292,8.285
2019-06-20 02:06:50,7.634,0.023,14478,"Orinoco, River",South America,Venezuela,River,-62.9292,8.285
2019-07-17 02:06:50,10.555,0.019,14478,"Orinoco, River",South America,Venezuela,River,-62.9292,8.285
2019-08-13 02:06:47,12.268,0.025,14478,"Orinoco, River",South America,Venezuela,River,-62.9292,8.285
2019-09-09 02:06:47,12.179,0.004,14478,"Orinoco, River",South America,Venezuela,River,-62.9292,8.285
2019-10-06 02:06:49,10.262,0.015,14478,"Orinoco, River",South America,Venezuela,River,-62.9292,8.285
2019-11-02 02:06:49,8.592,0.022,14478,"Orinoco, River",South America,Venezuela,River,-62.9292,8.285
2019-11-29 02:06:45,7.585,0.051,14478,"Orinoco, River",South America,Venezuela,River,-62.9292,8.285
2019-12-26 02:06:46,4.475,0.064,14478,"Orinoco, River",South America,Venezuela,River,-62.9292,8.285
2020-01-22 02:06:48,2.743,0.013,14478,"Orinoco, River",South America,Venezuela,River,-62.9292,8.285
2020-02-18 02:06:48,1.773,0.032,14478,"Orinoco, River",South America,Venezuela,River,-62.9292,8.285
2020-03-16 02:06:47,1.408,0.057,14478,"Orinoco, River",South America,Venezuela,River,-62.9292,8.285
2020-04-12 02:06:53,1.539,0.015,14478,"Orinoco, River",South America,Venezuela,River,-62.9292,8.285
2020-05-09 02:06:55,2.048,0.047,14478,"Orinoco, River",South America,Venezuela,River,-62.9292,8.285
2020-06-05 02:06:54,5.326,0.004,14478,"Orinoco, River",South America,Venezuela,River,-62.9292,8.285
2020-07-02 02:06:54,7.729,0.002,14478,"Orinoco, River",South America,Venezuela,River,-62.9292,8.285
2020-07-29 02:06:53,9.697,0.001,14478,"Orinoco, River",South America,Venezuela,River,-62.9292,8.285
2020-08-25 02:06:50,11.195,0.01,14478,"Orinoco, River",South America,Venezuela,River,-62.9292,8.285
2020-09-21 02:06:52,9.206,0.016,14478,"Orinoco, River",South America,Venezuela,River,-62.9292,8.285
2020-10-18 02:06:53,8.371,0.092,14478,"Orinoco, River",South America,Venezuela,River,-62.9292,8.285
2020-11-14 02:06:51,7.404,0.052,14478,"Orinoco, River",South America,Venezuela,River,-62.9292,8.285
2020-12-11 02:06:46,7.542,0.001,14478,"Orinoco, River",South America,Venezuela,River,-62.9292,8.285
2021-01-07 02:06:51,5.491,0.158,14478,"Orinoco, River",South America,Venezuela,River,-62.9292,8.285
2021-02-03 02:06:55,3.056,0.059,14478,"Orinoco, River",South America,Venezuela,River,-62.9292,8.285
2021-03-02 02:06:53,2.105,0.001,14478,"Orinoco, River",South America,Venezuela,River,-62.9292,8.285
2021-03-29 02:06:53,2.331,0.007,14478,"Orinoco, River",South America,Venezuela,River,-62.9292,8.285
2021-04-25 02:06:58,5.702,0.012,14478,"Orinoco, River",South America,Venezuela,River,-62.9292,8.285
2021-05-22 02:06:59,8.312,0.255,14478,"Orinoco, River",South America,Venezuela,River,-62.9292,8.285
2021-06-18 02:07:00,10.64,0.012,14478,"Orinoco, River",South America,Venezuela,River,-62.9292,8.285
2021-07-15 02:07:00,11.41,0.01,14478,"Orinoco, River",South America,Venezuela,River,-62.9292,8.285
2021-08-11 02:06:56,12.847,0.013,14478,"Orinoco, River",South America,Venezuela,River,-62.9292,8.285
2021-09-07 02:06:54,13.174,0.003,14478,"Orinoco, River",South America,Venezuela,River,-62.9292,8.285
2021-10-04 02:06:57,11.188,0.029,14478,"Orinoco, River",South America,Venezuela,River,-62.9292,8.285
2021-10-31 02:06:56,9.683,0.001,14478,"Orinoco, River",South America,Venezuela,River,-62.9292,8.285
2021-12-24 02:06:56,4.966,0.047,14478,"Orinoco, River",South America,Venezuela,River,-62.9292,8.285
2022-01-20 02:07:00,2.475,0.0,14478,"Orinoco, River",South America,Venezuela,River,-62.9292,8.285
2022-02-16 02:06:59,1.723,0.019,14478,"Orinoco, River",South America,Venezuela,River,-62.9292,8.285
2022-03-15 02:06:57,2.366,0.1,14478,"Orinoco, River",South America,Venezuela,River,-62.9292,8.285
2022-04-11 02:06:59,3.8,0.07,14478,"Orinoco, River",South America,Venezuela,River,-62.9292,8.285
2022-05-08 02:07:02,4.877,0.012,14478,"Orinoco, River",South America,Venezuela,River,-62.9292,8.285
2022-06-04 02:07:01,8.496,0.026,14478,"Orinoco, River",South America,Venezuela,River,-62.9292,8.285
2022-07-01 02:06:59,11.62,0.022,14478,"Orinoco, River",South America,Venezuela,River,-62.9292,8.285
2022-07-28 02:06:56,12.148,0.005,14478,"Orinoco, River",South America,Venezuela,River,-62.9292,8.285
2022-08-24 02:06:52,12.477,0.014,14478,"Orinoco, River",South America,Venezuela,River,-62.9292,8.285
2022-09-20 02:06:56,12.335,0.007,14478,"Orinoco, River",South America,Venezuela,River,-62.9292,8.285
2022-10-17 02:06:55,10.04,0.01,14478,"Orinoco, River",South America,Venezuela,River,-62.9292,8.285
2022-11-13 02:06:53,9.555,0.009,14478,"Orinoco, River",South America,Venezuela,River,-62.9292,8.285
2022-12-10 02:06:50,8.75,0.042,14478,"Orinoco, River",South America,Venezuela,River,-62.9292,8.285
2023-01-06 02:06:53,3.301,0.127,14478,"Orinoco, River",South America,Venezuela,River,-62.9292,8.285
2023-02-02 02:06:56,3.779,0.308,14478,"Orinoco, River",South America,Venezuela,River,-62.9292,8.285
2023-03-01 02:06:52,1.921,0.019,14478,"Orinoco, River",South America,Venezuela,River,-62.9292,8.285
2023-03-28 02:06:58,2.382,0.006,14478,"Orinoco, River",South America,Venezuela,River,-62.9292,8.285
2023-04-24 02:06:59,2.389,0.004,14478,"Orinoco, River",South America,Venezuela,River,-62.9292,8.285
2023-05-21 02:06:58,4.337,0.033,14478,"Orinoco, River",South America,Venezuela,River,-62.9292,8.285
2023-06-17 02:06:54,8.689,0.011,14478,"Orinoco, River",South America,Venezuela,River,-62.9292,8.285
2023-07-14 02:06:53,11.115,0.004,14478,"Orinoco, River",South America,Venezuela,River,-62.9292,8.285
2023-08-10 02:06:49,11.784,0.003,14478,"Orinoco, River",South America,Venezuela,River,-62.9292,8.285
2023-09-06 02:06:50,10.903,0.018,14478,"Orinoco, River",South America,Venezuela,River,-62.9292,8.285
2023-10-03 02:06:51,7.385,0.012,14478,"Orinoco, River",South America,Venezuela,River,-62.9292,8.285
2023-10-30 02:06:52,5.266,0.016,14478,"Orinoco, River",South America,Venezuela,River,-62.9292,8.285
2023-11-26 02:06:48,5.207,0.054,14478,"Orinoco, River",South America,Venezuela,River,-62.9292,8.285
2023-12-23 02:06:53,3.033,0.12,14478,"Orinoco, River",South America,Venezuela,River,-62.9292,8.285
2024-01-19 02:06:54,2.551,0.001,14478,"Orinoco, River",South America,Venezuela,River,-62.9292,8.285
2024-02-15 02:06:54,1.78,0.011,14478,"Orinoco, River",South America,Venezuela,River,-62.9292,8.285
2024-03-13 02:06:53,1.753,0.062,14478,"Orinoco, River",South America,Venezuela,River,-62.9292,8.285
2024-04-09 02:06:57,1.727,0.07,14478,"Orinoco, River",South America,Venezuela,River,-62.9292,8.285
2024-05-06 02:06:59,2.468,0.005,14478,"Orinoco, River",South America,Venezuela,River,-62.9292,8.285
2024-06-02 02:06:59,6.623,0.018,14478,"Orinoco, River",South America,Venezuela,River,-62.9292,8.285
2024-06-29 02:06:59,10.0,0.01,14478,"Orinoco, River",South America,Venezuela,River,-62.9292,8.285
2024-07-26 02:06:55,11.97,0.007,14478,"Orinoco, River",South America,Venezuela,River,-62.9292,8.285
2024-08-22 02:06:52,12.33,0.035,14478,"Orinoco, River",South America,Venezuela,River,-62.9292,8.285
2024-09-18 02:06:51,10.139,0.012,14478,"Orinoco, River",South America,Venezuela,River,-62.9292,8.285
2024-10-15 02:06:55,6.843,0.003,14478,"Orinoco, River",South America,Venezuela,River,-62.9292,8.285
2024-11-11 02:06:52,4.88,0.026,14478,"Orinoco, River",South America,Venezuela,River,-62.9292,8.285
2024-12-08 02:06:51,5.166,0.046,14478,"Orinoco, River",South America,Venezuela,River,-62.9292,8.285
2025-01-04 02:06:52,3.11,0.134,14478,"Orinoco, River",South America,Venezuela,River,-62.9292,8.285
2025-01-31 02:06:55,2.643,0.005,14478,"Orinoco, River",South America,Venezuela,River,-62.9292,8.285
2025-02-27 02:06:54,2.055,0.005,14478,"Orinoco, River",South America,Venezuela,River,-62.9292,8.285
2025-03-26 02:06:55,2.215,0.011,14478,"Orinoco, River",South America,Venezuela,River,-62.9292,8.285
2025-04-22 02:07:00,4.307,0.072,14478,"Orinoco, River",South America,Venezuela,River,-62.9292,8.285
2025-05-19 02:07:02,6.216,0.027,14478,"Orinoco, River",South America,Venezuela,River,-62.9292,8.285
2025-06-15 02:07:02,9.488,0.005,14478,"Orinoco, River",South America,Venezuela,River,-62.9292,8.285
2025-07-12 02:07:02,12.137,0.016,14478,"Orinoco, River",South America,Venezuela,River,-62.9292,8.285
2025-08-08 02:07:01,13.379,0.003,14478,"Orinoco, River",South America,Venezuela,River,-62.9292,8.285
2025-09-04 02:06:57,13.525,0.083,14478,"Orinoco, River",South America,Venezuela,River,-62.9292,8.285
2025-10-01 02:07:02,12.088,0.009,14478,"Orinoco, River",South America,Venezuela,River,-62.9292,8.285
2025-10-28 02:07:03,9.707,0.059,14478,"Orinoco, River",South America,Venezuela,River,-62.9292,8.285
2018-12-11 02:19:22,25.669,0.004,17096,"Orinoco, River",South America,Venezuela,River,-66.0681,7.681
2019-03-02 02:19:29,23.534,0.098,17096,"Orinoco, River",South America,Venezuela,River,-66.0681,7.681
2019-03-29 02:19:32,23.256,0.014,17096,"Orinoco, River",South America,Venezuela,River,-66.0681,7.681
2019-04-25 02:19:32,22.784,0.142,17096,"Orinoco, River",South America,Venezuela,River,-66.0681,7.681
2019-05-22 02:19:29,26.091,0.002,17096,"Orinoco, River",South America,Venezuela,River,-66.0681,7.681
2019-06-18 02:19:24,28.944,0.032,17096,"Orinoco, River",South America,Venezuela,River,-66.0681,7.681
2019-07-15 02:19:27,31.878,0.012,17096,"Orinoco, River",South America,Venezuela,River,-66.0681,7.681
2019-08-11 02:19:28,32.688,0.002,17096,"Orinoco, River",South America,Venezuela,River,-66.0681,7.681
2019-09-07 02:19:27,32.965,0.01,17096,"Orinoco, River",South America,Venezuela,River,-66.0681,7.681
2019-10-04 02:19:25,30.763,0.003,17096,"Orinoco, River",South America,Venezuela,River,-66.0681,7.681
2019-10-31 02:19:25,28.986,0.003,17096,"Orinoco, River",South America,Venezuela,River,-66.0681,7.681
2019-11-27 02:19:28,27.309,0.116,17096,"Orinoco, River",South America,Venezuela,River,-66.0681,7.681
2019-12-24 02:19:28,25.865,0.238,17096,"Orinoco, River",South America,Venezuela,River,-66.0681,7.681
2020-01-20 02:19:26,23.4,0.071,17096,"Orinoco, River",South America,Venezuela,River,-66.0681,7.681
2020-02-16 02:19:25,23.613,0.038,17096,"Orinoco, River",South America,Venezuela,River,-66.0681,7.681
2020-03-14 02:19:29,23.274,0.046,17096,"Orinoco, River",South America,Venezuela,River,-66.0681,7.681
2020-04-10 02:19:29,23.282,0.009,17096,"Orinoco, River",South America,Venezuela,River,-66.0681,7.681
2020-05-07 02:19:33,22.455,0.01,17096,"Orinoco, River",South America,Venezuela,River,-66.0681,7.681
2020-06-03 02:19:36,26.374,0.007,17096,"Orinoco, River",South America,Venezuela,River,-66.0681,7.681
2020-06-30 02:19:39,28.745,0.011,17096,"Orinoco, River",South America,Venezuela,River,-66.0681,7.681
2020-07-27 02:19:39,30.798,0.009,17096,"Orinoco, River",South America,Venezuela,River,-66.0681,7.681
2020-08-23 02:19:39,30.921,0.001,17096,"Orinoco, River",South America,Venezuela,River,-66.0681,7.681
2020-09-19 02:19:37,29.721,0.022,17096,"Orinoco, River",South America,Venezuela,River,-66.0681,7.681
2020-10-16 02:19:36,28.492,0.056,17096,"Orinoco, River",South America,Venezuela,River,-66.0681,7.681
2020-11-12 02:19:40,27.893,0.01,17096,"Orinoco, River",South America,Venezuela,River,-66.0681,7.681
2020-12-09 02:19:40,27.72,0.023,17096,"Orinoco, River",South America,Venezuela,River,-66.0681,7.681
2021-01-05 02:19:39,25.246,0.017,17096,"Orinoco, River",South America,Venezuela,River,-66.0681,7.681
2021-02-01 02:19:35,23.948,0.128,17096,"Orinoco, River",South America,Venezuela,River,-66.0681,7.681
2021-03-27 02:19:39,23.22,0.272,17096,"Orinoco, River",South America,Venezuela,River,-66.0681,7.681
2021-04-23 02:19:38,26.011,0.011,17096,"Orinoco, River",South America,Venezuela,River,-66.0681,7.681
2021-05-20 02:19:41,28.475,0.016,17096,"Orinoco, River",South America,Venezuela,River,-66.0681,7.681
2021-06-16 02:19:47,31.016,0.017,17096,"Orinoco, River",South America,Venezuela,River,-66.0681,7.681
2021-07-13 02:19:48,32.198,0.021,17096,"Orinoco, River",South America,Venezuela,River,-66.0681,7.681
2021-08-09 02:19:50,33.25,0.009,17096,"Orinoco, River",South America,Venezuela,River,-66.0681,7.681
2021-09-05 02:19:50,33.145,0.007,17096,"Orinoco, River",South America,Venezuela,River,-66.0681,7.681
2021-10-02 02:19:46,31.957,0.005,17096,"Orinoco, River",South America,Venezuela,River,-66.0681,7.681
2021-10-29 02:19:44,29.781,0.007,17096,"Orinoco, River",South America,Venezuela,River,-66.0681,7.681
2021-11-25 02:19:46,26.851,0.001,17096,"Orinoco, River",South America,Venezuela,River,-66.0681,7.681
2021-12-22 02:19:47,24.517,0.028,17096,"Orinoco, River",South America,Venezuela,River,-66.0681,7.681
2022-03-13 02:19:44,22.778,0.054,17096,"Orinoco, River",South America,Venezuela,River,-66.0681,7.681
2022-04-09 02:19:45,23.476,0.122,17096,"Orinoco, River",South America,Venezuela,River,-66.0681,7.681
2022-05-06 02:19:50,25.395,0.006,17096,"Orinoco, River",South America,Venezuela,River,-66.0681,7.681
2022-06-02 02:19:55,29.124,0.014,17096,"Orinoco, River",South America,Venezuela,River,-66.0681,7.681
2022-06-29 02:19:56,31.323,0.001,17096,"Orinoco, River",South America,Venezuela,River,-66.0681,7.681
2022-07-26 02:19:59,32.814,0.008,17096,"Orinoco, River",South America,Venezuela,River,-66.0681,7.681
2022-08-22 02:19:59,33.297,0.002,17096,"Orinoco, River",South America,Venezuela,River,-66.0681,7.681
2022-09-18 02:19:56,32.572,0.001,17096,"Orinoco, River",South America,Venezuela,River,-66.0681,7.681
2022-10-15 02:19:55,30.035,0.005,17096,"Orinoco, River",South America,Venezuela,River,-66.0681,7.681
2022-11-11 02:19:59,29.41,0.029,17096,"Orinoco, River",South America,Venezuela,River,-66.0681,7.681
2022-12-08 02:19:59,28.257,0.021,17096,"Orinoco, River",South America,Venezuela,River,-66.0681,7.681
2023-01-04 02:19:57,24.073,0.224,17096,"Orinoco, River",South America,Venezuela,River,-66.0681,7.681
2023-01-31 02:19:56,23.272,0.146,17096,"Orinoco, River",South America,Venezuela,River,-66.0681,7.681
2023-03-26 02:19:57,22.779,0.013,17096,"Orinoco, River",South America,Venezuela,River,-66.0681,7.681
2023-04-22 02:19:58,22.825,0.002,17096,"Orinoco, River",South America,Venezuela,River,-66.0681,7.681
2023-05-19 02:20:03,25.061,0.013,17096,"Orinoco, River",South America,Venezuela,River,-66.0681,7.681
2023-06-15 02:20:05,28.933,0.003,17096,"Orinoco, River",South America,Venezuela,River,-66.0681,7.681
2023-07-12 02:20:08,30.859,0.005,17096,"Orinoco, River",South America,Venezuela,River,-66.0681,7.681
2023-08-08 02:20:08,32.268,0.003,17096,"Orinoco, River",South America,Venezuela,River,-66.0681,7.681
2023-09-04 02:20:06,31.757,0.012,17096,"Orinoco, River",South America,Venezuela,River,-66.0681,7.681
2023-10-01 02:20:05,27.932,0.002,17096,"Orinoco, River",South America,Venezuela,River,-66.0681,7.681
2023-10-28 02:20:10,25.775,0.003,17096,"Orinoco, River",South America,Venezuela,River,-66.0681,7.681
2023-11-24 02:20:10,25.895,0.019,17096,"Orinoco, River",South America,Venezuela,River,-66.0681,7.681
2023-12-21 02:20:09,23.406,0.07,17096,"Orinoco, River",South America,Venezuela,River,-66.0681,7.681
2024-01-17 02:20:02,23.079,0.045,17096,"Orinoco, River",South America,Venezuela,River,-66.0681,7.681
2024-02-13 02:20:08,23.078,0.15,17096,"Orinoco, River",South America,Venezuela,River,-66.0681,7.681
2024-03-11 02:20:09,22.803,0.055,17096,"Orinoco, River",South America,Venezuela,River,-66.0681,7.681
2024-04-07 02:20:09,23.02,0.028,17096,"Orinoco, River",South America,Venezuela,River,-66.0681,7.681
2024-05-04 02:20:14,22.999,0.014,17096,"Orinoco, River",South America,Venezuela,River,-66.0681,7.681
2024-05-31 02:20:18,28.369,0.003,17096,"Orinoco, River",South America,Venezuela,River,-66.0681,7.681
2024-06-27 02:20:20,31.747,0.003,17096,"Orinoco, River",South America,Venezuela,River,-66.0681,7.681
2024-07-24 02:20:21,33.414,0.004,17096,"Orinoco, River",South America,Venezuela,River,-66.0681,7.681
2024-08-20 02:20:20,33.372,0.001,17096,"Orinoco, River",South America,Venezuela,River,-66.0681,7.681
2024-09-16 02:20:19,31.056,0.004,17096,"Orinoco, River",South America,Venezuela,River,-66.0681,7.681
2024-10-13 02:20:17,27.628,0.007,17096,"Orinoco, River",South America,Venezuela,River,-66.0681,7.681
2024-11-09 02:20:20,25.953,0.019,17096,"Orinoco, River",South America,Venezuela,River,-66.0681,7.681
2024-12-06 02:20:20,26.461,0.027,17096,"Orinoco, River",South America,Venezuela,River,-66.0681,7.681
2025-01-02 02:20:18,24.454,0.009,17096,"Orinoco, River",South America,Venezuela,River,-66.0681,7.681
2025-01-29 02:20:15,23.755,0.006,17096,"Orinoco, River",South America,Venezuela,River,-66.0681,7.681
2025-03-24 02:20:20,23.141,0.03,17096,"Orinoco, River",South America,Venezuela,River,-66.0681,7.681
2025-04-20 02:20:20,25.815,0.041,17096,"Orinoco, River",South America,Venezuela,River,-66.0681,7.681
2025-05-17 02:20:25,27.7,0.012,17096,"Orinoco, River",South America,Venezuela,River,-66.0681,7.681
2025-06-13 02:20:29,31.435,0.017,17096,"Orinoco, River",South America,Venezuela,River,-66.0681,7.681
2025-07-10 02:20:33,33.898,0.006,17096,"Orinoco, River",South America,Venezuela,River,-66.0681,7.681
2025-09-29 02:20:32,33.172,0.017,17096,"Orinoco, River",South America,Venezuela,River,-66.0681,7.681
2025-10-26 02:20:33,30.371,0.014,17096,"Orinoco, River",South America,Venezuela,River,-66.0681,7.681
2025-11-22 02:20:35,28.264,0.037,17096,"Orinoco, River",South America,Venezuela,River,-66.0681,7.681
2016-05-24 14:29:21,93.95,0.007,13500,"Orinoco, River",South America,Venezuela,River,-66.8185,3.5951
2016-06-20 14:29:22,94.96,0.002,13500,"Orinoco, River",South America,Venezuela,River,-66.8185,3.5951
2016-07-17 14:29:21,95.537,0.005,13500,"Orinoco, River",South America,Venezuela,River,-66.8185,3.5951
2016-08-13 14:29:20,95.145,0.001,13500,"Orinoco, River",South America,Venezuela,River,-66.8185,3.5951
2016-09-09 14:29:21,93.921,0.051,13500,"Orinoco, River",South America,Venezuela,River,-66.8185,3.5951
2016-10-06 14:29:25,93.562,0.036,13500,"Orinoco, River",South America,Venezuela,River,-66.8185,3.5951
2016-11-02 14:29:21,93.318,0.01,13500,"Orinoco, River",South America,Venezuela,River,-66.8185,3.5951
2016-11-29 14:29:19,92.907,0.007,13500,"Orinoco, River",South America,Venezuela,River,-66.8185,3.5951
2016-12-26 14:29:20,92.62,0.016,13500,"Orinoco, River",South America,Venezuela,River,-66.8185,3.5951
2017-01-22 14:29:22,92.051,0.009,13500,"Orinoco, River",South America,Venezuela,River,-66.8185,3.5951
2017-02-18 14:29:21,91.529,0.01,13500,"Orinoco, River",South America,Venezuela,River,-66.8185,3.5951
2017-03-17 14:29:20,92.752,0.01,13500,"Orinoco, River",South America,Venezuela,River,-66.8185,3.5951
2017-04-13 14:29:25,92.146,0.002,13500,"Orinoco, River",South America,Venezuela,River,-66.8185,3.5951
2017-05-10 14:29:29,95.002,0.012,13500,"Orinoco, River",South America,Venezuela,River,-66.8185,3.5951
2017-06-06 14:29:31,93.484,0.024,13500,"Orinoco, River",South America,Venezuela,River,-66.8185,3.5951
2017-07-03 14:29:29,95.495,0.026,13500,"Orinoco, River",South America,Venezuela,River,-66.8185,3.5951
2017-07-30 14:29:27,95.951,0.011,13500,"Orinoco, River",South America,Venezuela,River,-66.8185,3.5951
2017-08-26 14:29:24,94.269,0.016,13500,"Orinoco, River",South America,Venezuela,River,-66.8185,3.5951
2017-09-22 14:29:24,93.633,0.002,13500,"Orinoco, River",South America,Venezuela,River,-66.8185,3.5951
2017-10-19 14:29:27,93.371,0.009,13500,"Orinoco, River",South America,Venezuela,River,-66.8185,3.5951
2017-11-15 14:29:27,92.45,0.01,13500,"Orinoco, River",South America,Venezuela,River,-66.8185,3.5951
2017-12-12 14:29:23,91.962,0.012,13500,"Orinoco, River",South America,Venezuela,River,-66.8185,3.5951
2018-01-08 14:29:28,91.775,0.022,13500,"Orinoco, River",South America,Venezuela,River,-66.8185,3.5951
2018-02-04 14:29:30,91.401,0.011,13500,"Orinoco, River",South America,Venezuela,River,-66.8185,3.5951
2018-03-03 14:29:28,91.11,0.013,13500,"Orinoco, River",South America,Venezuela,River,-66.8185,3.5951
2018-03-30 14:29:29,91.183,0.012,13500,"Orinoco, River",South America,Venezuela,River,-66.8185,3.5951
2018-04-26 14:29:32,93.372,0.025,13500,"Orinoco, River",South America,Venezuela,River,-66.8185,3.5951
2018-05-23 14:29:31,94.765,0.012,13500,"Orinoco, River",South America,Venezuela,River,-66.8185,3.5951
2018-06-19 14:29:33,96.311,0.006,13500,"Orinoco, River",South America,Venezuela,River,-66.8185,3.5951
2018-07-16 14:29:31,96.273,0.012,13500,"Orinoco, River",South America,Venezuela,River,-66.8185,3.5951
2018-08-12 14:29:28,96.027,0.007,13500,"Orinoco, River",South America,Venezuela,River,-66.8185,3.5951
2018-09-08 14:29:28,94.464,0.008,13500,"Orinoco, River",South America,Venezuela,River,-66.8185,3.5951
2018-10-05 14:29:32,93.571,0.002,13500,"Orinoco, River",South America,Venezuela,River,-66.8185,3.5951
2018-11-01 14:29:33,92.376,0.003,13500,"Orinoco, River",South America,Venezuela,River,-66.8185,3.5951
2018-11-28 14:29:30,92.171,0.0,13500,"Orinoco, River",South America,Venezuela,River,-66.8185,3.5951
2018-12-25 14:29:27,91.934,0.004,13500,"Orinoco, River",South America,Venezuela,River,-66.8185,3.5951
2019-01-21 14:29:31,91.424,0.001,13500,"Orinoco, River",South America,Venezuela,River,-66.8185,3.5951
2019-02-17 14:29:31,91.277,0.009,13500,"Orinoco, River",South America,Venezuela,River,-66.8185,3.5951
2019-03-16 14:29:29,90.996,0.025,13500,"Orinoco, River",South America,Venezuela,River,-66.8185,3.5951
2019-04-12 14:29:35,91.385,0.018,13500,"Orinoco, River",South America,Venezuela,River,-66.8185,3.5951
2019-05-09 14:29:37,92.529,0.049,13500,"Orinoco, River",South America,Venezuela,River,-66.8185,3.5951
2019-06-05 14:29:37,95.033,0.007,13500,"Orinoco, River",South America,Venezuela,River,-66.8185,3.5951
2019-07-02 14:29:36,95.499,0.036,13500,"Orinoco, River",South America,Venezuela,River,-66.8185,3.5951
2019-07-29 14:29:35,95.401,0.012,13500,"Orinoco, River",South America,Venezuela,River,-66.8185,3.5951
2019-08-25 14:29:31,95.716,0.0,13500,"Orinoco, River",South America,Venezuela,River,-66.8185,3.5951
2019-09-21 14:29:34,94.043,0.015,13500,"Orinoco, River",South America,Venezuela,River,-66.8185,3.5951
2019-10-18 14:29:35,93.557,0.015,13500,"Orinoco, River",South America,Venezuela,River,-66.8185,3.5951
2019-11-14 14:29:33,92.715,0.027,13500,"Orinoco, River",South America,Venezuela,River,-66.8185,3.5951
2019-12-11 14:29:29,92.49,0.011,13500,"Orinoco, River",South America,Venezuela,River,-66.8185,3.5951
2020-01-07 14:29:33,92.073,0.009,13500,"Orinoco, River",South America,Venezuela,River,-66.8185,3.5951
2020-02-03 14:29:34,91.565,0.048,13500,"Orinoco, River",South America,Venezuela,River,-66.8185,3.5951
2020-03-01 14:29:32,91.308,0.012,13500,"Orinoco, River",South America,Venezuela,River,-66.8185,3.5951
2020-03-28 14:29:36,91.355,0.036,13500,"Orinoco, River",South America,Venezuela,River,-66.8185,3.5951
2020-04-24 14:29:40,92.367,0.012,13500,"Orinoco, River",South America,Venezuela,River,-66.8185,3.5951
2020-05-21 14:29:41,94.481,0.007,13500,"Orinoco, River",South America,Venezuela,River,-66.8185,3.5951
2020-06-17 14:29:39,95.184,0.026,13500,"Orinoco, River",South America,Venezuela,River,-66.8185,3.5951
2020-07-14 14:29:39,95.78,0.025,13500,"Orinoco, River",South America,Venezuela,River,-66.8185,3.5951
2020-08-10 14:29:38,95.468,0.012,13500,"Orinoco, River",South America,Venezuela,River,-66.8185,3.5951
2020-09-06 14:29:35,95.081,0.022,13500,"Orinoco, River",South America,Venezuela,River,-66.8185,3.5951
2020-10-03 14:29:38,93.561,0.008,13500,"Orinoco, River",South America,Venezuela,River,-66.8185,3.5951
2020-10-30 14:29:38,92.67,0.03,13500,"Orinoco, River",South America,Venezuela,River,-66.8185,3.5951
2020-11-26 14:29:34,93.919,0.019,13500,"Orinoco, River",South America,Venezuela,River,-66.8185,3.5951
2020-12-23 14:29:34,93.146,0.008,13500,"Orinoco, River",South America,Venezuela,River,-66.8185,3.5951
2021-01-19 14:29:39,93.013,0.015,13500,"Orinoco, River",South America,Venezuela,River,-66.8185,3.5951
2021-02-15 14:29:40,92.079,0.019,13500,"Orinoco, River",South America,Venezuela,River,-66.8185,3.5951
2021-03-14 14:29:36,92.048,0.0,13500,"Orinoco, River",South America,Venezuela,River,-66.8185,3.5951
2021-04-10 14:29:42,93.537,0.031,13500,"Orinoco, River",South America,Venezuela,River,-66.8185,3.5951
2021-05-07 14:29:45,94.114,0.009,13500,"Orinoco, River",South America,Venezuela,River,-66.8185,3.5951
2021-06-03 14:29:44,96.021,0.003,13500,"Orinoco, River",South America,Venezuela,River,-66.8185,3.5951
2021-06-30 14:29:46,96.261,0.019,13500,"Orinoco, River",South America,Venezuela,River,-66.8185,3.5951
2021-07-27 14:29:44,96.165,0.006,13500,"Orinoco, River",South America,Venezuela,River,-66.8185,3.5951
2021-08-23 14:29:41,95.887,0.008,13500,"Orinoco, River",South America,Venezuela,River,-66.8185,3.5951
2021-09-19 14:29:42,94.991,0.005,13500,"Orinoco, River",South America,Venezuela,River,-66.8185,3.5951
2021-10-16 14:29:43,93.894,0.008,13500,"Orinoco, River",South America,Venezuela,River,-66.8185,3.5951
2021-11-12 14:29:42,94.197,0.029,13500,"Orinoco, River",South America,Venezuela,River,-66.8185,3.5951
2021-12-09 14:29:41,93.897,0.068,13500,"Orinoco, River",South America,Venezuela,River,-66.8185,3.5951
2022-01-05 14:29:42,92.906,0.036,13500,"Orinoco, River",South America,Venezuela,River,-66.8185,3.5951
2022-02-01 14:29:47,92.019,0.005,13500,"Orinoco, River",South America,Venezuela,River,-66.8185,3.5951
2022-02-28 14:29:43,92.521,0.026,13500,"Orinoco, River",South America,Venezuela,River,-66.8185,3.5951
2022-03-27 14:29:45,94.198,0.012,13500,"Orinoco, River",South America,Venezuela,River,-66.8185,3.5951
2022-04-23 14:29:47,93.423,0.017,13500,"Orinoco, River",South America,Venezuela,River,-66.8185,3.5951
2022-05-20 14:29:46,95.151,0.002,13500,"Orinoco, River",South America,Venezuela,River,-66.8185,3.5951
2022-06-16 14:29:45,96.313,0.007,13500,"Orinoco, River",South America,Venezuela,River,-66.8185,3.5951
2022-07-13 14:29:43,96.442,0.007,13500,"Orinoco, River",South America,Venezuela,River,-66.8185,3.5951
2022-08-09 14:29:40,95.941,0.01,13500,"Orinoco, River",South America,Venezuela,River,-66.8185,3.5951
2022-09-05 14:29:40,94.804,0.011,13500,"Orinoco, River",South America,Venezuela,River,-66.8185,3.5951
2022-10-02 14:29:40,93.934,0.006,13500,"Orinoco, River",South America,Venezuela,River,-66.8185,3.5951
2022-10-29 14:29:40,94.146,0.018,13500,"Orinoco, River",South America,Venezuela,River,-66.8185,3.5951
2022-11-25 14:29:37,94.134,0.002,13500,"Orinoco, River",South America,Venezuela,River,-66.8185,3.5951
2022-12-22 14:29:37,93.164,0.012,13500,"Orinoco, River",South America,Venezuela,River,-66.8185,3.5951
2023-01-18 14:29:38,93.774,0.004,13500,"Orinoco, River",South America,Venezuela,River,-66.8185,3.5951
2023-02-14 14:29:39,92.372,0.011,13500,"Orinoco, River",South America,Venezuela,River,-66.8185,3.5951
2023-03-13 14:29:39,92.588,0.028,13500,"Orinoco, River",South America,Venezuela,River,-66.8185,3.5951
2023-04-09 14:29:44,92.12,0.015,13500,"Orinoco, River",South America,Venezuela,River,-66.8185,3.5951
2023-05-06 14:29:44,93.171,0.02,13500,"Orinoco, River",South America,Venezuela,River,-66.8185,3.5951
2023-06-02 14:29:43,95.173,0.015,13500,"Orinoco, River",South America,Venezuela,River,-66.8185,3.5951
2023-06-29 14:29:39,95.253,0.036,13500,"Orinoco, River",South America,Venezuela,River,-66.8185,3.5951
2023-07-26 14:29:36,95.791,0.011,13500,"Orinoco, River",South America,Venezuela,River,-66.8185,3.5951
2023-08-22 14:29:33,94.443,0.015,13500,"Orinoco, River",South America,Venezuela,River,-66.8185,3.5951
2023-09-18 14:29:37,92.79,0.001,13500,"Orinoco, River",South America,Venezuela,River,-66.8185,3.5951
2023-10-15 14:29:36,91.988,0.006,13500,"Orinoco, River",South America,Venezuela,River,-66.8185,3.5951
2023-11-11 14:29:34,92.273,0.024,13500,"Orinoco, River",South America,Venezuela,River,-66.8185,3.5951
2023-12-08 14:29:35,91.81,0.02,13500,"Orinoco, River",South America,Venezuela,River,-66.8185,3.5951
2024-01-04 14:29:38,92.214,0.026,13500,"Orinoco, River",South America,Venezuela,River,-66.8185,3.5951
2024-01-31 14:29:40,91.274,0.076,13500,"Orinoco, River",South America,Venezuela,River,-66.8185,3.5951
2024-02-27 14:29:38,90.957,0.031,13500,"Orinoco, River",South America,Venezuela,River,-66.8185,3.5951
2024-03-25 14:29:41,91.031,0.016,13500,"Orinoco, River",South America,Venezuela,River,-66.8185,3.5951
2024-04-21 14:29:43,91.115,0.005,13500,"Orinoco, River",South America,Venezuela,River,-66.8185,3.5951
2024-05-18 14:29:44,94.543,0.014,13500,"Orinoco, River",South America,Venezuela,River,-66.8185,3.5951
2024-06-14 14:29:45,95.907,0.009,13500,"Orinoco, River",South America,Venezuela,River,-66.8185,3.5951
2024-07-11 14:29:42,95.793,0.001,13500,"Orinoco, River",South America,Venezuela,River,-66.8185,3.5951
2024-08-07 14:29:40,95.876,0.0,13500,"Orinoco, River",South America,Venezuela,River,-66.8185,3.5951
2024-09-03 14:29:36,94.626,0.022,13500,"Orinoco, River",South America,Venezuela,River,-66.8185,3.5951
2024-09-30 14:29:40,92.773,0.033,13500,"Orinoco, River",South America,Venezuela,River,-66.8185,3.5951
2024-10-27 14:29:40,92.364,0.014,13500,"Orinoco, River",South America,Venezuela,River,-66.8185,3.5951
2024-11-23 14:29:38,92.441,0.01,13500,"Orinoco, River",South America,Venezuela,River,-66.8185,3.5951
2024-12-20 14:29:35,92.201,0.007,13500,"Orinoco, River",South America,Venezuela,River,-66.8185,3.5951
2025-01-16 14:29:41,91.919,0.071,13500,"Orinoco, River",South America,Venezuela,River,-66.8185,3.5951
2025-02-12 14:29:43,91.563,0.056,13500,"Orinoco, River",South America,Venezuela,River,-66.8185,3.5951
2025-03-11 14:29:39,91.507,0.021,13500,"Orinoco, River",South America,Venezuela,River,-66.8185,3.5951
2025-04-07 14:29:45,92.958,0.007,13500,"Orinoco, River",South America,Venezuela,River,-66.8185,3.5951
2025-05-04 14:29:48,93.875,0.007,13500,"Orinoco, River",South America,Venezuela,River,-66.8185,3.5951
2025-05-31 14:29:49,95.469,0.033,13500,"Orinoco, River",South America,Venezuela,River,-66.8185,3.5951
2025-06-27 14:29:49,95.683,0.012,13500,"Orinoco, River",South America,Venezuela,River,-66.8185,3.5951
2025-07-24 14:29:49,96.271,0.012,13500,"Orinoco, River",South America,Venezuela,River,-66.8185,3.5951
2025-08-20 14:29:46,94.855,0.048,13500,"Orinoco, River",South America,Venezuela,River,-66.8185,3.5951
2025-09-16 14:29:45,94.564,0.03,13500,"Orinoco, River",South America,Venezuela,River,-66.8185,3.5951
2025-10-13 14:29:48,93.368,0.006,13500,"Orinoco, River",South America,Venezuela,River,-66.8185,3.5951
2025-11-09 14:29:48,92.951,0.019,13500,"Orinoco, River",South America,Venezuela,River,-66.8185,3.5951
2018-12-15 02:15:41,19.504,0.007,17492,"Orinoco, River",South America,Venezuela,River,-65.1685,7.8328
2019-01-11 02:15:44,16.609,0.035,17492,"Orinoco, River",South America,Venezuela,River,-65.1685,7.8328
2019-02-07 02:15:44,15.667,0.014,17492,"Orinoco, River",South America,Venezuela,River,-65.1685,7.8328
2019-03-06 02:15:48,14.939,0.076,17492,"Orinoco, River",South America,Venezuela,River,-65.1685,7.8328
2019-04-02 02:15:51,15.512,0.005,17492,"Orinoco, River",South America,Venezuela,River,-65.1685,7.8328
2019-04-29 02:15:50,16.859,0.001,17492,"Orinoco, River",South America,Venezuela,River,-65.1685,7.8328
2019-05-26 02:15:46,20.9,0.0,17492,"Orinoco, River",South America,Venezuela,River,-65.1685,7.8328
2019-06-22 02:15:43,23.802,0.002,17492,"Orinoco, River",South America,Venezuela,River,-65.1685,7.8328
2019-07-19 02:15:46,26.62,0.004,17492,"Orinoco, River",South America,Venezuela,River,-65.1685,7.8328
2019-08-15 02:15:46,26.808,0.132,17492,"Orinoco, River",South America,Venezuela,River,-65.1685,7.8328
2019-09-11 02:15:45,27.767,0.088,17492,"Orinoco, River",South America,Venezuela,River,-65.1685,7.8328
2019-10-08 02:15:43,25.032,0.004,17492,"Orinoco, River",South America,Venezuela,River,-65.1685,7.8328
2019-11-04 02:15:44,23.319,0.001,17492,"Orinoco, River",South America,Venezuela,River,-65.1685,7.8328
2019-12-01 02:15:47,21.415,0.022,17492,"Orinoco, River",South America,Venezuela,River,-65.1685,7.8328
2019-12-28 02:15:46,19.482,0.037,17492,"Orinoco, River",South America,Venezuela,River,-65.1685,7.8328
2020-01-24 02:15:43,17.028,0.013,17492,"Orinoco, River",South America,Venezuela,River,-65.1685,7.8328
2020-02-20 02:15:44,15.262,0.002,17492,"Orinoco, River",South America,Venezuela,River,-65.1685,7.8328
2020-03-18 02:15:47,14.447,0.104,17492,"Orinoco, River",South America,Venezuela,River,-65.1685,7.8328
2020-04-14 02:15:48,14.772,0.018,17492,"Orinoco, River",South America,Venezuela,River,-65.1685,7.8328
2020-05-11 02:15:52,16.071,0.021,17492,"Orinoco, River",South America,Venezuela,River,-65.1685,7.8328
2020-06-07 02:15:54,21.394,0.014,17492,"Orinoco, River",South America,Venezuela,River,-65.1685,7.8328
2020-07-04 02:15:57,23.279,0.013,17492,"Orinoco, River",South America,Venezuela,River,-65.1685,7.8328
2020-07-31 02:15:57,25.702,0.0,17492,"Orinoco, River",South America,Venezuela,River,-65.1685,7.8328
2020-08-27 02:15:57,25.615,0.0,17492,"Orinoco, River",South America,Venezuela,River,-65.1685,7.8328
2020-09-23 02:15:54,24.014,0.005,17492,"Orinoco, River",South America,Venezuela,River,-65.1685,7.8328
2020-10-20 02:15:55,22.887,0.001,17492,"Orinoco, River",South America,Venezuela,River,-65.1685,7.8328
2020-11-16 02:15:59,22.629,0.004,17492,"Orinoco, River",South America,Venezuela,River,-65.1685,7.8328
2020-12-13 02:15:57,22.276,0.02,17492,"Orinoco, River",South America,Venezuela,River,-65.1685,7.8328
2021-01-09 02:15:57,19.955,0.028,17492,"Orinoco, River",South America,Venezuela,River,-65.1685,7.8328
2021-02-05 02:15:53,17.268,0.008,17492,"Orinoco, River",South America,Venezuela,River,-65.1685,7.8328
2021-03-04 02:15:57,15.543,0.038,17492,"Orinoco, River",South America,Venezuela,River,-65.1685,7.8328
2021-03-31 02:15:57,16.817,0.011,17492,"Orinoco, River",South America,Venezuela,River,-65.1685,7.8328
2021-04-27 02:15:57,20.284,0.0,17492,"Orinoco, River",South America,Venezuela,River,-65.1685,7.8328
2021-05-24 02:16:00,22.898,0.045,17492,"Orinoco, River",South America,Venezuela,River,-65.1685,7.8328
2021-06-20 02:16:05,25.868,0.006,17492,"Orinoco, River",South America,Venezuela,River,-65.1685,7.8328
2021-07-17 02:16:06,27.104,0.022,17492,"Orinoco, River",South America,Venezuela,River,-65.1685,7.8328
2021-08-13 02:16:08,28.642,0.005,17492,"Orinoco, River",South America,Venezuela,River,-65.1685,7.8328
2021-09-09 02:16:07,28.479,0.016,17492,"Orinoco, River",South America,Venezuela,River,-65.1685,7.8328
2021-10-06 02:16:03,26.444,0.004,17492,"Orinoco, River",South America,Venezuela,River,-65.1685,7.8328
2021-11-02 02:16:03,24.173,0.001,17492,"Orinoco, River",South America,Venezuela,River,-65.1685,7.8328
2021-11-29 02:16:03,21.221,0.036,17492,"Orinoco, River",South America,Venezuela,River,-65.1685,7.8328
2021-12-26 02:16:04,18.866,0.003,17492,"Orinoco, River",South America,Venezuela,River,-65.1685,7.8328
2022-02-18 02:16:02,15.063,0.006,17492,"Orinoco, River",South America,Venezuela,River,-65.1685,7.8328
2022-03-17 02:16:02,16.555,0.034,17492,"Orinoco, River",South America,Venezuela,River,-65.1685,7.8328
2022-04-13 02:16:04,17.84,0.002,17492,"Orinoco, River",South America,Venezuela,River,-65.1685,7.8328
2022-05-10 02:16:09,20.235,0.002,17492,"Orinoco, River",South America,Venezuela,River,-65.1685,7.8328
2022-06-06 02:16:13,23.753,0.074,17492,"Orinoco, River",South America,Venezuela,River,-65.1685,7.8328
2022-07-03 02:16:15,26.267,0.005,17492,"Orinoco, River",South America,Venezuela,River,-65.1685,7.8328
2022-07-30 02:16:17,28.101,0.002,17492,"Orinoco, River",South America,Venezuela,River,-65.1685,7.8328
2022-08-26 02:16:17,28.691,0.001,17492,"Orinoco, River",South America,Venezuela,River,-65.1685,7.8328
2022-09-22 02:16:13,27.658,0.008,17492,"Orinoco, River",South America,Venezuela,River,-65.1685,7.8328
2022-10-19 02:16:13,24.598,0.006,17492,"Orinoco, River",South America,Venezuela,River,-65.1685,7.8328
2022-11-15 02:16:17,23.965,0.016,17492,"Orinoco, River",South America,Venezuela,River,-65.1685,7.8328
2022-12-12 02:16:17,22.169,0.015,17492,"Orinoco, River",South America,Venezuela,River,-65.1685,7.8328
2023-01-08 02:16:14,17.735,0.01,17492,"Orinoco, River",South America,Venezuela,River,-65.1685,7.8328
2023-02-04 02:16:15,17.472,0.009,17492,"Orinoco, River",South America,Venezuela,River,-65.1685,7.8328
2023-03-03 02:16:16,16.621,0.069,17492,"Orinoco, River",South America,Venezuela,River,-65.1685,7.8328
2023-03-30 02:16:15,16.2,0.013,17492,"Orinoco, River",South America,Venezuela,River,-65.1685,7.8328
2023-04-26 02:16:17,17.313,0.055,17492,"Orinoco, River",South America,Venezuela,River,-65.1685,7.8328
2023-05-23 02:16:21,20.269,0.007,17492,"Orinoco, River",South America,Venezuela,River,-65.1685,7.8328
2023-06-19 02:16:24,23.814,0.008,17492,"Orinoco, River",South America,Venezuela,River,-65.1685,7.8328
2023-07-16 02:16:26,25.539,0.1,17492,"Orinoco, River",South America,Venezuela,River,-65.1685,7.8328
2023-08-12 02:16:26,27.373,0.003,17492,"Orinoco, River",South America,Venezuela,River,-65.1685,7.8328
2023-09-08 02:16:24,26.271,0.007,17492,"Orinoco, River",South America,Venezuela,River,-65.1685,7.8328
2023-10-05 02:16:24,22.038,0.0,17492,"Orinoco, River",South America,Venezuela,River,-65.1685,7.8328
2023-11-01 02:16:27,20.411,0.005,17492,"Orinoco, River",South America,Venezuela,River,-65.1685,7.8328
2023-11-28 02:16:28,19.84,0.021,17492,"Orinoco, River",South America,Venezuela,River,-65.1685,7.8328
2023-12-25 02:16:26,17.459,0.005,17492,"Orinoco, River",South America,Venezuela,River,-65.1685,7.8328
2024-01-21 02:16:22,16.538,0.043,17492,"Orinoco, River",South America,Venezuela,River,-65.1685,7.8328
2024-02-17 02:16:27,15.682,0.039,17492,"Orinoco, River",South America,Venezuela,River,-65.1685,7.8328
2024-03-15 02:16:26,14.323,0.008,17492,"Orinoco, River",South America,Venezuela,River,-65.1685,7.8328
2024-04-11 02:16:28,15.456,0.039,17492,"Orinoco, River",South America,Venezuela,River,-65.1685,7.8328
2024-05-08 02:16:33,17.97,0.019,17492,"Orinoco, River",South America,Venezuela,River,-65.1685,7.8328
2024-06-04 02:16:37,23.239,0.029,17492,"Orinoco, River",South America,Venezuela,River,-65.1685,7.8328
2024-07-01 02:16:39,26.549,0.006,17492,"Orinoco, River",South America,Venezuela,River,-65.1685,7.8328
2024-08-24 02:16:39,28.682,0.01,17492,"Orinoco, River",South America,Venezuela,River,-65.1685,7.8328
2024-09-20 02:16:36,25.664,0.002,17492,"Orinoco, River",South America,Venezuela,River,-65.1685,7.8328
2024-10-17 02:16:36,22.269,0.004,17492,"Orinoco, River",South America,Venezuela,River,-65.1685,7.8328
2024-11-13 02:16:37,20.234,0.018,17492,"Orinoco, River",South America,Venezuela,River,-65.1685,7.8328
2024-12-10 02:16:38,20.249,0.011,17492,"Orinoco, River",South America,Venezuela,River,-65.1685,7.8328
2025-01-06 02:16:36,18.641,0.154,17492,"Orinoco, River",South America,Venezuela,River,-65.1685,7.8328
2025-02-02 02:16:34,17.01,0.008,17492,"Orinoco, River",South America,Venezuela,River,-65.1685,7.8328
2025-03-01 02:16:38,17.042,0.196,17492,"Orinoco, River",South America,Venezuela,River,-65.1685,7.8328
2025-03-28 02:16:38,17.407,0.035,17492,"Orinoco, River",South America,Venezuela,River,-65.1685,7.8328
2025-04-24 02:16:38,20.069,0.004,17492,"Orinoco, River",South America,Venezuela,River,-65.1685,7.8328
2025-05-21 02:16:44,22.559,0.021,17492,"Orinoco, River",South America,Venezuela,River,-65.1685,7.8328
2025-07-14 02:16:51,29.44,0.001,17492,"Orinoco, River",South America,Venezuela,River,-65.1685,7.8328
2025-08-10 02:16:52,30.724,0.004,17492,"Orinoco, River",South America,Venezuela,River,-65.1685,7.8328
2025-09-06 02:16:52,30.489,0.004,17492,"Orinoco, River",South America,Venezuela,River,-65.1685,7.8328
2025-10-03 02:16:48,28.111,0.007,17492,"Orinoco, River",South America,Venezuela,River,-65.1685,7.8328
2025-10-30 02:16:52,24.843,0.0,17492,"Orinoco, River",South America,Venezuela,River,-65.1685,7.8328
2025-11-26 02:16:54,22.472,0.002,17492,"Orinoco, River",South America,Venezuela,River,-65.1685,7.8328
2002-07-09 14:33:51,65.18,0.005,9368,"Orinoco, River",South America,Colombia,River,-67.6092,5.546
2002-08-13 14:33:51,65.078,0.069,9368,"Orinoco, River",South America,Colombia,River,-67.6092,5.546
2002-09-17 14:33:50,63.869,0.054,9368,"Orinoco, River",South America,Colombia,River,-67.6092,5.546
2002-10-22 14:33:52,60.208,0.081,9368,"Orinoco, River",South America,Colombia,River,-67.6092,5.546
2002-11-26 14:33:51,61.127,0.013,9368,"Orinoco, River",South America,Colombia,River,-67.6092,5.546
2002-12-31 14:33:49,57.415,0.034,9368,"Orinoco, River",South America,Colombia,River,-67.6092,5.546
2003-02-04 14:33:49,53.867,0.015,9368,"Orinoco, River",South America,Colombia,River,-67.6092,5.546
2003-05-20 14:33:47,62.046,0.037,9368,"Orinoco, River",South America,Colombia,River,-67.6092,5.546
2003-06-24 14:33:54,63.61,0.067,9368,"Orinoco, River",South America,Colombia,River,-67.6092,5.546
2003-07-29 14:33:59,65.204,0.015,9368,"Orinoco, River",South America,Colombia,River,-67.6092,5.546
2003-09-02 14:34:02,64.298,0.042,9368,"Orinoco, River",South America,Colombia,River,-67.6092,5.546
2003-10-07 14:33:58,62.681,0.007,9368,"Orinoco, River",South America,Colombia,River,-67.6092,5.546
2003-11-11 14:33:55,61.996,0.015,9368,"Orinoco, River",South America,Colombia,River,-67.6092,5.546
2003-12-16 14:33:56,60.029,0.028,9368,"Orinoco, River",South America,Colombia,River,-67.6092,5.546
2004-01-20 14:33:54,56.86,0.052,9368,"Orinoco, River",South America,Colombia,River,-67.6092,5.546
2004-02-24 14:33:54,53.527,0.016,9368,"Orinoco, River",South America,Colombia,River,-67.6092,5.546
2004-05-04 14:33:55,59.281,0.016,9368,"Orinoco, River",South America,Colombia,River,-67.6092,5.546
2004-06-08 14:34:01,62.956,0.021,9368,"Orinoco, River",South America,Colombia,River,-67.6092,5.546
2004-07-13 14:34:01,64.527,0.139,9368,"Orinoco, River",South America,Colombia,River,-67.6092,5.546
2004-08-17 14:33:58,64.612,0.008,9368,"Orinoco, River",South America,Colombia,River,-67.6092,5.546
2004-09-21 14:33:55,63.221,0.045,9368,"Orinoco, River",South America,Colombia,River,-67.6092,5.546
2004-10-26 14:34:01,60.146,0.001,9368,"Orinoco, River",South America,Colombia,River,-67.6092,5.546
2004-11-30 14:33:58,59.993,0.035,9368,"Orinoco, River",South America,Colombia,River,-67.6092,5.546
2005-01-04 14:33:52,57.383,0.037,9368,"Orinoco, River",South America,Colombia,River,-67.6092,5.546
2005-02-08 14:33:56,55.091,0.069,9368,"Orinoco, River",South America,Colombia,River,-67.6092,5.546
2005-03-15 14:33:54,54.957,0.001,9368,"Orinoco, River",South America,Colombia,River,-67.6092,5.546
2005-04-19 14:34:01,59.087,0.023,9368,"Orinoco, River",South America,Colombia,River,-67.6092,5.546
2005-05-24 14:34:02,62.426,0.036,9368,"Orinoco, River",South America,Colombia,River,-67.6092,5.546
2005-06-28 14:34:03,62.896,0.017,9368,"Orinoco, River",South America,Colombia,River,-67.6092,5.546
2005-08-02 14:34:00,64.108,0.031,9368,"Orinoco, River",South America,Colombia,River,-67.6092,5.546
2005-09-06 14:33:56,62.695,0.014,9368,"Orinoco, River",South America,Colombia,River,-67.6092,5.546
2005-10-11 14:33:59,60.19,0.008,9368,"Orinoco, River",South America,Colombia,River,-67.6092,5.546
2005-11-15 14:33:58,60.397,0.005,9368,"Orinoco, River",South America,Colombia,River,-67.6092,5.546
2005-12-20 14:33:52,59.149,0.013,9368,"Orinoco, River",South America,Colombia,River,-67.6092,5.546
2006-01-24 14:33:47,57.424,0.035,9368,"Orinoco, River",South America,Colombia,River,-67.6092,5.546
2006-02-28 14:33:48,56.2,0.017,9368,"Orinoco, River",South America,Colombia,River,-67.6092,5.546
2006-04-04 14:33:46,57.928,0.005,9368,"Orinoco, River",South America,Colombia,River,-67.6092,5.546
2006-05-09 14:33:53,60.338,0.062,9368,"Orinoco, River",South America,Colombia,River,-67.6092,5.546
2006-06-13 14:33:55,62.92,0.076,9368,"Orinoco, River",South America,Colombia,River,-67.6092,5.546
2006-07-18 14:33:59,63.981,0.188,9368,"Orinoco, River",South America,Colombia,River,-67.6092,5.546
2006-08-22 14:33:56,64.324,0.072,9368,"Orinoco, River",South America,Colombia,River,-67.6092,5.546
2006-09-26 14:33:54,62.758,0.086,9368,"Orinoco, River",South America,Colombia,River,-67.6092,5.546
2006-10-31 14:33:57,61.785,0.026,9368,"Orinoco, River",South America,Colombia,River,-67.6092,5.546
2006-12-05 14:33:56,61.173,0.002,9368,"Orinoco, River",South America,Colombia,River,-67.6092,5.546
2007-01-09 14:33:52,57.596,0.02,9368,"Orinoco, River",South America,Colombia,River,-67.6092,5.546
2007-02-13 14:33:51,54.042,0.052,9368,"Orinoco, River",South America,Colombia,River,-67.6092,5.546
2007-04-24 14:33:52,58.858,0.007,9368,"Orinoco, River",South America,Colombia,River,-67.6092,5.546
2007-05-29 14:33:54,62.444,0.009,9368,"Orinoco, River",South America,Colombia,River,-67.6092,5.546
2007-07-03 14:33:55,64.95,0.031,9368,"Orinoco, River",South America,Colombia,River,-67.6092,5.546
2007-08-07 14:33:55,64.753,0.004,9368,"Orinoco, River",South America,Colombia,River,-67.6092,5.546
2007-09-11 14:33:51,63.801,0.03,9368,"Orinoco, River",South America,Colombia,River,-67.6092,5.546
2007-10-16 14:33:49,62.601,0.011,9368,"Orinoco, River",South America,Colombia,River,-67.6092,5.546
2007-11-20 14:33:47,60.681,0.02,9368,"Orinoco, River",South America,Colombia,River,-67.6092,5.546
2007-12-25 14:33:47,58.567,0.109,9368,"Orinoco, River",South America,Colombia,River,-67.6092,5.546
2008-01-29 14:33:48,55.669,0.011,9368,"Orinoco, River",South America,Colombia,River,-67.6092,5.546
2008-03-04 14:33:48,55.041,0.01,9368,"Orinoco, River",South America,Colombia,River,-67.6092,5.546
2008-04-08 14:33:48,54.382,0.027,9368,"Orinoco, River",South America,Colombia,River,-67.6092,5.546
2008-05-13 14:33:48,59.673,0.024,9368,"Orinoco, River",South America,Colombia,River,-67.6092,5.546
2008-06-17 14:33:49,62.011,0.111,9368,"Orinoco, River",South America,Colombia,River,-67.6092,5.546
2008-07-22 14:33:50,65.056,0.043,9368,"Orinoco, River",South America,Colombia,River,-67.6092,5.546
2008-08-26 14:33:46,64.47,0.132,9368,"Orinoco, River",South America,Colombia,River,-67.6092,5.546
2008-09-30 14:33:46,62.418,0.005,9368,"Orinoco, River",South America,Colombia,River,-67.6092,5.546
2008-11-04 14:33:45,61.31,0.166,9368,"Orinoco, River",South America,Colombia,River,-67.6092,5.546
2008-12-09 14:33:46,61.296,0.026,9368,"Orinoco, River",South America,Colombia,River,-67.6092,5.546
2009-01-13 14:33:45,57.873,0.013,9368,"Orinoco, River",South America,Colombia,River,-67.6092,5.546
2009-02-17 14:33:46,56.361,0.025,9368,"Orinoco, River",South America,Colombia,River,-67.6092,5.546
2009-03-24 14:33:45,55.908,0.013,9368,"Orinoco, River",South America,Colombia,River,-67.6092,5.546
2009-06-02 14:33:48,59.541,0.154,9368,"Orinoco, River",South America,Colombia,River,-67.6092,5.546
2009-07-07 14:33:47,63.68,0.024,9368,"Orinoco, River",South America,Colombia,River,-67.6092,5.546
2009-08-11 14:33:47,64.59,0.037,9368,"Orinoco, River",South America,Colombia,River,-67.6092,5.546
2009-09-15 14:33:43,62.533,0.002,9368,"Orinoco, River",South America,Colombia,River,-67.6092,5.546
2009-10-20 14:33:41,61.042,0.041,9368,"Orinoco, River",South America,Colombia,River,-67.6092,5.546
2009-11-24 14:33:40,57.894,0.037,9368,"Orinoco, River",South America,Colombia,River,-67.6092,5.546
2009-12-29 14:33:41,55.415,0.066,9368,"Orinoco, River",South America,Colombia,River,-67.6092,5.546
2010-02-02 14:33:40,53.458,0.067,9368,"Orinoco, River",South America,Colombia,River,-67.6092,5.546
2010-03-09 14:33:40,53.654,0.041,9368,"Orinoco, River",South America,Colombia,River,-67.6092,5.546
2010-04-13 14:33:39,55.941,0.01,9368,"Orinoco, River",South America,Colombia,River,-67.6092,5.546
2010-05-18 14:33:38,62.679,0.054,9368,"Orinoco, River",South America,Colombia,River,-67.6092,5.546
2010-06-22 14:33:37,63.918,0.017,9368,"Orinoco, River",South America,Colombia,River,-67.6092,5.546
2010-07-27 14:33:39,64.405,0.001,9368,"Orinoco, River",South America,Colombia,River,-67.6092,5.546
2010-08-31 14:33:39,64.599,0.001,9368,"Orinoco, River",South America,Colombia,River,-67.6092,5.546
2010-10-05 14:33:34,61.614,0.044,9368,"Orinoco, River",South America,Colombia,River,-67.6092,5.546
2013-04-04 22:38:48,56.317,0.002,9368,"Orinoco, River",South America,Colombia,River,-67.6092,5.546
2013-05-09 22:38:26,60.06,0.013,9368,"Orinoco, River",South America,Colombia,River,-67.6092,5.546
2013-06-13 22:38:06,63.316,0.007,9368,"Orinoco, River",South America,Colombia,River,-67.6092,5.546
2013-07-18 22:37:44,63.711,0.041,9368,"Orinoco, River",South America,Colombia,River,-67.6092,5.546
2013-08-22 22:37:46,63.93,0.014,9368,"Orinoco, River",South America,Colombia,River,-67.6092,5.546
2013-09-26 22:38:00,63.387,0.051,9368,"Orinoco, River",South America,Colombia,River,-67.6092,5.546
2013-10-31 22:38:00,61.24,0.005,9368,"Orinoco, River",South America,Colombia,River,-67.6092,5.546
2013-12-05 22:37:58,60.104,0.018,9368,"Orinoco, River",South America,Colombia,River,-67.6092,5.546
2014-01-09 22:37:57,55.83,0.02,9368,"Orinoco, River",South America,Colombia,River,-67.6092,5.546
2014-03-20 22:37:52,54.548,0.024,9368,"Orinoco, River",South America,Colombia,River,-67.6092,5.546
2014-04-24 22:37:50,57.482,0.02,9368,"Orinoco, River",South America,Colombia,River,-67.6092,5.546
2014-05-29 22:37:48,60.757,0.003,9368,"Orinoco, River",South America,Colombia,River,-67.6092,5.546
2014-07-03 22:37:45,63.974,0.01,9368,"Orinoco, River",South America,Colombia,River,-67.6092,5.546
2014-08-07 22:37:40,64.869,0.005,9368,"Orinoco, River",South America,Colombia,River,-67.6092,5.546
2014-09-11 22:37:37,64.225,0.001,9368,"Orinoco, River",South America,Colombia,River,-67.6092,5.546
2014-10-16 22:37:35,61.494,0.007,9368,"Orinoco, River",South America,Colombia,River,-67.6092,5.546
2014-11-20 22:37:32,61.3,0.001,9368,"Orinoco, River",South America,Colombia,River,-67.6092,5.546
2014-12-25 22:37:28,58.095,0.002,9368,"Orinoco, River",South America,Colombia,River,-67.6092,5.546
2015-01-29 22:37:26,55.428,0.002,9368,"Orinoco, River",South America,Colombia,River,-67.6092,5.546
2015-08-27 22:37:01,64.231,0.012,9368,"Orinoco, River",South America,Colombia,River,-67.6092,5.546
2015-10-01 22:36:59,61.59,0.015,9368,"Orinoco, River",South America,Colombia,River,-67.6092,5.546
2015-11-05 22:36:57,59.229,0.052,9368,"Orinoco, River",South America,Colombia,River,-67.6092,5.546
2015-12-10 22:36:47,59.017,0.026,9368,"Orinoco, River",South America,Colombia,River,-67.6092,5.546
2016-01-14 22:36:36,54.501,0.116,9368,"Orinoco, River",South America,Colombia,River,-67.6092,5.546
2016-03-24 22:36:31,53.726,0.017,9368,"Orinoco, River",South America,Colombia,River,-67.6092,5.546
2016-04-28 22:36:27,57.157,0.015,9368,"Orinoco, River",South America,Colombia,River,-67.6092,5.546
2016-05-15 02:28:11,64.42,0.014,23577,"Orinoco, River",South America,Colombia,River,-67.8679,5.2659
2016-06-11 02:28:11,66.5,0.01,23577,"Orinoco, River",South America,Colombia,River,-67.8679,5.2659
2016-07-08 02:28:12,68.801,0.017,23577,"Orinoco, River",South America,Colombia,River,-67.8679,5.2659
2016-08-04 02:28:11,69.158,0.016,23577,"Orinoco, River",South America,Colombia,River,-67.8679,5.2659
2016-08-31 02:28:08,68.482,0.011,23577,"Orinoco, River",South America,Colombia,River,-67.8679,5.2659
2016-09-27 02:28:15,66.136,0.016,23577,"Orinoco, River",South America,Colombia,River,-67.8679,5.2659
2016-10-24 02:28:13,64.366,0.026,23577,"Orinoco, River",South America,Colombia,River,-67.8679,5.2659
2016-11-20 02:28:11,63.101,0.002,23577,"Orinoco, River",South America,Colombia,River,-67.8679,5.2659
2016-12-17 02:28:08,62.492,0.004,23577,"Orinoco, River",South America,Colombia,River,-67.8679,5.2659
2017-01-13 02:28:11,61.979,0.001,23577,"Orinoco, River",South America,Colombia,River,-67.8679,5.2659
2017-02-09 02:28:12,59.831,0.015,23577,"Orinoco, River",South America,Colombia,River,-67.8679,5.2659
2017-03-08 02:28:10,59.187,0.007,23577,"Orinoco, River",South America,Colombia,River,-67.8679,5.2659
2017-04-04 02:28:14,60.695,0.002,23577,"Orinoco, River",South America,Colombia,River,-67.8679,5.2659
2017-05-01 02:28:17,61.962,0.035,23577,"Orinoco, River",South America,Colombia,River,-67.8679,5.2659
2017-05-28 02:28:21,65.127,0.052,23577,"Orinoco, River",South America,Colombia,River,-67.8679,5.2659
2017-06-24 02:28:21,67.216,0.032,23577,"Orinoco, River",South America,Colombia,River,-67.8679,5.2659
2017-07-21 02:28:18,68.909,0.006,23577,"Orinoco, River",South America,Colombia,River,-67.8679,5.2659
2017-08-17 02:28:15,68.871,0.025,23577,"Orinoco, River",South America,Colombia,River,-67.8679,5.2659
2017-09-13 02:28:13,65.449,0.011,23577,"Orinoco, River",South America,Colombia,River,-67.8679,5.2659
2017-10-10 02:28:16,64.467,0.023,23577,"Orinoco, River",South America,Colombia,River,-67.8679,5.2659
2017-11-06 02:28:18,63.921,0.016,23577,"Orinoco, River",South America,Colombia,River,-67.8679,5.2659
2017-12-03 02:28:14,62.525,0.003,23577,"Orinoco, River",South America,Colombia,River,-67.8679,5.2659
2017-12-30 02:28:17,59.628,0.016,23577,"Orinoco, River",South America,Colombia,River,-67.8679,5.2659
2018-01-26 02:28:19,60.16,0.015,23577,"Orinoco, River",South America,Colombia,River,-67.8679,5.2659
2018-02-22 02:28:19,58.42,0.013,23577,"Orinoco, River",South America,Colombia,River,-67.8679,5.2659
2018-03-21 02:28:17,58.052,0.005,23577,"Orinoco, River",South America,Colombia,River,-67.8679,5.2659
2018-04-17 02:28:21,59.86,0.0,23577,"Orinoco, River",South America,Colombia,River,-67.8679,5.2659
2018-05-14 02:28:22,65.106,0.019,23577,"Orinoco, River",South America,Colombia,River,-67.8679,5.2659
2018-06-10 02:28:23,67.806,0.006,23577,"Orinoco, River",South America,Colombia,River,-67.8679,5.2659
2018-07-07 02:28:22,69.537,0.007,23577,"Orinoco, River",South America,Colombia,River,-67.8679,5.2659
2018-08-03 02:28:19,71.031,0.012,23577,"Orinoco, River",South America,Colombia,River,-67.8679,5.2659
2018-08-30 02:28:16,69.907,0.002,23577,"Orinoco, River",South America,Colombia,River,-67.8679,5.2659
2018-09-26 02:28:21,68.312,0.026,23577,"Orinoco, River",South America,Colombia,River,-67.8679,5.2659
2018-10-23 02:28:23,63.599,0.009,23577,"Orinoco, River",South America,Colombia,River,-67.8679,5.2659
2018-11-19 02:28:21,62.966,0.002,23577,"Orinoco, River",South America,Colombia,River,-67.8679,5.2659
2018-12-16 02:28:17,60.915,0.018,23577,"Orinoco, River",South America,Colombia,River,-67.8679,5.2659
2019-01-12 02:28:20,59.104,0.001,23577,"Orinoco, River",South America,Colombia,River,-67.8679,5.2659
2019-02-08 02:28:21,58.973,0.016,23577,"Orinoco, River",South America,Colombia,River,-67.8679,5.2659
2019-03-07 02:28:19,58.308,0.005,23577,"Orinoco, River",South America,Colombia,River,-67.8679,5.2659
2019-04-03 02:28:23,59.042,0.008,23577,"Orinoco, River",South America,Colombia,River,-67.8679,5.2659
2019-04-30 02:28:27,60.344,0.035,23577,"Orinoco, River",South America,Colombia,River,-67.8679,5.2659
2019-05-27 02:28:27,64.661,0.01,23577,"Orinoco, River",South America,Colombia,River,-67.8679,5.2659
2019-06-23 02:28:26,67.219,0.008,23577,"Orinoco, River",South America,Colombia,River,-67.8679,5.2659
2019-07-20 02:28:26,68.872,0.025,23577,"Orinoco, River",South America,Colombia,River,-67.8679,5.2659
2019-08-16 02:28:23,69.185,0.043,23577,"Orinoco, River",South America,Colombia,River,-67.8679,5.2659
2019-09-12 02:28:23,68.244,0.004,23577,"Orinoco, River",South America,Colombia,River,-67.8679,5.2659
2019-10-09 02:28:25,64.593,0.021,23577,"Orinoco, River",South America,Colombia,River,-67.8679,5.2659
2019-11-05 02:28:24,64.732,0.014,23577,"Orinoco, River",South America,Colombia,River,-67.8679,5.2659
2019-12-02 02:28:20,63.258,0.012,23577,"Orinoco, River",South America,Colombia,River,-67.8679,5.2659
2019-12-29 02:28:21,62.349,0.0,23577,"Orinoco, River",South America,Colombia,River,-67.8679,5.2659
2020-01-25 02:28:23,59.716,0.018,23577,"Orinoco, River",South America,Colombia,River,-67.8679,5.2659
2020-02-21 02:28:23,58.496,0.055,23577,"Orinoco, River",South America,Colombia,River,-67.8679,5.2659
2020-03-19 02:28:23,58.215,0.008,23577,"Orinoco, River",South America,Colombia,River,-67.8679,5.2659
2020-04-15 02:28:29,59.07,0.002,23577,"Orinoco, River",South America,Colombia,River,-67.8679,5.2659
2020-05-12 02:28:31,61.063,0.046,23577,"Orinoco, River",South America,Colombia,River,-67.8679,5.2659
2020-06-08 02:28:30,64.754,0.007,23577,"Orinoco, River",South America,Colombia,River,-67.8679,5.2659
2020-07-05 02:28:29,67.097,0.003,23577,"Orinoco, River",South America,Colombia,River,-67.8679,5.2659
2020-08-01 02:28:29,67.961,0.021,23577,"Orinoco, River",South America,Colombia,River,-67.8679,5.2659
2020-08-28 02:28:25,66.686,0.01,23577,"Orinoco, River",South America,Colombia,River,-67.8679,5.2659
2020-09-24 02:28:27,64.384,0.015,23577,"Orinoco, River",South America,Colombia,River,-67.8679,5.2659
2020-10-21 02:28:29,64.116,0.06,23577,"Orinoco, River",South America,Colombia,River,-67.8679,5.2659
2020-11-17 02:28:26,63.981,0.005,23577,"Orinoco, River",South America,Colombia,River,-67.8679,5.2659
2020-12-14 02:28:22,64.125,0.012,23577,"Orinoco, River",South America,Colombia,River,-67.8679,5.2659
2021-01-10 02:28:28,61.975,0.043,23577,"Orinoco, River",South America,Colombia,River,-67.8679,5.2659
2021-02-06 02:28:30,59.621,0.088,23577,"Orinoco, River",South America,Colombia,River,-67.8679,5.2659
2021-03-05 02:28:28,59.105,0.033,23577,"Orinoco, River",South America,Colombia,River,-67.8679,5.2659
2021-04-01 02:28:30,60.49,0.023,23577,"Orinoco, River",South America,Colombia,River,-67.8679,5.2659
2021-04-28 02:28:34,63.361,0.04,23577,"Orinoco, River",South America,Colombia,River,-67.8679,5.2659
2021-05-25 02:28:34,66.32,0.018,23577,"Orinoco, River",South America,Colombia,River,-67.8679,5.2659
2021-06-21 02:28:36,68.513,0.018,23577,"Orinoco, River",South America,Colombia,River,-67.8679,5.2659
2021-07-18 02:28:35,68.572,0.005,23577,"Orinoco, River",South America,Colombia,River,-67.8679,5.2659
2021-08-14 02:28:31,68.942,0.02,23577,"Orinoco, River",South America,Colombia,River,-67.8679,5.2659
2021-09-10 02:28:30,68.093,0.011,23577,"Orinoco, River",South America,Colombia,River,-67.8679,5.2659
2021-10-07 02:28:33,66.574,0.005,23577,"Orinoco, River",South America,Colombia,River,-67.8679,5.2659
2021-11-03 02:28:32,64.989,0.029,23577,"Orinoco, River",South America,Colombia,River,-67.8679,5.2659
2021-11-30 02:28:32,62.674,0.014,23577,"Orinoco, River",South America,Colombia,River,-67.8679,5.2659
2021-12-27 02:28:32,61.33,0.005,23577,"Orinoco, River",South America,Colombia,River,-67.8679,5.2659
2022-02-19 02:28:34,58.657,0.004,23577,"Orinoco, River",South America,Colombia,River,-67.8679,5.2659
2022-03-18 02:28:33,59.854,0.033,23577,"Orinoco, River",South America,Colombia,River,-67.8679,5.2659
2022-04-14 02:28:35,61.027,0.002,23577,"Orinoco, River",South America,Colombia,River,-67.8679,5.2659
2022-05-11 02:28:37,63.657,0.003,23577,"Orinoco, River",South America,Colombia,River,-67.8679,5.2659
2022-06-07 02:28:36,66.971,0.007,23577,"Orinoco, River",South America,Colombia,River,-67.8679,5.2659
2022-07-04 02:28:35,68.44,0.054,23577,"Orinoco, River",South America,Colombia,River,-67.8679,5.2659
2022-07-31 02:28:31,69.264,0.001,23577,"Orinoco, River",South America,Colombia,River,-67.8679,5.2659
2022-08-27 02:28:28,68.688,0.017,23577,"Orinoco, River",South America,Colombia,River,-67.8679,5.2659
2022-09-23 02:28:32,66.923,0.001,23577,"Orinoco, River",South America,Colombia,River,-67.8679,5.2659
2022-10-20 02:28:31,64.206,0.0,23577,"Orinoco, River",South America,Colombia,River,-67.8679,5.2659
2022-11-16 02:28:28,64.084,0.018,23577,"Orinoco, River",South America,Colombia,River,-67.8679,5.2659
2022-12-13 02:28:26,62.92,0.002,23577,"Orinoco, River",South America,Colombia,River,-67.8679,5.2659
2023-01-09 02:28:29,59.721,0.006,23577,"Orinoco, River",South America,Colombia,River,-67.8679,5.2659
2023-02-05 02:28:31,59.315,0.017,23577,"Orinoco, River",South America,Colombia,River,-67.8679,5.2659
2023-03-04 02:28:28,58.826,0.031,23577,"Orinoco, River",South America,Colombia,River,-67.8679,5.2659
2023-03-31 02:28:34,59.358,0.035,23577,"Orinoco, River",South America,Colombia,River,-67.8679,5.2659
2023-04-27 02:28:34,60.916,0.004,23577,"Orinoco, River",South America,Colombia,River,-67.8679,5.2659
2023-05-24 02:28:33,63.778,0.028,23577,"Orinoco, River",South America,Colombia,River,-67.8679,5.2659
2023-06-20 02:28:30,66.393,0.03,23577,"Orinoco, River",South America,Colombia,River,-67.8679,5.2659
2023-07-17 02:28:28,67.711,0.026,23577,"Orinoco, River",South America,Colombia,River,-67.8679,5.2659
2023-08-13 02:28:23,68.018,0.036,23577,"Orinoco, River",South America,Colombia,River,-67.8679,5.2659
2023-09-09 02:28:26,65.496,0.016,23577,"Orinoco, River",South America,Colombia,River,-67.8679,5.2659
2023-10-06 02:28:27,62.394,0.008,23577,"Orinoco, River",South America,Colombia,River,-67.8679,5.2659
2023-11-02 02:28:27,60.883,0.026,23577,"Orinoco, River",South America,Colombia,River,-67.8679,5.2659
2023-11-29 02:28:23,61.408,0.006,23577,"Orinoco, River",South America,Colombia,River,-67.8679,5.2659
2023-12-26 02:28:29,59.778,0.021,23577,"Orinoco, River",South America,Colombia,River,-67.8679,5.2659
2024-01-22 02:28:29,59.127,0.027,23577,"Orinoco, River",South America,Colombia,River,-67.8679,5.2659
2024-02-18 02:28:29,58.758,0.014,23577,"Orinoco, River",South America,Colombia,River,-67.8679,5.2659
2024-03-16 02:28:29,58.166,0.002,23577,"Orinoco, River",South America,Colombia,River,-67.8679,5.2659
2024-04-12 02:28:33,59.04,0.008,23577,"Orinoco, River",South America,Colombia,River,-67.8679,5.2659
2024-05-09 02:28:34,61.631,0.155,23577,"Orinoco, River",South America,Colombia,River,-67.8679,5.2659
2024-06-05 02:28:36,65.891,0.006,23577,"Orinoco, River",South America,Colombia,River,-67.8679,5.2659
2024-07-02 02:28:34,68.207,0.016,23577,"Orinoco, River",South America,Colombia,River,-67.8679,5.2659
2024-07-29 02:28:31,68.949,0.036,23577,"Orinoco, River",South America,Colombia,River,-67.8679,5.2659
2024-08-25 02:28:28,67.324,0.015,23577,"Orinoco, River",South America,Colombia,River,-67.8679,5.2659
2024-09-21 02:28:28,64.261,0.014,23577,"Orinoco, River",South America,Colombia,River,-67.8679,5.2659
2024-10-18 02:28:30,61.742,0.001,23577,"Orinoco, River",South America,Colombia,River,-67.8679,5.2659
2024-11-14 02:28:28,60.786,0.011,23577,"Orinoco, River",South America,Colombia,River,-67.8679,5.2659
2024-12-11 02:28:25,61.633,0.012,23577,"Orinoco, River",South America,Colombia,River,-67.8679,5.2659
2025-01-07 02:28:28,61.375,0.019,23577,"Orinoco, River",South America,Colombia,River,-67.8679,5.2659
2025-02-03 02:28:31,59.649,0.0,23577,"Orinoco, River",South America,Colombia,River,-67.8679,5.2659
2025-03-02 02:28:30,59.443,0.001,23577,"Orinoco, River",South America,Colombia,River,-67.8679,5.2659
2025-03-29 02:28:31,60.782,0.003,23577,"Orinoco, River",South America,Colombia,River,-67.8679,5.2659
2025-04-25 02:28:35,63.009,0.013,23577,"Orinoco, River",South America,Colombia,River,-67.8679,5.2659
2025-05-22 02:28:38,65.369,0.012,23577,"Orinoco, River",South America,Colombia,River,-67.8679,5.2659
2025-06-18 02:28:38,68.443,0.004,23577,"Orinoco, River",South America,Colombia,River,-67.8679,5.2659
2025-07-15 02:28:38,70.111,0.036,23577,"Orinoco, River",South America,Colombia,River,-67.8679,5.2659
2025-08-11 02:28:37,70.066,0.022,23577,"Orinoco, River",South America,Colombia,River,-67.8679,5.2659
2025-09-07 02:28:33,68.987,0.002,23577,"Orinoco, River",South America,Colombia,River,-67.8679,5.2659
2025-10-04 02:28:37,66.621,0.015,23577,"Orinoco, River",South America,Colombia,River,-67.8679,5.2659
2025-10-31 02:28:39,64.433,0.015,23577,"Orinoco, River",South America,Colombia,River,-67.8679,5.2659
2025-11-27 02:28:37,64.082,0.006,23577,"Orinoco, River",South America,Colombia,River,-67.8679,5.2659
2016-06-01 14:22:07,121.542,0.019,23579,"Orinoco, River",South America,Venezuela,River,-65.155,2.6695
2016-06-28 14:22:09,122.326,0.017,23579,"Orinoco, River",South America,Venezuela,River,-65.155,2.6695
2016-07-25 14:22:08,122.119,0.312,23579,"Orinoco, River",South America,Venezuela,River,-65.155,2.6695
2016-08-21 14:22:07,121.329,0.015,23579,"Orinoco, River",South America,Venezuela,River,-65.155,2.6695
2016-09-17 14:22:10,122.561,0.01,23579,"Orinoco, River",South America,Venezuela,River,-65.155,2.6695
2016-10-14 14:22:11,120.768,0.042,23579,"Orinoco, River",South America,Venezuela,River,-65.155,2.6695
2016-11-10 14:22:08,120.581,0.454,23579,"Orinoco, River",South America,Venezuela,River,-65.155,2.6695
2016-12-07 14:22:05,119.764,0.013,23579,"Orinoco, River",South America,Venezuela,River,-65.155,2.6695
2017-01-03 14:22:07,120.692,0.055,23579,"Orinoco, River",South America,Venezuela,River,-65.155,2.6695
2017-01-30 14:22:09,120.542,0.081,23579,"Orinoco, River",South America,Venezuela,River,-65.155,2.6695
2017-02-26 14:22:08,121.181,0.193,23579,"Orinoco, River",South America,Venezuela,River,-65.155,2.6695
2017-03-25 14:22:09,122.214,0.048,23579,"Orinoco, River",South America,Venezuela,River,-65.155,2.6695
2017-04-21 14:22:13,121.609,0.079,23579,"Orinoco, River",South America,Venezuela,River,-65.155,2.6695
2017-05-18 14:22:17,123.051,0.029,23579,"Orinoco, River",South America,Venezuela,River,-65.155,2.6695
2017-06-14 14:22:18,122.909,0.002,23579,"Orinoco, River",South America,Venezuela,River,-65.155,2.6695
2017-07-11 14:22:15,123.266,0.031,23579,"Orinoco, River",South America,Venezuela,River,-65.155,2.6695
2017-08-07 14:22:14,123.601,0.008,23579,"Orinoco, River",South America,Venezuela,River,-65.155,2.6695
2017-09-03 14:22:09,121.932,0.024,23579,"Orinoco, River",South America,Venezuela,River,-65.155,2.6695
2017-09-30 14:22:12,121.667,0.036,23579,"Orinoco, River",South America,Venezuela,River,-65.155,2.6695
2017-10-27 14:22:15,120.847,0.03,23579,"Orinoco, River",South America,Venezuela,River,-65.155,2.6695
2017-11-23 14:22:12,120.134,0.016,23579,"Orinoco, River",South America,Venezuela,River,-65.155,2.6695
2017-12-20 14:22:12,120.314,0.031,23579,"Orinoco, River",South America,Venezuela,River,-65.155,2.6695
2018-01-16 14:22:16,119.846,0.041,23579,"Orinoco, River",South America,Venezuela,River,-65.155,2.6695
2018-02-12 14:22:16,119.383,0.028,23579,"Orinoco, River",South America,Venezuela,River,-65.155,2.6695
2018-03-11 14:22:13,119.78,0.011,23579,"Orinoco, River",South America,Venezuela,River,-65.155,2.6695
2018-04-07 14:22:17,119.748,0.004,23579,"Orinoco, River",South America,Venezuela,River,-65.155,2.6695
2018-05-04 14:22:19,122.841,0.001,23579,"Orinoco, River",South America,Venezuela,River,-65.155,2.6695
2018-05-31 14:22:19,125.126,0.064,23579,"Orinoco, River",South America,Venezuela,River,-65.155,2.6695
2018-06-27 14:22:20,125.385,0.016,23579,"Orinoco, River",South America,Venezuela,River,-65.155,2.6695
2018-07-24 14:22:17,123.225,0.032,23579,"Orinoco, River",South America,Venezuela,River,-65.155,2.6695
2018-08-20 14:22:14,122.293,0.024,23579,"Orinoco, River",South America,Venezuela,River,-65.155,2.6695
2018-09-16 14:22:16,123.103,0.015,23579,"Orinoco, River",South America,Venezuela,River,-65.155,2.6695
2018-10-13 14:22:19,120.748,0.058,23579,"Orinoco, River",South America,Venezuela,River,-65.155,2.6695
2018-11-09 14:22:19,120.626,0.002,23579,"Orinoco, River",South America,Venezuela,River,-65.155,2.6695
2018-12-06 14:22:15,120.478,0.016,23579,"Orinoco, River",South America,Venezuela,River,-65.155,2.6695
2019-01-02 14:22:16,119.62,0.103,23579,"Orinoco, River",South America,Venezuela,River,-65.155,2.6695
2019-01-29 14:22:18,119.814,0.024,23579,"Orinoco, River",South America,Venezuela,River,-65.155,2.6695
2019-02-25 14:22:18,119.399,0.025,23579,"Orinoco, River",South America,Venezuela,River,-65.155,2.6695
2019-03-24 14:22:18,119.0,0.001,23579,"Orinoco, River",South America,Venezuela,River,-65.155,2.6695
2019-04-20 14:22:23,120.149,0.041,23579,"Orinoco, River",South America,Venezuela,River,-65.155,2.6695
2019-05-17 14:22:24,122.65,0.088,23579,"Orinoco, River",South America,Venezuela,River,-65.155,2.6695
2019-06-13 14:22:23,123.618,0.066,23579,"Orinoco, River",South America,Venezuela,River,-65.155,2.6695
2019-07-10 14:22:23,122.625,0.012,23579,"Orinoco, River",South America,Venezuela,River,-65.155,2.6695
2019-08-06 14:22:21,124.031,0.004,23579,"Orinoco, River",South America,Venezuela,River,-65.155,2.6695
2019-09-02 14:22:18,122.626,0.018,23579,"Orinoco, River",South America,Venezuela,River,-65.155,2.6695
2019-09-29 14:22:21,121.858,0.003,23579,"Orinoco, River",South America,Venezuela,River,-65.155,2.6695
2019-10-26 14:22:22,121.698,0.057,23579,"Orinoco, River",South America,Venezuela,River,-65.155,2.6695
2019-11-22 14:22:18,121.214,0.003,23579,"Orinoco, River",South America,Venezuela,River,-65.155,2.6695
2019-12-19 14:22:17,121.203,0.011,23579,"Orinoco, River",South America,Venezuela,River,-65.155,2.6695
2020-01-15 14:22:20,119.923,0.042,23579,"Orinoco, River",South America,Venezuela,River,-65.155,2.6695
2020-02-11 14:22:20,119.497,0.013,23579,"Orinoco, River",South America,Venezuela,River,-65.155,2.6695
2020-03-09 14:22:18,119.715,0.004,23579,"Orinoco, River",South America,Venezuela,River,-65.155,2.6695
2020-04-05 14:22:24,120.177,0.044,23579,"Orinoco, River",South America,Venezuela,River,-65.155,2.6695
2020-05-02 14:22:27,121.109,0.002,23579,"Orinoco, River",South America,Venezuela,River,-65.155,2.6695
2020-05-29 14:22:27,122.141,0.025,23579,"Orinoco, River",South America,Venezuela,River,-65.155,2.6695
2020-06-25 14:22:26,123.526,0.022,23579,"Orinoco, River",South America,Venezuela,River,-65.155,2.6695
2020-07-22 14:22:26,123.54,0.039,23579,"Orinoco, River",South America,Venezuela,River,-65.155,2.6695
2020-08-18 14:22:24,122.996,0.04,23579,"Orinoco, River",South America,Venezuela,River,-65.155,2.6695
2020-09-14 14:22:23,122.209,0.033,23579,"Orinoco, River",South America,Venezuela,River,-65.155,2.6695
2020-10-11 14:22:25,121.526,0.006,23579,"Orinoco, River",South America,Venezuela,River,-65.155,2.6695
2020-11-07 14:22:24,122.422,0.009,23579,"Orinoco, River",South America,Venezuela,River,-65.155,2.6695
2020-12-04 14:22:19,122.356,0.017,23579,"Orinoco, River",South America,Venezuela,River,-65.155,2.6695
2020-12-31 14:22:23,122.57,0.0,23579,"Orinoco, River",South America,Venezuela,River,-65.155,2.6695
2021-01-27 14:22:27,121.482,0.065,23579,"Orinoco, River",South America,Venezuela,River,-65.155,2.6695
2021-02-23 14:22:26,120.312,0.008,23579,"Orinoco, River",South America,Venezuela,River,-65.155,2.6695
2021-03-22 14:22:24,121.321,0.005,23579,"Orinoco, River",South America,Venezuela,River,-65.155,2.6695
2021-04-18 14:22:30,122.603,0.06,23579,"Orinoco, River",South America,Venezuela,River,-65.155,2.6695
2021-05-15 14:22:32,124.045,0.035,23579,"Orinoco, River",South America,Venezuela,River,-65.155,2.6695
2021-06-11 14:22:32,124.808,0.055,23579,"Orinoco, River",South America,Venezuela,River,-65.155,2.6695
2021-07-08 14:22:33,124.059,0.041,23579,"Orinoco, River",South America,Venezuela,River,-65.155,2.6695
2021-08-04 14:22:29,124.129,0.066,23579,"Orinoco, River",South America,Venezuela,River,-65.155,2.6695
2021-08-31 14:22:27,123.716,0.031,23579,"Orinoco, River",South America,Venezuela,River,-65.155,2.6695
2021-09-27 14:22:30,122.951,0.004,23579,"Orinoco, River",South America,Venezuela,River,-65.155,2.6695
2021-10-24 14:22:30,123.101,0.055,23579,"Orinoco, River",South America,Venezuela,River,-65.155,2.6695
2021-11-20 14:22:29,122.288,0.024,23579,"Orinoco, River",South America,Venezuela,River,-65.155,2.6695
2021-12-17 14:22:27,122.648,0.001,23579,"Orinoco, River",South America,Venezuela,River,-65.155,2.6695
2022-01-13 14:22:31,120.94,0.002,23579,"Orinoco, River",South America,Venezuela,River,-65.155,2.6695
2022-02-09 14:22:33,120.701,0.006,23579,"Orinoco, River",South America,Venezuela,River,-65.155,2.6695
2022-03-08 14:22:30,121.773,0.013,23579,"Orinoco, River",South America,Venezuela,River,-65.155,2.6695
2022-04-04 14:22:32,122.04,0.037,23579,"Orinoco, River",South America,Venezuela,River,-65.155,2.6695
2022-05-01 14:22:35,122.906,0.043,23579,"Orinoco, River",South America,Venezuela,River,-65.155,2.6695
2022-05-28 14:22:33,123.966,0.004,23579,"Orinoco, River",South America,Venezuela,River,-65.155,2.6695
2022-06-24 14:22:32,126.089,0.039,23579,"Orinoco, River",South America,Venezuela,River,-65.155,2.6695
2022-07-21 14:22:28,123.842,0.183,23579,"Orinoco, River",South America,Venezuela,River,-65.155,2.6695
2022-08-17 14:22:26,123.424,0.027,23579,"Orinoco, River",South America,Venezuela,River,-65.155,2.6695
2022-09-13 14:22:28,123.512,0.01,23579,"Orinoco, River",South America,Venezuela,River,-65.155,2.6695
2022-10-10 14:22:28,121.939,0.029,23579,"Orinoco, River",South America,Venezuela,River,-65.155,2.6695
2022-11-06 14:22:27,123.007,0.019,23579,"Orinoco, River",South America,Venezuela,River,-65.155,2.6695
2022-12-03 14:22:23,123.42,0.027,23579,"Orinoco, River",South America,Venezuela,River,-65.155,2.6695
2022-12-30 14:22:24,121.019,0.046,23579,"Orinoco, River",South America,Venezuela,River,-65.155,2.6695
2023-01-26 14:22:28,122.272,0.01,23579,"Orinoco, River",South America,Venezuela,River,-65.155,2.6695
2023-02-22 14:22:25,121.485,0.007,23579,"Orinoco, River",South America,Venezuela,River,-65.155,2.6695
2023-03-21 14:22:29,121.227,0.041,23579,"Orinoco, River",South America,Venezuela,River,-65.155,2.6695
2023-04-17 14:22:32,120.506,0.001,23579,"Orinoco, River",South America,Venezuela,River,-65.155,2.6695
2023-05-14 14:22:30,123.743,0.021,23579,"Orinoco, River",South America,Venezuela,River,-65.155,2.6695
2023-06-10 14:22:28,122.735,0.049,23579,"Orinoco, River",South America,Venezuela,River,-65.155,2.6695
2023-07-07 14:22:25,123.885,0.016,23579,"Orinoco, River",South America,Venezuela,River,-65.155,2.6695
2023-08-03 14:22:22,123.323,0.023,23579,"Orinoco, River",South America,Venezuela,River,-65.155,2.6695
2023-08-30 14:22:21,122.129,0.004,23579,"Orinoco, River",South America,Venezuela,River,-65.155,2.6695
2023-09-26 14:22:22,120.607,0.076,23579,"Orinoco, River",South America,Venezuela,River,-65.155,2.6695
2023-10-23 14:22:24,120.522,0.009,23579,"Orinoco, River",South America,Venezuela,River,-65.155,2.6695
2023-11-19 14:22:22,119.99,0.007,23579,"Orinoco, River",South America,Venezuela,River,-65.155,2.6695
2023-12-16 14:22:24,119.89,0.008,23579,"Orinoco, River",South America,Venezuela,River,-65.155,2.6695
2024-01-12 14:22:26,119.623,0.008,23579,"Orinoco, River",South America,Venezuela,River,-65.155,2.6695
2024-02-08 14:22:27,119.436,0.026,23579,"Orinoco, River",South America,Venezuela,River,-65.155,2.6695
2024-03-06 14:22:24,119.459,0.001,23579,"Orinoco, River",South America,Venezuela,River,-65.155,2.6695
2024-04-02 14:22:28,119.552,0.006,23579,"Orinoco, River",South America,Venezuela,River,-65.155,2.6695
2024-04-29 14:22:30,120.794,0.023,23579,"Orinoco, River",South America,Venezuela,River,-65.155,2.6695
2024-05-26 14:22:30,121.648,0.009,23579,"Orinoco, River",South America,Venezuela,River,-65.155,2.6695
2024-06-22 14:22:30,123.767,0.064,23579,"Orinoco, River",South America,Venezuela,River,-65.155,2.6695
2024-07-19 14:22:29,123.338,0.031,23579,"Orinoco, River",South America,Venezuela,River,-65.155,2.6695
2024-08-15 14:22:25,122.64,0.026,23579,"Orinoco, River",South America,Venezuela,River,-65.155,2.6695
2024-09-11 14:22:23,121.334,0.025,23579,"Orinoco, River",South America,Venezuela,River,-65.155,2.6695
2024-10-08 14:22:27,120.816,0.017,23579,"Orinoco, River",South America,Venezuela,River,-65.155,2.6695
2024-11-04 14:22:27,120.217,0.009,23579,"Orinoco, River",South America,Venezuela,River,-65.155,2.6695
2024-12-01 14:22:24,120.342,0.004,23579,"Orinoco, River",South America,Venezuela,River,-65.155,2.6695
2024-12-28 14:22:24,120.297,0.02,23579,"Orinoco, River",South America,Venezuela,River,-65.155,2.6695
2025-01-24 14:22:29,119.661,0.007,23579,"Orinoco, River",South America,Venezuela,River,-65.155,2.6695
2025-02-20 14:22:29,120.697,0.021,23579,"Orinoco, River",South America,Venezuela,River,-65.155,2.6695
2025-03-19 14:22:27,121.974,0.012,23579,"Orinoco, River",South America,Venezuela,River,-65.155,2.6695
2025-04-15 14:22:33,121.877,0.024,23579,"Orinoco, River",South America,Venezuela,River,-65.155,2.6695
2025-05-12 14:22:34,122.383,0.008,23579,"Orinoco, River",South America,Venezuela,River,-65.155,2.6695
2025-06-08 14:22:34,123.279,0.02,23579,"Orinoco, River",South America,Venezuela,River,-65.155,2.6695
2025-07-05 14:22:35,122.717,0.015,23579,"Orinoco, River",South America,Venezuela,River,-65.155,2.6695
2025-08-01 14:22:35,123.687,0.015,23579,"Orinoco, River",South America,Venezuela,River,-65.155,2.6695
2025-08-28 14:22:32,122.411,0.026,23579,"Orinoco, River",South America,Venezuela,River,-65.155,2.6695
2025-09-24 14:22:34,121.764,0.017,23579,"Orinoco, River",South America,Venezuela,River,-65.155,2.6695
2025-10-21 14:22:35,121.521,0.013,23579,"Orinoco, River",South America,Venezuela,River,-65.155,2.6695
2025-11-17 14:22:34,121.868,0.053,23579,"Orinoco, River",South America,Venezuela,River,-65.155,2.6695
2008-07-25 10:16:20,20.038,0.011,9223,"Orinoco, River",South America,Venezuela,River,-64.4406,8.0169
2008-08-04 08:14:52,21.067,0.044,9223,"Orinoco, River",South America,Venezuela,River,-64.4406,8.0169
2008-08-14 06:13:23,21.73,0.015,9223,"Orinoco, River",South America,Venezuela,River,-64.4406,8.0169
2008-08-24 04:11:54,21.548,0.009,9223,"Orinoco, River",South America,Venezuela,River,-64.4406,8.0169
2008-09-03 02:10:26,21.484,0.008,9223,"Orinoco, River",South America,Venezuela,River,-64.4406,8.0169
2008-09-13 00:08:59,14.378,0.115,9223,"Orinoco, River",South America,Venezuela,River,-64.4406,8.0169
2008-09-22 22:07:30,20.173,0.092,9223,"Orinoco, River",South America,Venezuela,River,-64.4406,8.0169
2008-10-02 20:06:02,19.644,0.024,9223,"Orinoco, River",South America,Venezuela,River,-64.4406,8.0169
2008-10-12 18:04:34,18.581,0.009,9223,"Orinoco, River",South America,Venezuela,River,-64.4406,8.0169
2008-10-22 16:03:06,17.909,0.094,9223,"Orinoco, River",South America,Venezuela,River,-64.4406,8.0169
2008-11-01 14:01:38,17.27,0.017,9223,"Orinoco, River",South America,Venezuela,River,-64.4406,8.0169
2008-11-11 12:00:09,16.498,0.015,9223,"Orinoco, River",South America,Venezuela,River,-64.4406,8.0169
2008-11-21 09:58:41,16.374,0.052,9223,"Orinoco, River",South America,Venezuela,River,-64.4406,8.0169
2008-12-01 07:57:12,16.736,0.029,9223,"Orinoco, River",South America,Venezuela,River,-64.4406,8.0169
2008-12-11 05:55:43,16.163,0.008,9223,"Orinoco, River",South America,Venezuela,River,-64.4406,8.0169
2008-12-21 03:54:14,15.337,0.051,9223,"Orinoco, River",South America,Venezuela,River,-64.4406,8.0169
2008-12-31 01:52:46,14.207,0.077,9223,"Orinoco, River",South America,Venezuela,River,-64.4406,8.0169
2009-01-09 23:51:18,11.953,0.133,9223,"Orinoco, River",South America,Venezuela,River,-64.4406,8.0169
2009-01-19 21:49:50,11.855,0.039,9223,"Orinoco, River",South America,Venezuela,River,-64.4406,8.0169
2009-01-29 19:48:22,11.421,0.039,9223,"Orinoco, River",South America,Venezuela,River,-64.4406,8.0169
2009-02-08 17:46:54,11.159,0.027,9223,"Orinoco, River",South America,Venezuela,River,-64.4406,8.0169
2009-02-18 15:45:26,11.378,0.047,9223,"Orinoco, River",South America,Venezuela,River,-64.4406,8.0169
2009-02-28 13:43:57,10.468,0.048,9223,"Orinoco, River",South America,Venezuela,River,-64.4406,8.0169
2009-03-10 11:42:29,10.106,0.034,9223,"Orinoco, River",South America,Venezuela,River,-64.4406,8.0169
2009-03-20 09:41:00,10.042,0.015,9223,"Orinoco, River",South America,Venezuela,River,-64.4406,8.0169
2009-03-30 07:39:31,10.617,0.024,9223,"Orinoco, River",South America,Venezuela,River,-64.4406,8.0169
2009-04-09 05:38:02,10.762,0.017,9223,"Orinoco, River",South America,Venezuela,River,-64.4406,8.0169
2009-04-19 03:36:33,11.005,0.08,9223,"Orinoco, River",South America,Venezuela,River,-64.4406,8.0169
2009-04-29 01:35:04,11.063,0.015,9223,"Orinoco, River",South America,Venezuela,River,-64.4406,8.0169
2009-05-08 23:33:35,12.607,0.01,9223,"Orinoco, River",South America,Venezuela,River,-64.4406,8.0169
2009-05-18 21:32:07,13.136,0.018,9223,"Orinoco, River",South America,Venezuela,River,-64.4406,8.0169
2009-05-28 19:30:39,12.799,0.038,9223,"Orinoco, River",South America,Venezuela,River,-64.4406,8.0169
2009-06-07 17:29:11,12.673,0.029,9223,"Orinoco, River",South America,Venezuela,River,-64.4406,8.0169
2009-06-17 15:27:43,13.831,0.024,9223,"Orinoco, River",South America,Venezuela,River,-64.4406,8.0169
2009-06-27 13:26:15,15.778,0.043,9223,"Orinoco, River",South America,Venezuela,River,-64.4406,8.0169
2009-07-07 11:24:46,16.669,0.104,9223,"Orinoco, River",South America,Venezuela,River,-64.4406,8.0169
2009-07-17 09:23:18,17.851,0.014,9223,"Orinoco, River",South America,Venezuela,River,-64.4406,8.0169
2009-07-27 07:21:49,18.49,0.01,9223,"Orinoco, River",South America,Venezuela,River,-64.4406,8.0169
2009-08-06 05:20:20,19.334,0.044,9223,"Orinoco, River",South America,Venezuela,River,-64.4406,8.0169
2009-08-16 03:18:52,20.044,0.014,9223,"Orinoco, River",South America,Venezuela,River,-64.4406,8.0169
2009-08-26 01:17:23,19.994,0.072,9223,"Orinoco, River",South America,Venezuela,River,-64.4406,8.0169
2009-09-04 23:15:55,19.923,0.021,9223,"Orinoco, River",South America,Venezuela,River,-64.4406,8.0169
2009-09-14 21:14:27,19.281,0.021,9223,"Orinoco, River",South America,Venezuela,River,-64.4406,8.0169
2009-09-24 19:12:59,17.117,0.04,9223,"Orinoco, River",South America,Venezuela,River,-64.4406,8.0169
2009-10-04 17:11:31,17.236,0.032,9223,"Orinoco, River",South America,Venezuela,River,-64.4406,8.0169
2009-10-14 15:10:02,16.336,0.001,9223,"Orinoco, River",South America,Venezuela,River,-64.4406,8.0169
2009-10-24 13:08:34,15.26,0.032,9223,"Orinoco, River",South America,Venezuela,River,-64.4406,8.0169
2009-11-03 11:07:05,14.622,0.082,9223,"Orinoco, River",South America,Venezuela,River,-64.4406,8.0169
2009-11-13 09:05:36,13.683,0.134,9223,"Orinoco, River",South America,Venezuela,River,-64.4406,8.0169
2009-11-23 07:04:08,11.971,0.067,9223,"Orinoco, River",South America,Venezuela,River,-64.4406,8.0169
2009-12-03 05:02:39,12.352,0.248,9223,"Orinoco, River",South America,Venezuela,River,-64.4406,8.0169
2009-12-13 03:01:10,10.957,0.092,9223,"Orinoco, River",South America,Venezuela,River,-64.4406,8.0169
2009-12-23 00:59:41,10.342,0.08,9223,"Orinoco, River",South America,Venezuela,River,-64.4406,8.0169
2010-01-01 22:58:14,10.191,0.015,9223,"Orinoco, River",South America,Venezuela,River,-64.4406,8.0169
2010-01-11 20:56:46,9.117,0.014,9223,"Orinoco, River",South America,Venezuela,River,-64.4406,8.0169
2010-01-21 18:55:18,8.885,0.015,9223,"Orinoco, River",South America,Venezuela,River,-64.4406,8.0169
2010-01-31 16:53:50,8.466,0.096,9223,"Orinoco, River",South America,Venezuela,River,-64.4406,8.0169
2010-02-10 14:52:22,8.878,0.004,9223,"Orinoco, River",South America,Venezuela,River,-64.4406,8.0169
2010-02-20 12:50:53,8.237,0.364,9223,"Orinoco, River",South America,Venezuela,River,-64.4406,8.0169
2010-03-02 10:49:25,7.3,0.211,9223,"Orinoco, River",South America,Venezuela,River,-64.4406,8.0169
2010-03-12 08:47:56,7.679,0.011,9223,"Orinoco, River",South America,Venezuela,River,-64.4406,8.0169
2010-03-22 06:46:27,8.434,0.005,9223,"Orinoco, River",South America,Venezuela,River,-64.4406,8.0169
2010-04-01 04:44:58,8.315,0.075,9223,"Orinoco, River",South America,Venezuela,River,-64.4406,8.0169
2010-04-11 02:43:29,8.586,0.055,9223,"Orinoco, River",South America,Venezuela,River,-64.4406,8.0169
2010-04-30 22:40:32,14.168,0.009,9223,"Orinoco, River",South America,Venezuela,River,-64.4406,8.0169
2010-05-10 20:39:04,14.506,0.027,9223,"Orinoco, River",South America,Venezuela,River,-64.4406,8.0169
2010-05-20 18:37:35,15.961,0.017,9223,"Orinoco, River",South America,Venezuela,River,-64.4406,8.0169
2010-05-30 16:36:07,16.794,0.001,9223,"Orinoco, River",South America,Venezuela,River,-64.4406,8.0169
2010-06-09 14:34:38,17.532,0.023,9223,"Orinoco, River",South America,Venezuela,River,-64.4406,8.0169
2010-06-19 12:33:10,18.953,0.002,9223,"Orinoco, River",South America,Venezuela,River,-64.4406,8.0169
2010-06-29 10:31:41,19.55,0.002,9223,"Orinoco, River",South America,Venezuela,River,-64.4406,8.0169
2010-07-09 08:30:12,20.366,0.034,9223,"Orinoco, River",South America,Venezuela,River,-64.4406,8.0169
2010-07-19 06:28:43,21.388,0.025,9223,"Orinoco, River",South America,Venezuela,River,-64.4406,8.0169
2010-07-29 04:27:15,21.522,0.015,9223,"Orinoco, River",South America,Venezuela,River,-64.4406,8.0169
2010-08-08 02:25:47,22.652,0.003,9223,"Orinoco, River",South America,Venezuela,River,-64.4406,8.0169
2010-08-18 00:24:19,22.053,0.16,9223,"Orinoco, River",South America,Venezuela,River,-64.4406,8.0169
2010-08-27 22:22:50,22.555,0.004,9223,"Orinoco, River",South America,Venezuela,River,-64.4406,8.0169
2010-09-06 20:21:22,22.117,0.001,9223,"Orinoco, River",South America,Venezuela,River,-64.4406,8.0169
2010-09-16 18:19:54,21.508,0.007,9223,"Orinoco, River",South America,Venezuela,River,-64.4406,8.0169
2010-09-26 16:18:25,20.274,0.058,9223,"Orinoco, River",South America,Venezuela,River,-64.4406,8.0169
2010-10-06 14:16:57,19.528,0.037,9223,"Orinoco, River",South America,Venezuela,River,-64.4406,8.0169
2010-10-16 12:15:28,18.276,0.026,9223,"Orinoco, River",South America,Venezuela,River,-64.4406,8.0169
2010-10-26 10:13:58,16.962,0.017,9223,"Orinoco, River",South America,Venezuela,River,-64.4406,8.0169
2010-11-05 08:12:29,16.373,0.004,9223,"Orinoco, River",South America,Venezuela,River,-64.4406,8.0169
2010-11-15 06:11:01,15.439,0.059,9223,"Orinoco, River",South America,Venezuela,River,-64.4406,8.0169
2010-11-25 04:09:33,16.295,0.001,9223,"Orinoco, River",South America,Venezuela,River,-64.4406,8.0169
2010-12-05 02:08:05,16.816,0.01,9223,"Orinoco, River",South America,Venezuela,River,-64.4406,8.0169
2010-12-15 00:06:37,15.9,0.001,9223,"Orinoco, River",South America,Venezuela,River,-64.4406,8.0169
2010-12-24 22:05:09,14.314,0.014,9223,"Orinoco, River",South America,Venezuela,River,-64.4406,8.0169
2011-01-03 20:03:40,13.209,0.042,9223,"Orinoco, River",South America,Venezuela,River,-64.4406,8.0169
2011-01-13 18:02:12,12.856,0.113,9223,"Orinoco, River",South America,Venezuela,River,-64.4406,8.0169
2011-01-23 16:00:43,13.686,0.079,9223,"Orinoco, River",South America,Venezuela,River,-64.4406,8.0169
2011-02-02 13:59:15,10.703,0.007,9223,"Orinoco, River",South America,Venezuela,River,-64.4406,8.0169
2011-02-12 11:57:45,9.79,0.177,9223,"Orinoco, River",South America,Venezuela,River,-64.4406,8.0169
2011-02-22 09:56:16,9.124,0.002,9223,"Orinoco, River",South America,Venezuela,River,-64.4406,8.0169
2011-03-04 07:54:47,9.152,0.117,9223,"Orinoco, River",South America,Venezuela,River,-64.4406,8.0169
2011-03-14 05:53:19,10.408,0.098,9223,"Orinoco, River",South America,Venezuela,River,-64.4406,8.0169
2011-03-24 03:51:52,10.606,0.051,9223,"Orinoco, River",South America,Venezuela,River,-64.4406,8.0169
2011-04-03 01:50:23,10.205,0.046,9223,"Orinoco, River",South America,Venezuela,River,-64.4406,8.0169
2011-04-12 23:48:55,10.388,0.037,9223,"Orinoco, River",South America,Venezuela,River,-64.4406,8.0169
2011-04-22 21:47:26,11.599,0.174,9223,"Orinoco, River",South America,Venezuela,River,-64.4406,8.0169
2011-05-02 19:45:57,13.482,0.079,9223,"Orinoco, River",South America,Venezuela,River,-64.4406,8.0169
2011-05-12 17:44:29,14.848,0.035,9223,"Orinoco, River",South America,Venezuela,River,-64.4406,8.0169
2011-05-22 15:42:59,16.631,0.061,9223,"Orinoco, River",South America,Venezuela,River,-64.4406,8.0169
2011-06-01 13:41:31,18.136,0.037,9223,"Orinoco, River",South America,Venezuela,River,-64.4406,8.0169
2011-06-11 11:40:03,18.621,0.122,9223,"Orinoco, River",South America,Venezuela,River,-64.4406,8.0169
2011-06-21 09:38:35,19.263,0.039,9223,"Orinoco, River",South America,Venezuela,River,-64.4406,8.0169
2011-07-01 07:37:07,20.072,0.023,9223,"Orinoco, River",South America,Venezuela,River,-64.4406,8.0169
2011-07-11 05:35:39,20.61,0.011,9223,"Orinoco, River",South America,Venezuela,River,-64.4406,8.0169
2011-07-21 03:34:10,20.991,0.03,9223,"Orinoco, River",South America,Venezuela,River,-64.4406,8.0169
2011-07-31 01:32:41,21.833,0.02,9223,"Orinoco, River",South America,Venezuela,River,-64.4406,8.0169
2011-08-09 23:31:12,22.332,0.001,9223,"Orinoco, River",South America,Venezuela,River,-64.4406,8.0169
2011-08-19 21:29:43,22.148,0.007,9223,"Orinoco, River",South America,Venezuela,River,-64.4406,8.0169
2011-08-29 19:28:14,21.843,0.077,9223,"Orinoco, River",South America,Venezuela,River,-64.4406,8.0169
2011-09-08 17:26:46,20.616,0.251,9223,"Orinoco, River",South America,Venezuela,River,-64.4406,8.0169
2011-09-18 15:25:18,19.876,0.016,9223,"Orinoco, River",South America,Venezuela,River,-64.4406,8.0169
2011-09-28 13:23:50,19.548,0.004,9223,"Orinoco, River",South America,Venezuela,River,-64.4406,8.0169
2011-10-08 11:22:21,18.329,0.053,9223,"Orinoco, River",South America,Venezuela,River,-64.4406,8.0169
2011-10-18 09:20:52,18.245,0.1,9223,"Orinoco, River",South America,Venezuela,River,-64.4406,8.0169
2011-10-28 07:19:23,17.58,0.05,9223,"Orinoco, River",South America,Venezuela,River,-64.4406,8.0169
2011-11-07 05:17:55,17.195,0.04,9223,"Orinoco, River",South America,Venezuela,River,-64.4406,8.0169
2011-11-17 03:16:27,16.841,0.026,9223,"Orinoco, River",South America,Venezuela,River,-64.4406,8.0169
2011-11-27 01:14:59,17.269,0.003,9223,"Orinoco, River",South America,Venezuela,River,-64.4406,8.0169
2011-12-06 23:13:30,16.941,0.054,9223,"Orinoco, River",South America,Venezuela,River,-64.4406,8.0169
2011-12-16 21:12:01,16.354,0.098,9223,"Orinoco, River",South America,Venezuela,River,-64.4406,8.0169
2011-12-26 19:10:33,16.006,0.04,9223,"Orinoco, River",South America,Venezuela,River,-64.4406,8.0169
2012-01-05 17:09:06,14.631,0.065,9223,"Orinoco, River",South America,Venezuela,River,-64.4406,8.0169
2012-01-15 15:07:38,13.303,0.054,9223,"Orinoco, River",South America,Venezuela,River,-64.4406,8.0169
2012-01-25 13:06:09,12.23,0.068,9223,"Orinoco, River",South America,Venezuela,River,-64.4406,8.0169
2012-02-04 11:04:41,10.624,0.319,9223,"Orinoco, River",South America,Venezuela,River,-64.4406,8.0169
2012-02-14 09:03:12,10.482,0.003,9223,"Orinoco, River",South America,Venezuela,River,-64.4406,8.0169
2012-02-24 07:01:43,10.509,0.282,9223,"Orinoco, River",South America,Venezuela,River,-64.4406,8.0169
2012-03-05 05:00:13,9.953,0.006,9223,"Orinoco, River",South America,Venezuela,River,-64.4406,8.0169
2012-03-15 02:58:45,9.951,0.018,9223,"Orinoco, River",South America,Venezuela,River,-64.4406,8.0169
2012-03-25 00:57:17,10.505,0.082,9223,"Orinoco, River",South America,Venezuela,River,-64.4406,8.0169
2012-04-03 22:55:49,11.518,0.01,9223,"Orinoco, River",South America,Venezuela,River,-64.4406,8.0169
2012-04-13 20:54:21,13.168,0.123,9223,"Orinoco, River",South America,Venezuela,River,-64.4406,8.0169
2012-04-23 18:52:52,14.49,0.026,9223,"Orinoco, River",South America,Venezuela,River,-64.4406,8.0169
2012-05-03 16:51:23,15.987,0.011,9223,"Orinoco, River",South America,Venezuela,River,-64.4406,8.0169
2012-05-13 14:49:54,17.312,0.043,9223,"Orinoco, River",South America,Venezuela,River,-64.4406,8.0169
2012-05-23 12:48:26,17.645,0.022,9223,"Orinoco, River",South America,Venezuela,River,-64.4406,8.0169
2012-06-02 10:46:58,18.088,0.022,9223,"Orinoco, River",South America,Venezuela,River,-64.4406,8.0169
2012-06-12 08:45:30,18.287,0.004,9223,"Orinoco, River",South America,Venezuela,River,-64.4406,8.0169
2012-06-22 06:44:01,18.395,0.029,9223,"Orinoco, River",South America,Venezuela,River,-64.4406,8.0169
2012-07-02 04:42:32,19.301,0.043,9223,"Orinoco, River",South America,Venezuela,River,-64.4406,8.0169
2012-07-12 02:41:03,19.758,0.005,9223,"Orinoco, River",South America,Venezuela,River,-64.4406,8.0169
2012-07-22 00:39:34,20.914,0.05,9223,"Orinoco, River",South America,Venezuela,River,-64.4406,8.0169
2012-07-31 22:38:05,21.482,0.006,9223,"Orinoco, River",South America,Venezuela,River,-64.4406,8.0169
2012-08-10 20:36:37,22.494,0.01,9223,"Orinoco, River",South America,Venezuela,River,-64.4406,8.0169
2012-08-20 18:35:09,22.167,0.032,9223,"Orinoco, River",South America,Venezuela,River,-64.4406,8.0169
2012-08-30 16:33:41,21.962,0.015,9223,"Orinoco, River",South America,Venezuela,River,-64.4406,8.0169
2012-09-09 14:32:13,21.925,0.007,9223,"Orinoco, River",South America,Venezuela,River,-64.4406,8.0169
2012-09-19 12:30:44,21.766,0.003,9223,"Orinoco, River",South America,Venezuela,River,-64.4406,8.0169
2012-09-29 10:29:15,20.977,0.002,9223,"Orinoco, River",South America,Venezuela,River,-64.4406,8.0169
2012-10-09 08:27:46,19.602,0.071,9223,"Orinoco, River",South America,Venezuela,River,-64.4406,8.0169
2012-10-19 06:26:17,18.604,0.074,9223,"Orinoco, River",South America,Venezuela,River,-64.4406,8.0169
2012-10-29 04:24:49,17.715,0.028,9223,"Orinoco, River",South America,Venezuela,River,-64.4406,8.0169
2012-11-08 02:23:21,16.996,0.036,9223,"Orinoco, River",South America,Venezuela,River,-64.4406,8.0169
2012-11-18 00:21:53,16.065,0.075,9223,"Orinoco, River",South America,Venezuela,River,-64.4406,8.0169
2012-11-27 22:20:25,14.946,0.016,9223,"Orinoco, River",South America,Venezuela,River,-64.4406,8.0169
2012-12-07 20:18:56,13.656,0.675,9223,"Orinoco, River",South America,Venezuela,River,-64.4406,8.0169
2012-12-17 18:17:28,12.735,0.2,9223,"Orinoco, River",South America,Venezuela,River,-64.4406,8.0169
2012-12-27 16:16:00,11.86,0.013,9223,"Orinoco, River",South America,Venezuela,River,-64.4406,8.0169
2013-01-06 14:14:32,11.624,0.073,9223,"Orinoco, River",South America,Venezuela,River,-64.4406,8.0169
2013-01-16 12:13:04,9.731,0.161,9223,"Orinoco, River",South America,Venezuela,River,-64.4406,8.0169
2013-01-26 10:11:35,9.888,0.009,9223,"Orinoco, River",South America,Venezuela,River,-64.4406,8.0169
2013-02-05 08:10:07,9.271,0.014,9223,"Orinoco, River",South America,Venezuela,River,-64.4406,8.0169
2013-02-15 06:08:38,9.361,0.05,9223,"Orinoco, River",South America,Venezuela,River,-64.4406,8.0169
2013-02-25 04:07:09,9.375,0.012,9223,"Orinoco, River",South America,Venezuela,River,-64.4406,8.0169
2013-03-07 02:05:40,9.533,0.021,9223,"Orinoco, River",South America,Venezuela,River,-64.4406,8.0169
2013-03-17 00:04:12,9.433,0.01,9223,"Orinoco, River",South America,Venezuela,River,-64.4406,8.0169
2013-04-05 20:01:16,10.515,0.017,9223,"Orinoco, River",South America,Venezuela,River,-64.4406,8.0169
2013-04-15 17:59:47,10.215,0.016,9223,"Orinoco, River",South America,Venezuela,River,-64.4406,8.0169
2013-04-25 15:58:19,10.821,0.004,9223,"Orinoco, River",South America,Venezuela,River,-64.4406,8.0169
2013-05-05 13:56:50,13.013,0.077,9223,"Orinoco, River",South America,Venezuela,River,-64.4406,8.0169
2013-05-15 11:55:21,14.075,0.018,9223,"Orinoco, River",South America,Venezuela,River,-64.4406,8.0169
2013-05-25 09:53:53,14.933,0.024,9223,"Orinoco, River",South America,Venezuela,River,-64.4406,8.0169
2013-06-04 07:52:25,16.094,0.158,9223,"Orinoco, River",South America,Venezuela,River,-64.4406,8.0169
2013-06-14 05:50:57,16.768,0.201,9223,"Orinoco, River",South America,Venezuela,River,-64.4406,8.0169
2013-06-24 03:49:29,17.544,0.03,9223,"Orinoco, River",South America,Venezuela,River,-64.4406,8.0169
2013-07-04 01:48:00,18.184,0.095,9223,"Orinoco, River",South America,Venezuela,River,-64.4406,8.0169
2013-07-13 23:46:32,18.881,0.058,9223,"Orinoco, River",South America,Venezuela,River,-64.4406,8.0169
2013-07-23 21:45:02,18.571,0.026,9223,"Orinoco, River",South America,Venezuela,River,-64.4406,8.0169
2013-08-02 19:43:33,19.727,0.021,9223,"Orinoco, River",South America,Venezuela,River,-64.4406,8.0169
2013-08-12 17:42:04,20.326,0.016,9223,"Orinoco, River",South America,Venezuela,River,-64.4406,8.0169
2013-08-22 15:40:37,19.804,0.008,9223,"Orinoco, River",South America,Venezuela,River,-64.4406,8.0169
2013-09-01 13:39:09,20.769,0.07,9223,"Orinoco, River",South America,Venezuela,River,-64.4406,8.0169
2013-09-21 09:36:12,20.528,0.001,9223,"Orinoco, River",South America,Venezuela,River,-64.4406,8.0169
2013-10-01 07:34:44,19.425,0.021,9223,"Orinoco, River",South America,Venezuela,River,-64.4406,8.0169
2013-10-11 05:33:15,19.137,0.034,9223,"Orinoco, River",South America,Venezuela,River,-64.4406,8.0169
2013-10-21 03:31:46,18.484,0.037,9223,"Orinoco, River",South America,Venezuela,River,-64.4406,8.0169
2013-10-31 01:30:18,17.214,0.03,9223,"Orinoco, River",South America,Venezuela,River,-64.4406,8.0169
2013-11-09 23:28:50,16.135,0.01,9223,"Orinoco, River",South America,Venezuela,River,-64.4406,8.0169
2013-11-19 21:27:22,15.544,0.031,9223,"Orinoco, River",South America,Venezuela,River,-64.4406,8.0169
2013-11-29 19:25:54,15.154,0.074,9223,"Orinoco, River",South America,Venezuela,River,-64.4406,8.0169
2013-12-09 17:24:25,14.915,0.005,9223,"Orinoco, River",South America,Venezuela,River,-64.4406,8.0169
2013-12-19 15:22:56,13.074,0.021,9223,"Orinoco, River",South America,Venezuela,River,-64.4406,8.0169
2013-12-29 13:21:29,12.477,0.044,9223,"Orinoco, River",South America,Venezuela,River,-64.4406,8.0169
2014-01-08 11:20:01,9.685,0.013,9223,"Orinoco, River",South America,Venezuela,River,-64.4406,8.0169
2014-01-18 09:18:33,10.392,0.589,9223,"Orinoco, River",South America,Venezuela,River,-64.4406,8.0169
2014-01-28 07:17:04,9.731,0.275,9223,"Orinoco, River",South America,Venezuela,River,-64.4406,8.0169
2014-02-07 05:15:36,9.561,0.108,9223,"Orinoco, River",South America,Venezuela,River,-64.4406,8.0169
2014-02-17 03:14:07,8.852,0.006,9223,"Orinoco, River",South America,Venezuela,River,-64.4406,8.0169
2014-02-27 01:12:37,8.516,0.003,9223,"Orinoco, River",South America,Venezuela,River,-64.4406,8.0169
2014-03-08 23:11:10,8.305,0.028,9223,"Orinoco, River",South America,Venezuela,River,-64.4406,8.0169
2014-03-18 21:09:42,8.68,0.069,9223,"Orinoco, River",South America,Venezuela,River,-64.4406,8.0169
2014-03-28 19:08:14,8.65,0.005,9223,"Orinoco, River",South America,Venezuela,River,-64.4406,8.0169
2014-04-07 17:06:45,8.869,0.079,9223,"Orinoco, River",South America,Venezuela,River,-64.4406,8.0169
2014-04-17 15:05:16,9.516,0.088,9223,"Orinoco, River",South America,Venezuela,River,-64.4406,8.0169
2014-04-27 13:03:47,10.605,0.106,9223,"Orinoco, River",South America,Venezuela,River,-64.4406,8.0169
2014-05-07 11:02:20,12.067,0.122,9223,"Orinoco, River",South America,Venezuela,River,-64.4406,8.0169
2014-05-17 09:00:52,12.982,0.037,9223,"Orinoco, River",South America,Venezuela,River,-64.4406,8.0169
2014-05-27 06:59:25,14.24,0.027,9223,"Orinoco, River",South America,Venezuela,River,-64.4406,8.0169
2014-06-06 04:57:56,14.576,0.048,9223,"Orinoco, River",South America,Venezuela,River,-64.4406,8.0169
2014-06-16 02:56:27,15.341,0.038,9223,"Orinoco, River",South America,Venezuela,River,-64.4406,8.0169
2014-06-26 00:54:58,16.704,0.006,9223,"Orinoco, River",South America,Venezuela,River,-64.4406,8.0169
2014-07-05 22:53:29,18.219,0.091,9223,"Orinoco, River",South America,Venezuela,River,-64.4406,8.0169
2014-07-15 20:52:00,19.034,0.074,9223,"Orinoco, River",South America,Venezuela,River,-64.4406,8.0169
2014-07-25 18:50:33,18.953,0.095,9223,"Orinoco, River",South America,Venezuela,River,-64.4406,8.0169
2014-08-04 16:49:05,19.774,0.004,9223,"Orinoco, River",South America,Venezuela,River,-64.4406,8.0169
2014-08-14 14:47:37,20.612,0.005,9223,"Orinoco, River",South America,Venezuela,River,-64.4406,8.0169
2014-08-24 12:46:09,21.252,0.074,9223,"Orinoco, River",South America,Venezuela,River,-64.4406,8.0169
2014-09-03 10:44:41,21.203,0.032,9223,"Orinoco, River",South America,Venezuela,River,-64.4406,8.0169
2014-09-13 08:43:12,20.389,0.02,9223,"Orinoco, River",South America,Venezuela,River,-64.4406,8.0169
2014-09-23 06:41:44,19.898,0.071,9223,"Orinoco, River",South America,Venezuela,River,-64.4406,8.0169
2014-10-03 04:40:15,20.03,0.085,9223,"Orinoco, River",South America,Venezuela,River,-64.4406,8.0169
2014-10-13 02:38:45,18.843,0.021,9223,"Orinoco, River",South America,Venezuela,River,-64.4406,8.0169
2014-10-23 00:37:17,18.604,0.0,9223,"Orinoco, River",South America,Venezuela,River,-64.4406,8.0169
2014-11-01 22:35:49,18.08,0.002,9223,"Orinoco, River",South America,Venezuela,River,-64.4406,8.0169
2014-11-11 20:34:21,17.541,0.064,9223,"Orinoco, River",South America,Venezuela,River,-64.4406,8.0169
2014-11-21 18:32:53,16.648,0.032,9223,"Orinoco, River",South America,Venezuela,River,-64.4406,8.0169
2014-12-01 16:31:24,15.905,0.087,9223,"Orinoco, River",South America,Venezuela,River,-64.4406,8.0169
2014-12-11 14:29:55,14.15,0.0,9223,"Orinoco, River",South America,Venezuela,River,-64.4406,8.0169
2014-12-21 12:28:27,12.525,0.001,9223,"Orinoco, River",South America,Venezuela,River,-64.4406,8.0169
2014-12-31 10:27:00,12.01,0.166,9223,"Orinoco, River",South America,Venezuela,River,-64.4406,8.0169
2015-01-10 08:25:32,9.716,0.041,9223,"Orinoco, River",South America,Venezuela,River,-64.4406,8.0169
2015-01-20 06:24:03,8.723,0.023,9223,"Orinoco, River",South America,Venezuela,River,-64.4406,8.0169
2015-01-30 04:22:35,9.958,0.283,9223,"Orinoco, River",South America,Venezuela,River,-64.4406,8.0169
2015-02-09 02:21:06,10.014,0.001,9223,"Orinoco, River",South America,Venezuela,River,-64.4406,8.0169
2015-02-19 00:19:37,9.312,0.024,9223,"Orinoco, River",South America,Venezuela,River,-64.4406,8.0169
2015-02-28 22:18:08,9.695,0.011,9223,"Orinoco, River",South America,Venezuela,River,-64.4406,8.0169
2015-03-10 20:16:39,9.177,0.01,9223,"Orinoco, River",South America,Venezuela,River,-64.4406,8.0169
2015-03-20 18:15:12,8.982,0.136,9223,"Orinoco, River",South America,Venezuela,River,-64.4406,8.0169
2015-03-30 16:13:45,9.496,0.014,9223,"Orinoco, River",South America,Venezuela,River,-64.4406,8.0169
2015-04-09 14:12:17,9.368,0.06,9223,"Orinoco, River",South America,Venezuela,River,-64.4406,8.0169
2015-04-19 12:10:48,9.866,0.01,9223,"Orinoco, River",South America,Venezuela,River,-64.4406,8.0169
2015-04-29 10:09:19,10.907,0.051,9223,"Orinoco, River",South America,Venezuela,River,-64.4406,8.0169
2015-05-09 08:07:50,12.077,0.057,9223,"Orinoco, River",South America,Venezuela,River,-64.4406,8.0169
2015-05-19 06:06:21,11.74,0.095,9223,"Orinoco, River",South America,Venezuela,River,-64.4406,8.0169
2015-05-29 04:04:53,13.263,0.102,9223,"Orinoco, River",South America,Venezuela,River,-64.4406,8.0169
2015-06-08 02:03:26,14.817,0.095,9223,"Orinoco, River",South America,Venezuela,River,-64.4406,8.0169
2015-06-18 00:01:58,15.802,0.069,9223,"Orinoco, River",South America,Venezuela,River,-64.4406,8.0169
2015-06-27 22:00:30,17.126,0.106,9223,"Orinoco, River",South America,Venezuela,River,-64.4406,8.0169
2015-07-07 19:59:01,17.439,0.057,9223,"Orinoco, River",South America,Venezuela,River,-64.4406,8.0169
2015-07-17 17:57:32,18.675,0.0,9223,"Orinoco, River",South America,Venezuela,River,-64.4406,8.0169
2015-07-27 15:56:04,19.798,0.205,9223,"Orinoco, River",South America,Venezuela,River,-64.4406,8.0169
2015-08-06 13:54:35,20.505,0.032,9223,"Orinoco, River",South America,Venezuela,River,-64.4406,8.0169
2015-08-16 11:53:06,21.217,0.013,9223,"Orinoco, River",South America,Venezuela,River,-64.4406,8.0169
2015-08-26 09:51:37,21.786,0.018,9223,"Orinoco, River",South America,Venezuela,River,-64.4406,8.0169
2015-09-05 07:50:08,21.545,0.039,9223,"Orinoco, River",South America,Venezuela,River,-64.4406,8.0169
2015-09-15 05:48:40,21.155,0.001,9223,"Orinoco, River",South America,Venezuela,River,-64.4406,8.0169
2015-09-25 03:47:13,20.262,0.006,9223,"Orinoco, River",South America,Venezuela,River,-64.4406,8.0169
2015-10-05 01:45:45,18.923,0.004,9223,"Orinoco, River",South America,Venezuela,River,-64.4406,8.0169
2015-10-14 23:44:17,16.226,0.051,9223,"Orinoco, River",South America,Venezuela,River,-64.4406,8.0169
2015-10-24 21:42:49,15.755,0.14,9223,"Orinoco, River",South America,Venezuela,River,-64.4406,8.0169
2015-11-03 19:41:21,14.815,0.023,9223,"Orinoco, River",South America,Venezuela,River,-64.4406,8.0169
2015-11-13 17:39:52,15.003,0.042,9223,"Orinoco, River",South America,Venezuela,River,-64.4406,8.0169
2015-11-23 15:38:24,15.065,0.041,9223,"Orinoco, River",South America,Venezuela,River,-64.4406,8.0169
2015-12-03 13:36:56,14.513,0.026,9223,"Orinoco, River",South America,Venezuela,River,-64.4406,8.0169
2015-12-13 11:35:28,13.563,0.029,9223,"Orinoco, River",South America,Venezuela,River,-64.4406,8.0169
2015-12-23 09:33:59,12.452,0.017,9223,"Orinoco, River",South America,Venezuela,River,-64.4406,8.0169
2016-01-02 07:32:30,11.202,0.233,9223,"Orinoco, River",South America,Venezuela,River,-64.4406,8.0169
2016-01-12 05:31:01,10.763,0.031,9223,"Orinoco, River",South America,Venezuela,River,-64.4406,8.0169
2016-01-22 03:29:32,9.998,0.036,9223,"Orinoco, River",South America,Venezuela,River,-64.4406,8.0169
2016-02-01 01:28:05,8.311,0.215,9223,"Orinoco, River",South America,Venezuela,River,-64.4406,8.0169
2016-02-10 23:26:37,8.472,0.084,9223,"Orinoco, River",South America,Venezuela,River,-64.4406,8.0169
2016-02-20 21:25:09,8.131,0.006,9223,"Orinoco, River",South America,Venezuela,River,-64.4406,8.0169
2016-03-01 19:23:41,8.074,0.008,9223,"Orinoco, River",South America,Venezuela,River,-64.4406,8.0169
2016-03-11 17:22:13,8.1,0.019,9223,"Orinoco, River",South America,Venezuela,River,-64.4406,8.0169
2016-03-21 15:20:44,7.652,0.061,9223,"Orinoco, River",South America,Venezuela,River,-64.4406,8.0169
2016-03-31 13:19:15,7.789,0.017,9223,"Orinoco, River",South America,Venezuela,River,-64.4406,8.0169
2016-04-10 11:17:46,7.927,0.037,9223,"Orinoco, River",South America,Venezuela,River,-64.4406,8.0169
2016-04-20 09:16:17,6.578,0.065,9223,"Orinoco, River",South America,Venezuela,River,-64.4406,8.0169
2016-04-30 07:15:51,11.813,0.003,9223,"Orinoco, River",South America,Venezuela,River,-64.4406,8.0169
2016-05-10 05:14:02,14.079,0.003,9223,"Orinoco, River",South America,Venezuela,River,-64.4406,8.0169
2016-05-20 03:12:38,15.138,0.016,9223,"Orinoco, River",South America,Venezuela,River,-64.4406,8.0169
2016-05-30 01:11:05,16.107,0.021,9223,"Orinoco, River",South America,Venezuela,River,-64.4406,8.0169
2016-06-08 23:09:37,17.152,0.028,9223,"Orinoco, River",South America,Venezuela,River,-64.4406,8.0169
2016-06-18 21:08:09,17.451,0.044,9223,"Orinoco, River",South America,Venezuela,River,-64.4406,8.0169
2016-06-28 19:06:35,18.491,0.002,9223,"Orinoco, River",South America,Venezuela,River,-64.4406,8.0169
2016-07-08 17:05:14,19.547,0.049,9223,"Orinoco, River",South America,Venezuela,River,-64.4406,8.0169
2016-07-18 15:03:31,20.504,0.016,9223,"Orinoco, River",South America,Venezuela,River,-64.4406,8.0169
2016-07-28 13:02:17,21.455,0.033,9223,"Orinoco, River",South America,Venezuela,River,-64.4406,8.0169
2016-08-07 11:00:48,22.076,0.014,9223,"Orinoco, River",South America,Venezuela,River,-64.4406,8.0169
2016-08-17 08:59:19,21.89,0.061,9223,"Orinoco, River",South America,Venezuela,River,-64.4406,8.0169
2016-08-27 06:57:50,21.746,0.006,9223,"Orinoco, River",South America,Venezuela,River,-64.4406,8.0169
2016-09-06 04:56:01,21.687,0.111,9223,"Orinoco, River",South America,Venezuela,River,-64.4406,8.0169
2016-09-16 02:54:13,21.747,0.024,9223,"Orinoco, River",South America,Venezuela,River,-64.4406,8.0169
2016-09-26 00:53:25,21.369,0.039,9223,"Orinoco, River",South America,Venezuela,River,-64.4406,8.0169
2016-10-05 22:52:38,19.6,0.122,9223,"Orinoco, River",South America,Venezuela,River,-64.4406,8.0169
2016-10-15 20:51:10,19.471,0.013,9223,"Orinoco, River",South America,Venezuela,River,-64.4406,8.0169
2016-10-25 18:49:42,18.397,0.036,9223,"Orinoco, River",South America,Venezuela,River,-64.4406,8.0169
2016-11-04 16:48:14,16.961,0.15,9223,"Orinoco, River",South America,Venezuela,River,-64.4406,8.0169
2016-11-14 14:46:46,16.309,0.008,9223,"Orinoco, River",South America,Venezuela,River,-64.4406,8.0169
2016-11-24 12:45:17,15.881,0.216,9223,"Orinoco, River",South America,Venezuela,River,-64.4406,8.0169
2016-12-04 10:43:48,15.085,0.043,9223,"Orinoco, River",South America,Venezuela,River,-64.4406,8.0169
2016-12-14 08:42:19,15.043,0.022,9223,"Orinoco, River",South America,Venezuela,River,-64.4406,8.0169
2016-12-24 06:40:50,14.246,0.053,9223,"Orinoco, River",South America,Venezuela,River,-64.4406,8.0169
2017-01-03 04:39:21,13.637,0.03,9223,"Orinoco, River",South America,Venezuela,River,-64.4406,8.0169
2017-01-13 02:37:53,13.415,0.048,9223,"Orinoco, River",South America,Venezuela,River,-64.4406,8.0169
2017-01-23 00:36:25,12.667,0.069,9223,"Orinoco, River",South America,Venezuela,River,-64.4406,8.0169
2017-02-01 22:34:57,11.1,0.091,9223,"Orinoco, River",South America,Venezuela,River,-64.4406,8.0169
2017-05-02 04:21:41,11.525,0.007,9223,"Orinoco, River",South America,Venezuela,River,-64.4406,8.0169
2017-05-12 02:20:13,14.221,0.021,9223,"Orinoco, River",South America,Venezuela,River,-64.4406,8.0169
2017-05-22 00:18:45,15.769,0.003,9223,"Orinoco, River",South America,Venezuela,River,-64.4406,8.0169
2017-05-31 22:17:17,16.259,0.099,9223,"Orinoco, River",South America,Venezuela,River,-64.4406,8.0169
2017-06-10 20:15:49,16.463,0.232,9223,"Orinoco, River",South America,Venezuela,River,-64.4406,8.0169
2017-06-20 18:14:21,18.468,0.001,9223,"Orinoco, River",South America,Venezuela,River,-64.4406,8.0169
2017-06-30 16:12:53,19.179,0.01,9223,"Orinoco, River",South America,Venezuela,River,-64.4406,8.0169
2017-07-10 14:11:24,19.358,0.105,9223,"Orinoco, River",South America,Venezuela,River,-64.4406,8.0169
2017-07-20 12:09:56,21.224,0.103,9223,"Orinoco, River",South America,Venezuela,River,-64.4406,8.0169
2017-07-30 10:08:27,21.81,0.063,9223,"Orinoco, River",South America,Venezuela,River,-64.4406,8.0169
2017-08-09 08:06:58,22.135,0.024,9223,"Orinoco, River",South America,Venezuela,River,-64.4406,8.0169
2017-08-19 06:05:30,22.191,0.042,9223,"Orinoco, River",South America,Venezuela,River,-64.4406,8.0169
2017-08-29 04:04:01,22.469,0.002,9223,"Orinoco, River",South America,Venezuela,River,-64.4406,8.0169
2017-09-08 02:02:32,21.611,0.084,9223,"Orinoco, River",South America,Venezuela,River,-64.4406,8.0169
2017-09-18 00:01:04,20.771,0.014,9223,"Orinoco, River",South America,Venezuela,River,-64.4406,8.0169
2017-09-27 21:59:36,18.83,0.129,9223,"Orinoco, River",South America,Venezuela,River,-64.4406,8.0169
2017-10-07 19:58:08,18.667,0.013,9223,"Orinoco, River",South America,Venezuela,River,-64.4406,8.0169
2017-10-17 17:56:40,16.832,0.085,9223,"Orinoco, River",South America,Venezuela,River,-64.4406,8.0169
2017-10-27 15:55:12,16.894,0.064,9223,"Orinoco, River",South America,Venezuela,River,-64.4406,8.0169
2017-11-06 13:53:43,16.839,0.065,9223,"Orinoco, River",South America,Venezuela,River,-64.4406,8.0169
2017-11-16 11:52:15,16.587,0.089,9223,"Orinoco, River",South America,Venezuela,River,-64.4406,8.0169
2017-11-26 09:50:46,14.604,0.092,9223,"Orinoco, River",South America,Venezuela,River,-64.4406,8.0169
2017-12-06 07:49:17,14.552,0.001,9223,"Orinoco, River",South America,Venezuela,River,-64.4406,8.0169
2017-12-16 05:47:48,13.304,0.002,9223,"Orinoco, River",South America,Venezuela,River,-64.4406,8.0169
2017-12-26 03:46:20,11.208,0.02,9223,"Orinoco, River",South America,Venezuela,River,-64.4406,8.0169
2018-01-05 01:44:52,11.42,0.167,9223,"Orinoco, River",South America,Venezuela,River,-64.4406,8.0169
2018-01-14 23:43:24,11.151,0.323,9223,"Orinoco, River",South America,Venezuela,River,-64.4406,8.0169
2018-05-04 01:27:10,12.326,0.028,9223,"Orinoco, River",South America,Venezuela,River,-64.4406,8.0169
2018-05-13 23:25:42,14.53,0.022,9223,"Orinoco, River",South America,Venezuela,River,-64.4406,8.0169
2018-05-23 21:24:14,15.922,0.06,9223,"Orinoco, River",South America,Venezuela,River,-64.4406,8.0169
2018-06-02 19:22:46,16.238,0.124,9223,"Orinoco, River",South America,Venezuela,River,-64.4406,8.0169
2018-06-12 17:21:17,16.79,0.029,9223,"Orinoco, River",South America,Venezuela,River,-64.4406,8.0169
2018-06-22 15:19:49,18.052,0.025,9223,"Orinoco, River",South America,Venezuela,River,-64.4406,8.0169
2018-07-02 13:18:21,20.634,0.007,9223,"Orinoco, River",South America,Venezuela,River,-64.4406,8.0169
2018-07-12 11:16:52,20.046,0.024,9223,"Orinoco, River",South America,Venezuela,River,-64.4406,8.0169
2018-07-22 09:15:23,21.626,0.03,9223,"Orinoco, River",South America,Venezuela,River,-64.4406,8.0169
2018-08-01 07:13:54,21.934,0.034,9223,"Orinoco, River",South America,Venezuela,River,-64.4406,8.0169
2018-08-21 03:10:56,22.832,0.004,9223,"Orinoco, River",South America,Venezuela,River,-64.4406,8.0169
2018-09-19 21:06:32,20.905,0.1,9223,"Orinoco, River",South America,Venezuela,River,-64.4406,8.0169
2018-09-29 19:05:04,21.209,0.136,9223,"Orinoco, River",South America,Venezuela,River,-64.4406,8.0169
2018-10-09 17:03:36,20.611,0.016,9223,"Orinoco, River",South America,Venezuela,River,-64.4406,8.0169
2018-10-19 15:02:08,19.491,0.007,9223,"Orinoco, River",South America,Venezuela,River,-64.4406,8.0169
2018-10-29 13:00:40,17.956,0.082,9223,"Orinoco, River",South America,Venezuela,River,-64.4406,8.0169
2018-11-08 10:59:11,16.2,0.167,9223,"Orinoco, River",South America,Venezuela,River,-64.4406,8.0169
2018-11-18 08:57:42,15.323,0.072,9223,"Orinoco, River",South America,Venezuela,River,-64.4406,8.0169
2018-11-28 06:56:13,14.451,0.078,9223,"Orinoco, River",South America,Venezuela,River,-64.4406,8.0169
2018-12-08 04:54:44,14.392,0.08,9223,"Orinoco, River",South America,Venezuela,River,-64.4406,8.0169
2018-12-18 02:53:15,12.944,0.121,9223,"Orinoco, River",South America,Venezuela,River,-64.4406,8.0169
2018-12-28 00:51:47,11.883,0.023,9223,"Orinoco, River",South America,Venezuela,River,-64.4406,8.0169
2019-01-06 22:50:19,11.103,0.017,9223,"Orinoco, River",South America,Venezuela,River,-64.4406,8.0169
2019-01-16 20:48:51,11.107,0.393,9223,"Orinoco, River",South America,Venezuela,River,-64.4406,8.0169
2019-05-05 22:32:37,11.126,0.099,9223,"Orinoco, River",South America,Venezuela,River,-64.4406,8.0169
2019-05-15 20:31:09,12.5,0.015,9223,"Orinoco, River",South America,Venezuela,River,-64.4406,8.0169
2019-05-25 18:29:41,13.825,0.122,9223,"Orinoco, River",South America,Venezuela,River,-64.4406,8.0169
2019-06-04 16:28:13,15.26,0.153,9223,"Orinoco, River",South America,Venezuela,River,-64.4406,8.0169
2019-06-14 14:26:45,15.722,0.057,9223,"Orinoco, River",South America,Venezuela,River,-64.4406,8.0169
2019-06-24 12:25:17,16.383,0.032,9223,"Orinoco, River",South America,Venezuela,River,-64.4406,8.0169
2019-07-04 10:23:48,17.126,0.099,9223,"Orinoco, River",South America,Venezuela,River,-64.4406,8.0169
2019-07-14 08:22:19,19.054,0.035,9223,"Orinoco, River",South America,Venezuela,River,-64.4406,8.0169
2019-07-24 06:20:50,19.675,0.108,9223,"Orinoco, River",South America,Venezuela,River,-64.4406,8.0169
2019-08-03 04:19:20,21.344,0.017,9223,"Orinoco, River",South America,Venezuela,River,-64.4406,8.0169
2019-08-13 02:17:52,21.088,0.143,9223,"Orinoco, River",South America,Venezuela,River,-64.4406,8.0169
2019-08-23 00:16:24,22.416,0.07,9223,"Orinoco, River",South America,Venezuela,River,-64.4406,8.0169
2019-09-01 22:14:55,22.395,0.02,9223,"Orinoco, River",South America,Venezuela,River,-64.4406,8.0169
2019-09-11 20:13:27,22.083,0.015,9223,"Orinoco, River",South America,Venezuela,River,-64.4406,8.0169
2019-09-21 18:11:59,20.756,0.033,9223,"Orinoco, River",South America,Venezuela,River,-64.4406,8.0169
2019-10-01 16:10:31,19.149,0.027,9223,"Orinoco, River",South America,Venezuela,River,-64.4406,8.0169
2019-10-11 14:09:02,18.078,0.017,9223,"Orinoco, River",South America,Venezuela,River,-64.4406,8.0169
2019-10-21 12:07:34,16.837,0.063,9223,"Orinoco, River",South America,Venezuela,River,-64.4406,8.0169
2019-10-31 10:06:05,16.787,0.083,9223,"Orinoco, River",South America,Venezuela,River,-64.4406,8.0169
2019-11-10 08:04:36,16.365,0.045,9223,"Orinoco, River",South America,Venezuela,River,-64.4406,8.0169
2019-11-20 06:03:06,15.633,0.02,9223,"Orinoco, River",South America,Venezuela,River,-64.4406,8.0169
2019-11-30 04:01:37,15.339,0.078,9223,"Orinoco, River",South America,Venezuela,River,-64.4406,8.0169
2019-12-10 02:00:09,13.777,0.017,9223,"Orinoco, River",South America,Venezuela,River,-64.4406,8.0169
2019-12-19 23:58:41,12.823,0.014,9223,"Orinoco, River",South America,Venezuela,River,-64.4406,8.0169
2019-12-29 21:57:12,13.475,0.632,9223,"Orinoco, River",South America,Venezuela,River,-64.4406,8.0169
2020-01-08 19:55:44,12.598,0.886,9223,"Orinoco, River",South America,Venezuela,River,-64.4406,8.0169
2020-01-18 17:54:16,11.638,0.025,9223,"Orinoco, River",South America,Venezuela,River,-64.4406,8.0169
2020-01-28 15:52:48,11.052,0.01,9223,"Orinoco, River",South America,Venezuela,River,-64.4406,8.0169
2020-05-16 17:36:35,11.165,0.007,9223,"Orinoco, River",South America,Venezuela,River,-64.4406,8.0169
2020-05-26 15:35:07,11.171,0.037,9223,"Orinoco, River",South America,Venezuela,River,-64.4406,8.0169
2020-06-05 13:33:39,13.901,0.344,9223,"Orinoco, River",South America,Venezuela,River,-64.4406,8.0169
2020-06-15 11:32:10,14.094,0.183,9223,"Orinoco, River",South America,Venezuela,River,-64.4406,8.0169
2020-06-25 09:30:41,15.23,0.003,9223,"Orinoco, River",South America,Venezuela,River,-64.4406,8.0169
2020-07-05 07:29:12,16.817,0.004,9223,"Orinoco, River",South America,Venezuela,River,-64.4406,8.0169
2020-07-15 05:27:43,17.898,0.034,9223,"Orinoco, River",South America,Venezuela,River,-64.4406,8.0169
2020-07-25 03:26:14,17.74,0.4,9223,"Orinoco, River",South America,Venezuela,River,-64.4406,8.0169
2020-08-04 01:24:46,19.697,0.028,9223,"Orinoco, River",South America,Venezuela,River,-64.4406,8.0169
2020-08-13 23:23:18,19.566,0.001,9223,"Orinoco, River",South America,Venezuela,River,-64.4406,8.0169
2020-08-23 21:21:49,19.503,0.143,9223,"Orinoco, River",South America,Venezuela,River,-64.4406,8.0169
2020-09-02 19:20:21,19.679,0.011,9223,"Orinoco, River",South America,Venezuela,River,-64.4406,8.0169
2020-09-12 17:18:53,19.326,0.004,9223,"Orinoco, River",South America,Venezuela,River,-64.4406,8.0169
2020-09-22 15:17:25,17.067,0.01,9223,"Orinoco, River",South America,Venezuela,River,-64.4406,8.0169
2020-10-02 13:15:56,16.613,0.075,9223,"Orinoco, River",South America,Venezuela,River,-64.4406,8.0169
2020-10-12 11:14:27,16.224,0.019,9223,"Orinoco, River",South America,Venezuela,River,-64.4406,8.0169
2020-10-22 09:12:58,16.092,0.064,9223,"Orinoco, River",South America,Venezuela,River,-64.4406,8.0169
2020-11-01 07:11:29,15.605,0.032,9223,"Orinoco, River",South America,Venezuela,River,-64.4406,8.0169
2020-11-11 05:10:01,15.203,0.021,9223,"Orinoco, River",South America,Venezuela,River,-64.4406,8.0169
2020-11-21 03:08:33,15.583,0.086,9223,"Orinoco, River",South America,Venezuela,River,-64.4406,8.0169
2020-12-01 01:07:05,15.96,0.057,9223,"Orinoco, River",South America,Venezuela,River,-64.4406,8.0169
2020-12-10 23:05:36,15.871,0.066,9223,"Orinoco, River",South America,Venezuela,River,-64.4406,8.0169
2020-12-20 21:04:07,15.222,0.144,9223,"Orinoco, River",South America,Venezuela,River,-64.4406,8.0169
2020-12-30 19:02:54,12.928,0.053,9223,"Orinoco, River",South America,Venezuela,River,-64.4406,8.0169
2021-01-09 17:01:28,14.851,0.269,9223,"Orinoco, River",South America,Venezuela,River,-64.4406,8.0169
2021-01-19 14:59:54,14.904,0.044,9223,"Orinoco, River",South America,Venezuela,River,-64.4406,8.0169
2021-01-29 12:58:31,12.004,0.0,9223,"Orinoco, River",South America,Venezuela,River,-64.4406,8.0169
2021-02-08 10:57:08,11.233,0.013,9223,"Orinoco, River",South America,Venezuela,River,-64.4406,8.0169
2021-02-18 08:55:35,10.349,0.016,9223,"Orinoco, River",South America,Venezuela,River,-64.4406,8.0169
2021-02-28 06:54:17,10.589,0.009,9223,"Orinoco, River",South America,Venezuela,River,-64.4406,8.0169
2021-03-10 04:52:49,9.264,0.008,9223,"Orinoco, River",South America,Venezuela,River,-64.4406,8.0169
2021-03-20 02:51:20,9.861,0.07,9223,"Orinoco, River",South America,Venezuela,River,-64.4406,8.0169
2021-03-30 00:49:52,10.571,0.06,9223,"Orinoco, River",South America,Venezuela,River,-64.4406,8.0169
2021-04-08 22:48:08,11.294,0.003,9223,"Orinoco, River",South America,Venezuela,River,-64.4406,8.0169
2021-04-18 20:46:55,12.943,0.031,9223,"Orinoco, River",South America,Venezuela,River,-64.4406,8.0169
2021-04-28 18:45:23,10.232,0.05,9223,"Orinoco, River",South America,Venezuela,River,-64.4406,8.0169
2021-05-08 16:43:43,14.239,0.046,9223,"Orinoco, River",South America,Venezuela,River,-64.4406,8.0169
2021-05-18 14:42:15,15.991,0.004,9223,"Orinoco, River",South America,Venezuela,River,-64.4406,8.0169
2021-05-28 12:40:47,16.692,0.014,9223,"Orinoco, River",South America,Venezuela,River,-64.4406,8.0169
2021-06-07 10:39:19,17.792,0.01,9223,"Orinoco, River",South America,Venezuela,River,-64.4406,8.0169
2021-06-17 08:37:50,18.393,0.159,9223,"Orinoco, River",South America,Venezuela,River,-64.4406,8.0169
2021-06-27 06:36:22,19.254,0.004,9223,"Orinoco, River",South America,Venezuela,River,-64.4406,8.0169
2021-07-07 04:34:55,19.437,0.047,9223,"Orinoco, River",South America,Venezuela,River,-64.4406,8.0169
2021-07-17 02:33:24,20.435,0.078,9223,"Orinoco, River",South America,Venezuela,River,-64.4406,8.0169
2021-07-27 00:31:55,21.715,0.001,9223,"Orinoco, River",South America,Venezuela,River,-64.4406,8.0169
2021-08-05 22:30:27,22.492,0.0,9223,"Orinoco, River",South America,Venezuela,River,-64.4406,8.0169
2021-08-15 20:28:58,22.856,0.0,9223,"Orinoco, River",South America,Venezuela,River,-64.4406,8.0169
2021-08-25 18:27:30,22.016,0.004,9223,"Orinoco, River",South America,Venezuela,River,-64.4406,8.0169
2021-09-04 16:26:04,22.705,0.007,9223,"Orinoco, River",South America,Venezuela,River,-64.4406,8.0169
2021-09-14 14:24:19,21.067,0.025,9223,"Orinoco, River",South America,Venezuela,River,-64.4406,8.0169
2021-09-24 12:23:14,20.815,0.018,9223,"Orinoco, River",South America,Venezuela,River,-64.4406,8.0169
2021-10-04 10:21:36,19.809,0.029,9223,"Orinoco, River",South America,Venezuela,River,-64.4406,8.0169
2021-10-14 08:20:07,19.317,0.004,9223,"Orinoco, River",South America,Venezuela,River,-64.4406,8.0169
2021-10-24 06:18:39,18.623,0.034,9223,"Orinoco, River",South America,Venezuela,River,-64.4406,8.0169
2021-11-03 04:17:10,17.691,0.031,9223,"Orinoco, River",South America,Venezuela,River,-64.4406,8.0169
2021-11-13 02:15:41,16.992,0.013,9223,"Orinoco, River",South America,Venezuela,River,-64.4406,8.0169
2021-11-23 00:14:13,15.841,0.006,9223,"Orinoco, River",South America,Venezuela,River,-64.4406,8.0169
2021-12-02 22:12:45,14.014,0.137,9223,"Orinoco, River",South America,Venezuela,River,-64.4406,8.0169
2021-12-12 20:11:03,14.826,0.028,9223,"Orinoco, River",South America,Venezuela,River,-64.4406,8.0169
2021-12-22 18:09:44,13.106,0.021,9223,"Orinoco, River",South America,Venezuela,River,-64.4406,8.0169
2022-01-01 16:08:23,12.074,0.009,9223,"Orinoco, River",South America,Venezuela,River,-64.4406,8.0169
2022-01-11 14:06:52,11.295,0.002,9223,"Orinoco, River",South America,Venezuela,River,-64.4406,8.0169
2022-01-21 12:05:38,10.562,0.062,9223,"Orinoco, River",South America,Venezuela,River,-64.4406,8.0169
2022-01-31 10:04:10,10.028,0.028,9223,"Orinoco, River",South America,Venezuela,River,-64.4406,8.0169
2022-02-10 08:02:41,9.805,0.004,9223,"Orinoco, River",South America,Venezuela,River,-64.4406,8.0169
2022-02-20 06:01:11,9.215,0.018,9223,"Orinoco, River",South America,Venezuela,River,-64.4406,8.0169
2022-03-02 03:59:42,9.621,0.091,9223,"Orinoco, River",South America,Venezuela,River,-64.4406,8.0169
2022-03-12 01:58:14,10.151,0.017,9223,"Orinoco, River",South America,Venezuela,River,-64.4406,8.0169
2022-03-21 23:56:32,11.344,0.003,9223,"Orinoco, River",South America,Venezuela,River,-64.4406,8.0169
2022-03-31 21:55:05,11.613,0.014,9223,"Orinoco, River",South America,Venezuela,River,-64.4406,8.0169
2022-04-10 19:53:49,11.122,0.028,9223,"Orinoco, River",South America,Venezuela,River,-64.4406,8.0169
2022-04-20 17:52:21,11.234,0.108,9223,"Orinoco, River",South America,Venezuela,River,-64.4406,8.0169
2022-04-30 15:50:52,14.09,0.075,9223,"Orinoco, River",South America,Venezuela,River,-64.4406,8.0169
2022-05-10 13:49:24,13.901,0.015,9223,"Orinoco, River",South America,Venezuela,River,-64.4406,8.0169
2022-05-20 11:47:55,15.265,0.112,9223,"Orinoco, River",South America,Venezuela,River,-64.4406,8.0169
2022-05-30 09:46:26,16.87,0.001,9223,"Orinoco, River",South America,Venezuela,River,-64.4406,8.0169
2022-06-09 07:44:57,17.544,0.083,9223,"Orinoco, River",South America,Venezuela,River,-64.4406,8.0169
2022-06-19 05:43:28,18.991,0.075,9223,"Orinoco, River",South America,Venezuela,River,-64.4406,8.0169
2022-06-29 03:42:00,20.337,0.002,9223,"Orinoco, River",South America,Venezuela,River,-64.4406,8.0169
2022-07-09 01:40:33,19.859,0.233,9223,"Orinoco, River",South America,Venezuela,River,-64.4406,8.0169
2022-07-18 23:39:05,21.52,0.003,9223,"Orinoco, River",South America,Venezuela,River,-64.4406,8.0169
2022-07-28 21:37:36,22.056,0.004,9223,"Orinoco, River",South America,Venezuela,River,-64.4406,8.0169
2022-08-07 19:36:08,22.094,0.207,9223,"Orinoco, River",South America,Venezuela,River,-64.4406,8.0169
2022-08-17 17:34:39,21.934,0.013,9223,"Orinoco, River",South America,Venezuela,River,-64.4406,8.0169
2022-08-27 15:33:11,21.943,0.045,9223,"Orinoco, River",South America,Venezuela,River,-64.4406,8.0169
2022-09-06 13:31:43,22.564,0.001,9223,"Orinoco, River",South America,Venezuela,River,-64.4406,8.0169
2022-09-16 11:30:14,21.663,0.063,9223,"Orinoco, River",South America,Venezuela,River,-64.4406,8.0169
2022-09-26 09:28:45,21.069,0.028,9223,"Orinoco, River",South America,Venezuela,River,-64.4406,8.0169
2022-10-06 07:27:16,19.786,0.05,9223,"Orinoco, River",South America,Venezuela,River,-64.4406,8.0169
2022-10-16 05:25:47,18.981,0.022,9223,"Orinoco, River",South America,Venezuela,River,-64.4406,8.0169
2022-10-26 03:24:20,17.211,0.132,9223,"Orinoco, River",South America,Venezuela,River,-64.4406,8.0169
2022-11-05 01:22:52,18.183,0.003,9223,"Orinoco, River",South America,Venezuela,River,-64.4406,8.0169
2022-11-14 23:21:25,18.338,0.005,9223,"Orinoco, River",South America,Venezuela,River,-64.4406,8.0169
2022-11-24 21:19:57,17.196,0.027,9223,"Orinoco, River",South America,Venezuela,River,-64.4406,8.0169
2022-12-04 19:18:29,16.892,0.035,9223,"Orinoco, River",South America,Venezuela,River,-64.4406,8.0169
2022-12-14 17:17:00,16.174,0.046,9223,"Orinoco, River",South America,Venezuela,River,-64.4406,8.0169
2022-12-24 15:15:31,15.334,0.002,9223,"Orinoco, River",South America,Venezuela,River,-64.4406,8.0169
2023-01-03 13:14:01,11.578,0.075,9223,"Orinoco, River",South America,Venezuela,River,-64.4406,8.0169
2023-01-13 11:12:32,11.451,0.078,9223,"Orinoco, River",South America,Venezuela,River,-64.4406,8.0169
2023-01-23 09:11:03,11.044,0.055,9223,"Orinoco, River",South America,Venezuela,River,-64.4406,8.0169
2023-02-02 07:09:36,10.906,0.033,9223,"Orinoco, River",South America,Venezuela,River,-64.4406,8.0169
2023-02-12 05:08:08,10.248,0.01,9223,"Orinoco, River",South America,Venezuela,River,-64.4406,8.0169
2023-02-22 03:06:40,10.074,0.001,9223,"Orinoco, River",South America,Venezuela,River,-64.4406,8.0169
2023-03-04 01:05:12,9.798,0.032,9223,"Orinoco, River",South America,Venezuela,River,-64.4406,8.0169
2023-03-23 21:02:16,10.47,0.079,9223,"Orinoco, River",South America,Venezuela,River,-64.4406,8.0169
2023-04-02 19:00:47,10.299,0.094,9223,"Orinoco, River",South America,Venezuela,River,-64.4406,8.0169
2023-04-12 16:59:18,10.257,0.001,9223,"Orinoco, River",South America,Venezuela,River,-64.4406,8.0169
2023-04-22 14:57:50,10.565,0.001,9223,"Orinoco, River",South America,Venezuela,River,-64.4406,8.0169
2023-05-02 12:56:21,11.362,0.116,9223,"Orinoco, River",South America,Venezuela,River,-64.4406,8.0169
2023-05-12 10:54:52,11.862,0.017,9223,"Orinoco, River",South America,Venezuela,River,-64.4406,8.0169
2023-05-22 08:53:22,13.07,0.045,9223,"Orinoco, River",South America,Venezuela,River,-64.4406,8.0169
2023-06-01 06:51:54,15.378,0.026,9223,"Orinoco, River",South America,Venezuela,River,-64.4406,8.0169
2023-06-11 04:50:26,16.125,0.019,9223,"Orinoco, River",South America,Venezuela,River,-64.4406,8.0169
2023-06-21 02:48:58,18.193,0.002,9223,"Orinoco, River",South America,Venezuela,River,-64.4406,8.0169
2023-07-01 00:47:30,19.228,0.006,9223,"Orinoco, River",South America,Venezuela,River,-64.4406,8.0169
2023-07-10 22:46:01,19.261,0.017,9223,"Orinoco, River",South America,Venezuela,River,-64.4406,8.0169
2023-07-20 20:44:32,19.615,0.003,9223,"Orinoco, River",South America,Venezuela,River,-64.4406,8.0169
2023-07-30 18:43:04,20.901,0.002,9223,"Orinoco, River",South America,Venezuela,River,-64.4406,8.0169
2023-08-09 16:41:36,21.329,0.006,9223,"Orinoco, River",South America,Venezuela,River,-64.4406,8.0169
2023-08-19 14:40:08,21.312,0.002,9223,"Orinoco, River",South America,Venezuela,River,-64.4406,8.0169
2023-08-29 12:38:40,20.774,0.07,9223,"Orinoco, River",South America,Venezuela,River,-64.4406,8.0169
2023-09-08 10:37:12,19.725,0.035,9223,"Orinoco, River",South America,Venezuela,River,-64.4406,8.0169
2023-09-18 08:35:44,17.507,0.033,9223,"Orinoco, River",South America,Venezuela,River,-64.4406,8.0169
2023-09-28 06:34:15,17.4,0.006,9223,"Orinoco, River",South America,Venezuela,River,-64.4406,8.0169
2023-10-08 04:32:47,15.648,0.016,9223,"Orinoco, River",South America,Venezuela,River,-64.4406,8.0169
2023-10-18 02:31:19,13.169,0.073,9223,"Orinoco, River",South America,Venezuela,River,-64.4406,8.0169
2023-10-28 00:29:50,12.812,0.219,9223,"Orinoco, River",South America,Venezuela,River,-64.4406,8.0169
2023-11-06 22:28:21,13.618,0.129,9223,"Orinoco, River",South America,Venezuela,River,-64.4406,8.0169
2023-11-16 20:26:52,13.723,0.084,9223,"Orinoco, River",South America,Venezuela,River,-64.4406,8.0169
2023-11-26 18:25:22,15.865,0.077,9223,"Orinoco, River",South America,Venezuela,River,-64.4406,8.0169
2023-12-06 16:23:55,15.693,0.065,9223,"Orinoco, River",South America,Venezuela,River,-64.4406,8.0169
2023-12-16 14:22:27,11.21,0.019,9223,"Orinoco, River",South America,Venezuela,River,-64.4406,8.0169
2023-12-26 12:20:59,10.838,0.103,9223,"Orinoco, River",South America,Venezuela,River,-64.4406,8.0169
2024-01-05 10:19:31,10.703,0.099,9223,"Orinoco, River",South America,Venezuela,River,-64.4406,8.0169
2024-01-15 08:18:02,10.36,0.068,9223,"Orinoco, River",South America,Venezuela,River,-64.4406,8.0169
2024-01-25 06:16:34,9.99,0.034,9223,"Orinoco, River",South America,Venezuela,River,-64.4406,8.0169
2024-02-04 04:15:05,9.316,0.05,9223,"Orinoco, River",South America,Venezuela,River,-64.4406,8.0169
2024-02-14 02:13:37,8.902,0.024,9223,"Orinoco, River",South America,Venezuela,River,-64.4406,8.0169
2024-02-24 00:12:08,9.435,0.001,9223,"Orinoco, River",South America,Venezuela,River,-64.4406,8.0169
2024-03-04 22:10:39,8.995,0.011,9223,"Orinoco, River",South America,Venezuela,River,-64.4406,8.0169
2024-03-14 20:09:11,8.724,0.021,9223,"Orinoco, River",South America,Venezuela,River,-64.4406,8.0169
2024-03-24 18:07:44,8.418,0.048,9223,"Orinoco, River",South America,Venezuela,River,-64.4406,8.0169
2024-04-03 16:06:16,8.534,0.025,9223,"Orinoco, River",South America,Venezuela,River,-64.4406,8.0169
2024-04-13 14:04:48,9.161,0.015,9223,"Orinoco, River",South America,Venezuela,River,-64.4406,8.0169
2024-04-23 12:03:19,9.728,0.018,9223,"Orinoco, River",South America,Venezuela,River,-64.4406,8.0169
2024-05-03 10:01:51,10.198,0.085,9223,"Orinoco, River",South America,Venezuela,River,-64.4406,8.0169
2024-05-13 08:00:22,11.728,0.034,9223,"Orinoco, River",South America,Venezuela,River,-64.4406,8.0169
2024-05-23 05:58:53,14.105,0.01,9223,"Orinoco, River",South America,Venezuela,River,-64.4406,8.0169
2024-06-02 03:57:24,16.191,0.014,9223,"Orinoco, River",South America,Venezuela,River,-64.4406,8.0169
2024-06-12 01:55:57,17.244,0.042,9223,"Orinoco, River",South America,Venezuela,River,-64.4406,8.0169
2024-06-21 23:54:29,18.287,0.041,9223,"Orinoco, River",South America,Venezuela,River,-64.4406,8.0169
2024-07-01 21:53:01,19.649,0.155,9223,"Orinoco, River",South America,Venezuela,River,-64.4406,8.0169
2024-07-11 19:51:33,19.812,0.022,9223,"Orinoco, River",South America,Venezuela,River,-64.4406,8.0169
2024-07-21 17:50:05,20.912,0.085,9223,"Orinoco, River",South America,Venezuela,River,-64.4406,8.0169
2024-07-31 15:48:36,22.679,0.001,9223,"Orinoco, River",South America,Venezuela,River,-64.4406,8.0169
2024-08-10 13:47:08,22.69,0.0,9223,"Orinoco, River",South America,Venezuela,River,-64.4406,8.0169
2024-08-20 11:45:39,21.797,0.017,9223,"Orinoco, River",South America,Venezuela,River,-64.4406,8.0169
2024-08-30 09:44:10,20.997,0.034,9223,"Orinoco, River",South America,Venezuela,River,-64.4406,8.0169
2024-09-09 07:42:41,20.561,0.01,9223,"Orinoco, River",South America,Venezuela,River,-64.4406,8.0169
2024-09-19 05:41:12,19.548,0.016,9223,"Orinoco, River",South America,Venezuela,River,-64.4406,8.0169
2024-09-29 03:39:44,17.575,0.019,9223,"Orinoco, River",South America,Venezuela,River,-64.4406,8.0169
2024-10-09 01:38:17,16.274,0.022,9223,"Orinoco, River",South America,Venezuela,River,-64.4406,8.0169
2024-10-18 23:36:49,15.467,0.0,9223,"Orinoco, River",South America,Venezuela,River,-64.4406,8.0169
2024-10-28 21:35:21,14.66,0.008,9223,"Orinoco, River",South America,Venezuela,River,-64.4406,8.0169
2024-11-07 19:33:52,13.341,0.02,9223,"Orinoco, River",South America,Venezuela,River,-64.4406,8.0169
2024-11-17 17:32:24,12.954,0.008,9223,"Orinoco, River",South America,Venezuela,River,-64.4406,8.0169
2024-11-27 15:30:55,13.98,0.207,9223,"Orinoco, River",South America,Venezuela,River,-64.4406,8.0169
2024-12-07 13:29:25,16.145,0.02,9223,"Orinoco, River",South America,Venezuela,River,-64.4406,8.0169
2024-12-17 11:27:57,12.61,0.012,9223,"Orinoco, River",South America,Venezuela,River,-64.4406,8.0169
2024-12-27 09:26:29,11.16,0.002,9223,"Orinoco, River",South America,Venezuela,River,-64.4406,8.0169
2025-01-06 07:25:01,11.78,0.009,9223,"Orinoco, River",South America,Venezuela,River,-64.4406,8.0169
2025-01-16 05:23:33,12.174,0.016,9223,"Orinoco, River",South America,Venezuela,River,-64.4406,8.0169
2025-01-26 03:22:06,10.597,0.019,9223,"Orinoco, River",South America,Venezuela,River,-64.4406,8.0169
2025-02-05 01:20:37,9.987,0.033,9223,"Orinoco, River",South America,Venezuela,River,-64.4406,8.0169
2025-02-14 23:19:09,9.795,0.098,9223,"Orinoco, River",South America,Venezuela,River,-64.4406,8.0169
2025-02-24 21:17:40,9.711,0.01,9223,"Orinoco, River",South America,Venezuela,River,-64.4406,8.0169
2025-03-06 19:16:11,9.809,0.028,9223,"Orinoco, River",South America,Venezuela,River,-64.4406,8.0169
2025-03-16 17:14:42,9.416,0.008,9223,"Orinoco, River",South America,Venezuela,River,-64.4406,8.0169
2025-03-26 15:13:14,9.892,0.091,9223,"Orinoco, River",South America,Venezuela,River,-64.4406,8.0169
2025-04-05 13:11:47,10.754,0.039,9223,"Orinoco, River",South America,Venezuela,River,-64.4406,8.0169
2025-04-15 11:10:19,11.916,0.315,9223,"Orinoco, River",South America,Venezuela,River,-64.4406,8.0169
2025-04-25 09:08:50,12.334,0.034,9223,"Orinoco, River",South America,Venezuela,River,-64.4406,8.0169
2025-05-05 07:07:22,13.755,0.021,9223,"Orinoco, River",South America,Venezuela,River,-64.4406,8.0169
2025-05-15 05:05:54,15.052,0.003,9223,"Orinoco, River",South America,Venezuela,River,-64.4406,8.0169
2025-05-25 03:04:25,15.812,0.134,9223,"Orinoco, River",South America,Venezuela,River,-64.4406,8.0169
2025-06-04 01:02:56,17.021,0.037,9223,"Orinoco, River",South America,Venezuela,River,-64.4406,8.0169
2025-06-13 23:01:27,17.674,0.015,9223,"Orinoco, River",South America,Venezuela,River,-64.4406,8.0169
2025-06-23 20:59:59,20.131,0.041,9223,"Orinoco, River",South America,Venezuela,River,-64.4406,8.0169
2025-07-03 18:58:31,20.706,0.108,9223,"Orinoco, River",South America,Venezuela,River,-64.4406,8.0169
2025-07-13 16:57:03,22.379,0.093,9223,"Orinoco, River",South America,Venezuela,River,-64.4406,8.0169
2025-07-23 14:55:35,22.57,0.004,9223,"Orinoco, River",South America,Venezuela,River,-64.4406,8.0169
2025-08-02 12:54:06,23.065,0.029,9223,"Orinoco, River",South America,Venezuela,River,-64.4406,8.0169
2025-08-22 08:51:09,22.965,0.062,9223,"Orinoco, River",South America,Venezuela,River,-64.4406,8.0169
2025-09-01 06:49:41,22.889,0.007,9223,"Orinoco, River",South America,Venezuela,River,-64.4406,8.0169
2025-09-11 04:48:13,22.16,0.102,9223,"Orinoco, River",South America,Venezuela,River,-64.4406,8.0169
2025-09-21 02:46:44,22.303,0.038,9223,"Orinoco, River",South America,Venezuela,River,-64.4406,8.0169
2025-10-01 00:45:15,21.847,0.003,9223,"Orinoco, River",South America,Venezuela,River,-64.4406,8.0169
2025-10-10 22:43:46,20.734,0.007,9223,"Orinoco, River",South America,Venezuela,River,-64.4406,8.0169
2025-10-20 20:42:18,19.641,0.002,9223,"Orinoco, River",South America,Venezuela,River,-64.4406,8.0169
2025-10-30 18:40:50,18.524,0.0,9223,"Orinoco, River",South America,Venezuela,River,-64.4406,8.0169
2025-11-09 16:39:23,16.907,0.034,9223,"Orinoco, River",South America,Venezuela,River,-64.4406,8.0169
2025-11-19 14:37:55,15.974,0.02,9223,"Orinoco, River",South America,Venezuela,River,-64.4406,8.0169
2025-11-29 12:36:26,15.551,0.017,9223,"Orinoco, River",South America,Venezuela,River,-64.4406,8.0169
